{
  "Actual Rows": 1,
  "Postgres Estimated Plan Time": 5832.632729604458,
  "Our Estimated Plan Time": 5325.214710074964,
  "Postgres Weighted Qerror": 1.3384110964529559,
  "Actual Loops": 1,
  "Our Weighted Qerror": 1.3384110964529559,
  "Our Estimated Time": 0.0022430534264876,
  "Actual Time": 0.05700000000069849,
  "Nodes": [
    {
      "Actual Rows": 14,
      "Our Estimated Time": 0.004104565515201599,
      "Actual Time": 0.04399999999986903,
      "Nodes": [
        {
          "Actual Rows": 38,
          "Our Estimated Time": 6.0728203092555475,
          "Actual Time": 28.197000000000116,
          "Nodes": [
            {
              "Actual Rows": 29997,
              "Our Estimated Time": 12.289830340383311,
              "Actual Time": 28.25,
              "Postgres Estimated Time": 12.289830340383311,
              "Node Type": "Seq Scan",
              "Our Qerror": 1.0,
              "Postgres Qerror": 1.0,
              "Actual Loops": 1
            },
            {
              "Actual Rows": 2,
              "Our Estimated Time": 2.6157384,
              "Actual Time": 9.295000000000073,
              "Nodes": [
                {
                  "Actual Rows": 2,
                  "Our Estimated Time": 0.0002394636450288,
                  "Actual Time": 0.006999999999607098,
                  "Nodes": [
                    {
                      "Actual Rows": 2,
                      "Our Estimated Time": 14.661727363645028,
                      "Actual Time": 16.712000000000444,
                      "Nodes": [
                        {
                          "Actual Rows": 48302,
                          "Our Estimated Time": 171.26483406606363,
                          "Actual Time": 145.486,
                          "Postgres Estimated Time": 171.26483406606363,
                          "Node Type": "Seq Scan",
                          "Our Qerror": 1.0,
                          "Postgres Qerror": 1.0,
                          "Actual Loops": 1
                        },
                        {
                          "Actual Rows": 3,
                          "Our Estimated Time": 6.317901600000001,
                          "Actual Time": 26.365999999999985,
                          "Nodes": [
                            {
                              "Actual Rows": 3,
                              "Our Estimated Time": 128.70005444546754,
                              "Actual Time": 704.0149999999994,
                              "Nodes": [
                                {
                                  "Actual Rows": 1271989,
                                  "Our Estimated Time": 1063.3031890477766,
                                  "Actual Time": 718.57,
                                  "Postgres Estimated Time": 1063.3031890477766,
                                  "Node Type": "Seq Scan",
                                  "Our Qerror": 1.0633031890477767,
                                  "Postgres Qerror": 1.0633031890477767,
                                  "Actual Loops": 1
                                },
                                {
                                  "Actual Rows": 1,
                                  "Our Estimated Time": 55.458720400000004,
                                  "Actual Time": 0,
                                  "Nodes": [
                                    {
                                      "Actual Rows": 1,
                                      "Our Estimated Time": 38.40455702182252,
                                      "Actual Time": 44.233000000000175,
                                      "Nodes": [
                                        {
                                          "Actual Rows": 10544,
                                          "Our Estimated Time": 458.4602687765918,
                                          "Actual Time": 1669.3319999999999,
                                          "Nodes": [
                                            {
                                              "Actual Rows": 4523930,
                                              "Our Estimated Time": 1395.6632536341974,
                                              "Actual Time": 472.652,
                                              "Postgres Estimated Time": 1395.6632536341974,
                                              "Node Type": "Seq Scan",
                                              "Our Qerror": 1.3956632536341975,
                                              "Postgres Qerror": 1.3956632536341975,
                                              "Actual Loops": 1
                                            },
                                            {
                                              "Actual Rows": 1,
                                              "Our Estimated Time": 197.24334800000003,
                                              "Actual Time": 0,
                                              "Nodes": [
                                                {
                                                  "Actual Rows": 1,
                                                  "Our Estimated Time": 52.48995004245668,
                                                  "Actual Time": 91.844,
                                                  "Postgres Estimated Time": 52.48995004245668,
                                                  "Node Type": "Seq Scan",
                                                  "Our Qerror": 1.0,
                                                  "Postgres Qerror": 1.0,
                                                  "Actual Loops": 1
                                                }
                                              ],
                                              "Postgres Estimated Time": 351.236723942346,
                                              "Node Type": "Materialize",
                                              "Our Qerror": 0,
                                              "Postgres Qerror": 0,
                                              "Actual Loops": 4523930
                                            }
                                          ],
                                          "Postgres Estimated Time": 664.0293337905152,
                                          "Node Type": "Nested Loop",
                                          "Our Qerror": 1.6693319999999998,
                                          "Postgres Qerror": 1.6693319999999998,
                                          "Actual Loops": 1
                                        },
                                        {
                                          "Actual Rows": 36,
                                          "Our Estimated Time": 16.5490776,
                                          "Actual Time": 14.80399999999986,
                                          "Nodes": [
                                            {
                                              "Actual Rows": 36,
                                              "Our Estimated Time": 1699.5878216911674,
                                              "Actual Time": 1862.028,
                                              "Postgres Estimated Time": 1699.5878216911674,
                                              "Node Type": "Seq Scan",
                                              "Our Qerror": 1.0955762192666203,
                                              "Postgres Qerror": 1.0955762192666203,
                                              "Actual Loops": 1
                                            }
                                          ],
                                          "Postgres Estimated Time": 29.474980482470635,
                                          "Node Type": "Materialize",
                                          "Our Qerror": 1.0,