{
  "Postgres Qerror": 2.784242004317316,
  "Node Type": "Merge Join",
  "Nodes": [
    {
      "Actual Time": 5436.669,
      "Node Type": "Index Scan",
      "Actual Loops": 1,
      "Actual Rows": 3049,
      "Postgres Estimated Time": 9735.04,
      "Our Estimated Time": 3474.811359561303
    },
    {
      "Actual Time": 297.271,
      "Node Type": "Index Scan",
      "Actual Loops": 1,
      "Actual Rows": 17300,
      "Postgres Estimated Time": 6302.8,
      "Our Estimated Time": 0.0
    }
  ],
  "Our Estimated Plan Time": 3874.7030593574545,
  "Postgres Estimated Time": 4.263584133292438,
  "Our Estimated Time": 399.89169979615156,
  "Our Weighted Qerror": 1.5457235972014949,
  "Actual Time": 27.809000000000196,
  "Actual Plan Time": 5761.749,
  "Our Qerror": 1.487016917615224,
  "Actual Loops": 1,
  "Postgres Estimated Plan Time": 16042.103584133292,
  "Postgres Weighted Qerror": 2.8149825198185625,
  "Actual Rows": 17283
}
