{
  "Node Type": "Nested Loop",
  "Actual Rows": 1233,
  "Postgres Estimated Plan Time": 44.707018701728,
  "Our Qerror": 2.0683836343446504,
  "Actual Loops": 1,
  "Actual Plan Time": 6219.255,
  "Our Estimated Plan Time": 3006.818897970307,
  "Our Weighted Qerror": 3.5276671297592106,
  "Actual Time": 3.4179999999996653,
  "Our Estimated Time": 10.746171867160257,
  "Postgres Estimated Time": 8.297018701728,
  "Postgres Qerror": 139.11137849501952,
  "Postgres Weighted Qerror": 203.77829932834362,
  "Nodes": [
    {
      "Node Type": "Index Scan",
      "Actual Rows": 100,
      "Actual Time": 23.337,
      "Our Estimated Time": 1150.5287811101298,
      "Actual Loops": 1,
      "Postgres Estimated Time": 6.15
    },
    {
      "Node Type": "Index Scan",
      "Actual Rows": 12,
      "Actual Time": 6192.5,
      "Our Estimated Time": 1845.5439449930168,
      "Actual Loops": 100,
      "Postgres Estimated Time": 30.26
    }
  ]
}
