{
  "Postgres Qerror": 1.6445535622891634,
  "Our Estimated Time": 0.061715063735183,
  "Postgres Estimated Plan Time": 22217.18844474494,
  "Our Weighted Qerror": 1.2528921764660288,
  "Actual Time": 0.18400000000110595,
  "Actual Rows": 1,
  "Node Type": "Aggregate",
  "Our Qerror": 1.0403287155887893,
  "Actual Loops": 1,
  "Postgres Weighted Qerror": 1.872736584968977,
  "Postgres Estimated Time": 0.061715063735183,
  "Actual Plan Time": 13509.556,
  "Nodes": [
    {
      "Actual Loops": 1,
      "Our Estimated Time": 8.169325338300085,
      "Postgres Estimated Time": 6.703799908752356,
      "Actual Time": 11.51299999999901,
      "Node Type": "Merge Join",
      "Nodes": [
        {
          "Actual Loops": 1,
          "Our Estimated Time": 0.12114903125670289,
          "Postgres Estimated Time": 1.0958167789543138,
          "Actual Time": 0.3670000000001892,
          "Node Type": "Sort",
          "Nodes": [
            {
              "Actual Loops": 1,
              "Our Estimated Time": 463.57466054401095,
              "Postgres Estimated Time": 0.1649843628015375,
              "Actual Time": 0.15799999999944703,
              "Node Type": "Merge Join",
              "Nodes": [
                {
                  "Actual Loops": 1,
                  "Our Estimated Time": 0.13836382582993262,
                  "Postgres Estimated Time": 1.0958167789543138,
                  "Actual Time": 0.1930000000011205,
                  "Node Type": "Sort",
                  "Nodes": [
                    {
                      "Actual Loops": 1,
                      "Our Estimated Time": 170.08751470655827,
                      "Postgres Estimated Time": 0.2601706351755069,
                      "Actual Time": 0.30600000000049477,
                      "Node Type": "Merge Join",
                      "Nodes": [
                        {
                          "Actual Loops": 1,
                          "Our Estimated Time": 0.27291319208919784,
                          "Postgres Estimated Time": 3.428755121141334,
                          "Actual Time": 0.6819999999988795,
                          "Node Type": "Sort",
                          "Nodes": [
                            {
                              "Actual Loops": 1,
                              "Our Estimated Time": 181.27422837370932,
                              "Postgres Estimated Time": 202.9155488646633,
                              "Actual Time": 244.58200000000033,
                              "Node Type": "Merge Join",
                              "Nodes": [
                                {
                                  "Actual Loops": 1,
                                  "Our Estimated Time": 20.338242234320948,
                                  "Postgres Estimated Time": 21.72397629820433,
                                  "Actual Time": 27.222999999999956,
                                  "Node Type": "Merge Join",
                                  "Nodes": [
                                    {
                                      "Actual Loops": 1,
                                      "Our Estimated Time": 37.01984922220849,
                                      "Postgres Estimated Time": 36.47536404576505,
                                      "Actual Time": 65.38900000000012,
                                      "Node Type": "Merge Join",
                                      "Nodes": [
                                        {
                                          "Actual Loops": 1,
                                          "Our Estimated Time": 3.404584799757025,
                                          "Postgres Estimated Time": 35.56696393158256,
                                          "Actual Time": 7.437999999999988,
                                          "Node Type": "Sort",
                                          "Nodes": [
                                            {
                                              "Actual Loops": 1,
                                              "Our Estimated Time": 146.79938731561484,
                                              "Postgres Estimated Time": 6.565290683699206,
                                              "Actual Time": 9.979999999999905,
                                              "Node Type": "Merge Join",
                                              "Nodes": [
                                                {
                                                  "Actual Loops": 1,
                                                  "Our Estimated Time": 6.91418225144e-05,
                                                  "Postgres Estimated Time": 7.76397001419e-05,
                                                  "Actual Time": 0.031,
                                                  "Node Type": "Sort",
                                                  "Nodes": [
                                                    {
                                                      "Actual Loops": 1,
                                                      "Our Estimated Time": 3.0769360236090764,
                                                      "Postgres Estimated Time": 3.0769360236090764,
                                                      "Actual Time": 0.06,
                                                      "Node Type": "Seq Scan",
                                                      "Actual Rows": 1
                                                    }
                                                  ],
                                                  "Actual Rows": 1
                                                },
                                                {
                                                  "Actual Loops": 1,
                                                  "Our Estimated Time": 14.468877724384042,
                                                  "Postgres Estimated Time": 132.89320197529284,
                                                  "Actual Time": 29.009000000000015,
                                                  "Node Type": "Sort",
                                                  "Nodes": [
                                                    {
                                                      "Actual Loops": 1,
                                                      "Our Estimated Time": 474.3301104922695,
                                                      "Postgres Estimated Time": 474.3301104922695,
                                                      "Actual Time": 590.806,
                                                      "Node Type": "Seq Scan",
                                                      "Actual Rows": 52862
                                                    }
                                                  ],
                                                  "Actual Rows": 52842
                                                }
                                              ],
                                              "Actual Rows": 15849
                                            }
                                          ],
                                          "Actual Rows": 15849
                                        },
                                        {
                                          "Actual Loops": 1,
                                          "Our Estimated Time": 182.91821620436585,
                                          "Postgres Estimated Time": 1333.8565491999925,
                                          "Actual Time": 353.81899999999996,
                                          "Node Type": "Sort",
                                          "Nodes": [
                                            {
                                              "Actual Loops": 1,