{
  "Actual Rows": 1,
  "Actual Time": 3.0749999999970896,
  "Postgres Qerror": 3.813397930292794,
  "Postgres Estimated Plan Time": 9044.8910998784,
  "Nodes": [
    {
      "Actual Time": 4.578000000008615,
      "Our Estimated Time": 0.1056905082621336,
      "Postgres Estimated Time": 0.0462558792621336,
      "Postgres Qerror": 1.0,
      "Actual Loops": 1,
      "Our Qerror": 1.0,
      "Nodes": [
        {
          "Actual Time": 3.853000000002794,
          "Our Estimated Time": 0.1056905082621336,
          "Postgres Estimated Time": 0.0462558792621336,
          "Postgres Qerror": 1.0,
          "Actual Loops": 1,
          "Our Qerror": 1.0,
          "Nodes": [
            {
              "Actual Time": 588.1289999999999,
              "Our Estimated Time": 121.38490831070445,
              "Postgres Estimated Time": 135.97537579931858,
              "Postgres Qerror": 1.0,
              "Actual Loops": 1,
              "Our Qerror": 1.0,
              "Nodes": [
                {
                  "Actual Time": 10.730999999999995,
                  "Our Estimated Time": 0.17514433984782884,
                  "Postgres Estimated Time": 1.2565077796371018,
                  "Postgres Qerror": 1.0,
                  "Actual Loops": 1,
                  "Our Qerror": 1.0,
                  "Nodes": [
                    {
                      "Actual Time": 105.457,
                      "Our Estimated Time": 29.96681621436649,
                      "Postgres Estimated Time": 43.39272797983666,
                      "Postgres Qerror": 1.0,
                      "Actual Loops": 1,
                      "Our Qerror": 1.0,
                      "Nodes": [
                        {
                          "Actual Time": 841.692,
                          "Our Estimated Time": 1198.3050692516422,
                          "Postgres Estimated Time": 1198.3050692516422,
                          "Postgres Qerror": 1.1983050692516422,
                          "Actual Loops": 1,
                          "Our Qerror": 1.1983050692516422,
                          "Node Type": "Seq Scan",
                          "Actual Rows": 295628
                        },
                        {
                          "Actual Time": 0,
                          "Our Estimated Time": 12.889380800000001,
                          "Postgres Estimated Time": 22.9526245529499,
                          "Postgres Qerror": 0,
                          "Actual Loops": 295628,
                          "Our Qerror": 0,
                          "Nodes": [
                            {
                              "Actual Time": 0.015,
                              "Our Estimated Time": 3.06093683763954,
                              "Postgres Estimated Time": 3.06093683763954,
                              "Postgres Qerror": 1.0,
                              "Actual Loops": 1,
                              "Our Qerror": 1.0,
                              "Node Type": "Seq Scan",
                              "Actual Rows": 1
                            }
                          ],
                          "Node Type": "Materialize",
                          "Actual Rows": 1
                        }
                      ],
                      "Node Type": "Nested Loop",
                      "Actual Rows": 798
                    }
                  ],
                  "Node Type": "Sort",
                  "Actual Rows": 798
                },
                {
                  "Actual Time": 1389.6809999999998,
                  "Our Estimated Time": 779.0881202032243,
                  "Postgres Estimated Time": 5768.0335547096865,
                  "Postgres Qerror": 4.150616979515218,
                  "Actual Loops": 1,
                  "Our Qerror": 1.3896809999999997,
                  "Nodes": [
                    {
                      "Actual Time": 1403.318,
                      "Our Estimated Time": 1624.1878401485517,
                      "Postgres Estimated Time": 1624.1878401485517,
                      "Postgres Qerror": 1.1573911544985183,
                      "Actual Loops": 1,
                      "Our Qerror": 1.1573911544985183,
                      "Node Type": "Seq Scan",
                      "Actual Rows": 1749032
                    }
                  ],
                  "Node Type": "Sort",
                  "Actual Rows": 1744819
                }
              ],
              "Node Type": "Merge Join",
              "Actual Rows": 767
            },
            {
              "Actual Time": 30133.895999999997,
              "Our Estimated Time": 20723.174709621744,
              "Postgres Estimated Time": 247.53,
              "Postgres Qerror": 30.133895999999996,
              "Actual Loops": 767,
              "Our Qerror": 1.454115811030096,
              "Node Type": "Index Scan",
              "Actual Rows": 1
            }
          ],
          "Node Type": "Nested Loop",
          "Actual Rows": 669
        },
        {
          "Actual Time": 7.359,
          "Our Estimated Time": 0,
          "Postgres Estimated Time": 0.0,
          "Postgres Qerror": 0,
          "Actual Loops": 669,
          "Our Qerror": 0,
          "Node Type": "Index Scan",
          "Actual Rows": 1
        }
      ],
      "Node Type": "Nested Loop",
      "Actual Rows": 669
    }
  ],
  "Postgres Estimated Time": 0.1039510606123766,
  "Our Weighted Qerror": 1.4234705542007624,
  "Our Estimated Time": 0.1039510606123766,
  "Postgres Weighted Qerror": 26.590933950764384,
  "Our Estimated Plan Time": 24492.548257804858,
  "Actual Loops": 1,
  "Our Qerror": 1.4082556309349628,
  "Node Type": "Aggregate",
  "Actual Plan Time": 34491.769
}
