{
  "Postgres Qerror": 4.659760097414156,
  "Our Qerror": 1.738630012392568,
  "Nodes": [
    {
      "Postgres Qerror": 2.3639416600993783,
      "Our Qerror": 2.3639416600993783,
      "Our Estimated Time": 13712.372187297198,
      "Node Type": "Seq Scan",
      "Actual Rows": 6715809,
      "Actual Loops": 1,
      "Actual Time": 5800.639,
      "Postgres Estimated Time": 13712.372187297198
    },
    {
      "Postgres Qerror": 7.886633985570464,
      "Our Qerror": 0,
      "Our Estimated Time": 0,
      "Node Type": "Index Scan",
      "Actual Rows": 1,
      "Actual Loops": 6715809,
      "Actual Time": 13431.618,
      "Postgres Estimated Time": 105930.25499999999
    }
  ],
  "Postgres Estimated Time": 488.2807260076755,
  "Actual Plan Time": 25780.492,
  "Actual Rows": 7062017,
  "Actual Loops": 1,
  "Node Type": "Nested Loop",
  "Our Weighted Qerror": 2.022687068652441,
  "Our Estimated Time": 1115.6773783046756,
  "Postgres Weighted Qerror": 6.304069325074252,
  "Our Estimated Plan Time": 14828.049565601874,
  "Postgres Estimated Plan Time": 120130.90791330487,
  "Actual Time": 6548.234999999997
}
