{
  "Postgres Weighted Qerror": 14.602709668574922,
  "Postgres Estimated Plan Time": 527700.85,
  "Actual Rows": 4431423,
  "Our Weighted Qerror": 1.2470535307459998,
  "Postgres Estimated Time": 527700.85,
  "Our Estimated Time": 28978.05596074322,
  "Actual Plan Time": 36137.187,
  "Actual Loops": 1,
  "Postgres Qerror": 14.602709668574922,
  "Node Type": "Index Scan",
  "Our Estimated Plan Time": 28978.05596074322,
  "Our Qerror": 1.2470535307459998,
  "Actual Time": 36137.187
}
