{
  "Our Qerror": 1.701320393557932,
  "Our Weighted Qerror": 1.7544614019727125,
  "Actual Plan Time": 12883.745,
  "Postgres Estimated Time": 321.41103643645675,
  "Postgres Qerror": 15.52089391133953,
  "Actual Loops": 1,
  "Actual Time": 1221.0310000000009,
  "Nodes": [
    {
      "Nodes": [
        {
          "Nodes": [
            {
              "Nodes": [
                {
                  "Nodes": [
                    {
                      "Nodes": [
                        {
                          "Our Qerror": 1.3955691526106655,
                          "Node Type": "Seq Scan",
                          "Actual Rows": 4523930,
                          "Postgres Estimated Time": 1395.5691526106655,
                          "Our Estimated Time": 1395.5691526106655,
                          "Postgres Qerror": 1.3955691526106655,
                          "Actual Loops": 1,
                          "Actual Time": 922.403
                        }
                      ],
                      "Node Type": "Sort",
                      "Our Qerror": 1.3467780860833058,
                      "Actual Rows": 97855,
                      "Postgres Estimated Time": 48981.24320182885,
                      "Our Estimated Time": 1094.0815084727005,
                      "Postgres Qerror": 33.241765747075036,
                      "Actual Loops": 1,
                      "Actual Time": 1473.485
                    },
                    {
                      "Nodes": [
                        {
                          "Our Qerror": 1.4817712940524057,
                          "Node Type": "Seq Scan",
                          "Actual Rows": 2528312,
                          "Postgres Estimated Time": 1481.7712940524057,
                          "Our Estimated Time": 1481.7712940524057,
                          "Postgres Qerror": 1.4817712940524057,
                          "Actual Loops": 1,
                          "Actual Time": 543.858
                        }
                      ],
                      "Node Type": "Sort",
                      "Our Qerror": 1.2759936165489532,
                      "Actual Rows": 186242,
                      "Postgres Estimated Time": 33373.2476293529,
                      "Our Estimated Time": 1157.29419085487,
                      "Postgres Qerror": 22.599883273077065,
                      "Actual Loops": 1,
                      "Actual Time": 1476.7
                    }
                  ],
                  "Node Type": "Merge Join",
                  "Our Qerror": 1.0,
                  "Actual Rows": 97855,
                  "Postgres Estimated Time": 219.08968411732437,
                  "Our Estimated Time": 223.75702767933987,
                  "Postgres Qerror": 1.0,
                  "Actual Loops": 1,
                  "Actual Time": 46.3159999999998
                },
                {
                  "Nodes": [
                    {
                      "Nodes": [
                        {
                          "Nodes": [
                            {
                              "Nodes": [
                                {
                                  "Nodes": [
                                    {
                                      "Nodes": [
                                        {
                                          "Nodes": [
                                            {
                                              "Nodes": [
                                                {
                                                  "Nodes": [
                                                    {
                                                      "Our Qerror": 1.0,
                                                      "Node Type": "Seq Scan",
                                                      "Actual Rows": 18,
                                                      "Postgres Estimated Time": 3.0627696753369182,
                                                      "Our Estimated Time": 3.0627696753369182,
                                                      "Postgres Qerror": 1.0,
                                                      "Actual Loops": 1,
                                                      "Actual Time": 0.014
                                                    }
                                                  ],
                                                  "Node Type": "Sort",
                                                  "Our Qerror": 0,
                                                  "Actual Rows": 18,
                                                  "Postgres Estimated Time": 0.013052576764697149,
                                                  "Our Estimated Time": 0,
                                                  "Postgres Qerror": 1.0,
                                                  "Actual Loops": 1,
                                                  "Actual Time": 0.007999999999999998
                                                },
                                                {
                                                  "Nodes": [
                                                    {
                                                      "Our Qerror": 1.0,
                                                      "Node Type": "Seq Scan",
                                                      "Actual Rows": 29997,
                                                      "Postgres Estimated Time": 12.227096324695312,
                                                      "Our Estimated Time": 12.227096324695312,
                                                      "Postgres Qerror": 1.0,
                                                      "Actual Loops": 1,
                                                      "Actual Time": 39.428
                                                    }
                                                  ],
                                                  "Node Type": "Sort",
                                                  "Our Qerror": 0,
                                                  "Actual Rows": 29997,
                                                  "Postgres Estimated Time": 71.60395887692121,
                                                  "Our Estimated Time": 0,
                                                  "Postgres Qerror": 1.0,
                                                  "Actual Loops": 1,
                                                  "Actual Time": 15.281000000000006
                                                }
                                              ],
                                              "Node Type": "Merge Join",
                                              "Our Qerror": 1.0,
                                              "Actual Rows": 29997,
                                              "Postgres Estimated Time": 6.988271770072277,
                                              "Our Estimated Time": 473.42685554986895,
                                              "Postgres Qerror": 1.0,
                                              "Actual Loops": 1,
                                              "Actual Time": 7.4709999999999965
                                            }
                                          ],
                                          "Node Type": "Sort",
                                          "Our Qerror": 0,
                                          "Actual Rows": 29997,
                                          "Postgres Estimated Time": 71.60395887692121,
                                          "Our Estimated Time": 0,
                                          "Postgres Qerror": 1.0,
                                          "Actual Loops": 1,