{
  "Actual Loops": 1,
  "Actual Plan Time": 144194.557,
  "Actual Rows": 1,
  "Our Estimated Plan Time": 139563.1746631093,
  "Postgres Qerror": 5.466928269037714,
  "Our Weighted Qerror": 2.129082371609412,
  "Our Estimated Time": 41317.18086220383,
  "Our Qerror": 1.0331848451288843,
  "Node Type": "Aggregate",
  "Actual Time": 62820.637,
  "Nodes": [
    {
      "Postgres Qerror": 1.2327904076599034,
      "Our Estimated Time": 58679.44668999758,
      "Actual Loops": 1,
      "Nodes": [
        {
          "Postgres Qerror": 1.3956295655086122,
          "Our Estimated Time": 1788.4389867724778,
          "Actual Loops": 1,
          "Nodes": [
            {
              "Postgres Qerror": 18.416508798627333,
              "Our Estimated Time": 1160.7635674492249,
              "Actual Loops": 1,
              "Nodes": [
                {
                  "Postgres Qerror": 1.0,
                  "Our Estimated Time": 1285.9494637638636,
                  "Actual Loops": 1,
                  "Nodes": [
                    {
                      "Postgres Qerror": 19.93795350050436,
                      "Our Estimated Time": 779.4083299145888,
                      "Actual Loops": 1,
                      "Nodes": [
                        {
                          "Postgres Qerror": 1.0,
                          "Our Estimated Time": 1308.0390858221285,
                          "Actual Loops": 1,
                          "Nodes": [
                            {
                              "Postgres Qerror": 29.936352791248062,
                              "Our Estimated Time": 547.036157439646,
                              "Actual Loops": 1,
                              "Nodes": [
                                {
                                  "Postgres Qerror": 1.0,
                                  "Our Estimated Time": 953.0893913896143,
                                  "Actual Loops": 1,
                                  "Our Qerror": 1.0,
                                  "Node Type": "Seq Scan",
                                  "Actual Time": 529.776,
                                  "Actual Rows": 2609129,
                                  "Postgres Estimated Time": 953.0893913896143
                                }
                              ],
                              "Our Qerror": 1.0,
                              "Node Type": "Sort",
                              "Actual Time": 979.0580000000001,
                              "Actual Rows": 2609129,
                              "Postgres Estimated Time": 29936.35279124806
                            },
                            {
                              "Postgres Qerror": 1.0,
                              "Our Estimated Time": 0,
                              "Actual Loops": 1,
                              "Nodes": [
                                {
                                  "Postgres Qerror": 1.0,
                                  "Our Estimated Time": 3.060833704306515,
                                  "Actual Loops": 1,
                                  "Our Qerror": 1.0,
                                  "Node Type": "Seq Scan",
                                  "Actual Time": 0.009,
                                  "Actual Rows": 4,
                                  "Postgres Estimated Time": 3.060833704306515
                                }
                              ],
                              "Our Qerror": 0,
                              "Node Type": "Sort",
                              "Actual Time": 0.01,
                              "Actual Rows": 2,
                              "Postgres Estimated Time": 202.57323542673768
                            }
                          ],
                          "Our Qerror": 1.3080390858221285,
                          "Node Type": "Merge Join",
                          "Actual Time": 591.5799999999999,
                          "Actual Rows": 2609129,
                          "Postgres Estimated Time": 607.7162901334068
                        }
                      ],
                      "Our Qerror": 1.400696,
                      "Node Type": "Sort",
                      "Actual Time": 1400.696,
                      "Actual Rows": 2609129,
                      "Postgres Estimated Time": 27927.011716342455
                    },
                    {
                      "Postgres Qerror": 1.0,
                      "Our Estimated Time": 209.12650351780644,
                      "Actual Loops": 1,
                      "Nodes": [
                        {
                          "Postgres Qerror": 1.0,
                          "Our Estimated Time": 129.3752427619633,
                          "Actual Loops": 1,
                          "Our Qerror": 1.0,
                          "Node Type": "Seq Scan",
                          "Actual Time": 58.521,
                          "Actual Rows": 234997,
                          "Postgres Estimated Time": 129.3752427619633
                        }
                      ],
                      "Our Qerror": 1.0,
                      "Node Type": "Sort",
                      "Actual Time": 181.31599999999997,
                      "Actual Rows": 234997,
                      "Postgres Estimated Time": 853.6403407018029
                    }
                  ],
                  "Our Qerror": 1.2859494637638635,
                  "Node Type": "Merge Join",
                  "Actual Time": 609.0040000000004,
                  "Actual Rows": 2609129,
                  "Postgres Estimated Time": 625.9610761888523
                }
              ],
              "Our Qerror": 1.658908027438784,
              "Node Type": "Sort",
              "Actual Time": 1925.5999999999995,
              "Actual Rows": 2609129,
              "Postgres Estimated Time": 35462.82934263678
            },
            {
              "Postgres Qerror": 1.0,
              "Our Estimated Time": 60.1685232,
              "Actual Loops": 1,
              "Nodes": [
                {
                  "Postgres Qerror": 1.0,
                  "Our Estimated Time": 785.0750871187279,
                  "Actual Loops": 1,
                  "Nodes": [
                    {
                      "Postgres Qerror": 15.106572257045498,
                      "Our Estimated Time": 533.4874491281157,
                      "Actual Loops": 1,
                      "Nodes": [
                        {
                          "Postgres Qerror": 1.0,
                          "Our Estimated Time": 910.4038933531692,
                          "Actual Loops": 1,
                          "Nodes": [
                            {
                              "Postgres Qerror": 16.16959885397358,
                              "Our Estimated Time": 425.23005816234377,
                              "Actual Loops": 1,
                              "Nodes": [
                                {
                                  "Postgres Qerror": 1.0,
                                  "Our Estimated Time": 458.94776691884636,
                                  "Actual Loops": 1,
                                  "Our Qerror": 1.0,
                                  "Node Type": "Seq Scan",
                                  "Actual Time": 283.127,
                                  "Actual Rows": 1380035,
                                  "Postgres Estimated Time": 458.94776691884636
                                }
                              ],
                              "Our Qerror": 1.0,
                              "Node Type": "Sort",
                              "Actual Time": 612.2239999999999,
                              "Actual Rows": 1380035,