{
  "Postgres Estimated Plan Time": 1296730.7855888042,
  "Actual Loops": 1,
  "Actual Time": 64366.744000000006,
  "Our Qerror": 1.1049742260250395,
  "Actual Plan Time": 155866.16,
  "Nodes": [
    {
      "Postgres Estimated Time": 42284.72207784835,
      "Actual Loops": 1,
      "Actual Time": 35963.997,
      "Postgres Qerror": 1.1757514627155694,
      "Our Qerror": 1.6316163826283707,
      "Our Estimated Time": 58679.44668999758,
      "Nodes": [
        {
          "Postgres Estimated Time": 1153.2206649401105,
          "Actual Loops": 1,
          "Actual Time": 1467.619999999999,
          "Postgres Qerror": 1.272627212309117,
          "Our Qerror": 1.2138864716568325,
          "Our Estimated Time": 1781.5240635329992,
          "Nodes": [
            {
              "Postgres Estimated Time": 517.530169727976,
              "Actual Loops": 1,
              "Actual Time": 803.6130000000012,
              "Postgres Qerror": 1.0,
              "Our Qerror": 1.0,
              "Our Estimated Time": 785.0056050440376,
              "Nodes": [
                {
                  "Postgres Estimated Time": 33373.2476293529,
                  "Actual Loops": 1,
                  "Actual Time": 1795.2349999999997,
                  "Postgres Qerror": 18.589904736345332,
                  "Our Qerror": 1.7952349999999997,
                  "Our Estimated Time": 779.5578910451806,
                  "Nodes": [
                    {
                      "Postgres Estimated Time": 588.8927001134034,
                      "Actual Loops": 1,
                      "Actual Time": 542.3380000000002,
                      "Postgres Qerror": 1.0,
                      "Our Qerror": 1.281894845137992,
                      "Our Estimated Time": 1281.894845137992,
                      "Nodes": [
                        {
                          "Postgres Estimated Time": 35319.50107239334,
                          "Actual Loops": 1,
                          "Actual Time": 1307.0879999999997,
                          "Postgres Qerror": 27.0215173518488,
                          "Our Qerror": 1.3070879999999998,
                          "Our Estimated Time": 779.2476890501899,
                          "Nodes": [
                            {
                              "Postgres Estimated Time": 1481.7712940524057,
                              "Actual Loops": 1,
                              "Actual Time": 822.168,
                              "Postgres Qerror": 1.4817712940524057,
                              "Our Qerror": 1.4817712940524057,
                              "Our Estimated Time": 1481.7712940524057,
                              "Actual Rows": 2528312,
                              "Node Type": "Seq Scan"
                            }
                          ],
                          "Actual Rows": 2528312,
                          "Node Type": "Sort"
                        },
                        {
                          "Postgres Estimated Time": 196.30043701588826,
                          "Actual Loops": 1,
                          "Actual Time": 0.011,
                          "Postgres Qerror": 1.0,
                          "Our Qerror": 0,
                          "Our Estimated Time": 0,
                          "Nodes": [
                            {
                              "Postgres Estimated Time": 3.061248555241601,
                              "Actual Loops": 1,
                              "Actual Time": 0.011,
                              "Postgres Qerror": 1.0,
                              "Our Qerror": 1.0,
                              "Our Estimated Time": 3.061248555241601,
                              "Actual Rows": 7,
                              "Node Type": "Seq Scan"
                            }
                          ],
                          "Actual Rows": 7,
                          "Node Type": "Sort"
                        }
                      ],
                      "Actual Rows": 2528312,
                      "Node Type": "Merge Join"
                    }
                  ],
                  "Actual Rows": 2525757,
                  "Node Type": "Sort"
                },
                {
                  "Postgres Estimated Time": 374.2531948259671,
                  "Actual Loops": 1,
                  "Actual Time": 229.6909999999998,
                  "Postgres Qerror": 1.0,
                  "Our Qerror": 1.0,
                  "Our Estimated Time": 60.1685232,
                  "Nodes": [
                    {
                      "Postgres Estimated Time": 15106.572257045498,
                      "Actual Loops": 1,
                      "Actual Time": 890.9260000000002,
                      "Postgres Qerror": 15.106572257045498,
                      "Our Qerror": 1.0,
                      "Our Estimated Time": 533.4874491281157,
                      "Nodes": [
                        {
                          "Postgres Estimated Time": 321.4452840420969,
                          "Actual Loops": 1,
                          "Actual Time": 295.317,
                          "Postgres Qerror": 1.0,
                          "Our Qerror": 1.0,
                          "Our Estimated Time": 910.4038933531692,
                          "Nodes": [
                            {
                              "Postgres Estimated Time": 16169.598853973579,
                              "Actual Loops": 1,
                              "Actual Time": 605.217,
                              "Postgres Qerror": 16.16959885397358,
                              "Our Qerror": 1.0,
                              "Our Estimated Time": 425.23005816234377,
                              "Nodes": [
                                {
                                  "Postgres Estimated Time": 458.94776691884636,
                                  "Actual Loops": 1,
                                  "Actual Time": 281.428,
                                  "Postgres Qerror": 1.0,
                                  "Our Qerror": 1.0,
                                  "Our Estimated Time": 458.94776691884636,
                                  "Actual Rows": 1380035,
                                  "Node Type": "Seq Scan"
                                }
                              ],
                              "Actual Rows": 1380035,
                              "Node Type": "Sort"
                            },
                            {
                              "Postgres Estimated Time": 107.26517434812662,
                              "Actual Loops": 1,
                              "Actual Time": 0.032,
                              "Postgres Qerror": 1.0,
                              "Our Qerror": 0,
                              "Our Estimated Time": 0,
                              "Nodes": [
                                {
                                  "Postgres Estimated Time": 3.0759066216146547,
                                  "Actual Loops": 1,
                                  "Actual Time": 0.025,
                                  "Postgres Qerror": 1.0,
                                  "Our Qerror": 1.0,
                                  "Our Estimated Time": 3.0759066216146547,
                                  "Actual Rows": 113,
                                  "Node Type": "Seq Scan"
                                }
                              ],
                              "Actual Rows": 113,
                              "Node Type": "Sort"
                            }
                          ],
                          "Actual Rows": 1380035,
                          "Node Type": "Merge Join"
                        }
                      ],
                      "Actual Rows": 1380012,
                      "Node Type": "Sort"
                    }
                  ],