{
  "Actual Loops": 1,
  "Postgres Estimated Time": 2642530.620909504,
  "Our Qerror": 1.2340540126862436,
  "Our Estimated Time": 2642530.620909504,
  "Postgres Qerror": 1.2299956675036312,
  "Our Estimated Plan Time": 8262152.042118356,
  "Actual Time": 4249970.552999999,
  "Actual Plan Time": 10195941.881,
  "Postgres Estimated Plan Time": 8289412.841342304,
  "Our Weighted Qerror": 72.88671015101082,
  "Postgres Weighted Qerror": 7.223607234404943,
  "Actual Rows": 1,
  "Node Type": "Aggregate",
  "Nodes": [
    {
      "Actual Loops": 1,
      "Postgres Qerror": 1.1207247821397506,
      "Postgres Estimated Time": 3964423.6962175253,
      "Our Qerror": 1.556585596673056,
      "Our Estimated Time": 5506226.794467421,
      "Actual Time": 3537374.8839999996,
      "Node Type": "Merge Join",
      "Nodes": [
        {
          "Actual Loops": 1,
          "Postgres Qerror": 14.860779892915824,
          "Postgres Estimated Time": 45497.228732074946,
          "Our Qerror": 1.6275499528649973,
          "Our Estimated Time": 1881.0875786704362,
          "Actual Time": 3061.5640000000003,
          "Node Type": "Sort",
          "Nodes": [
            {
              "Actual Loops": 1,
              "Postgres Qerror": 1.064126624556876,
              "Postgres Estimated Time": 1064.1266245568759,
              "Our Qerror": 1.923379474701794,
              "Our Estimated Time": 1923.3794747017942,
              "Actual Time": 947.451,
              "Node Type": "Merge Join",
              "Nodes": [
                {
                  "Actual Loops": 1,
                  "Postgres Qerror": 18.608388911470637,
                  "Postgres Estimated Time": 48981.24320182885,
                  "Our Qerror": 1.492967515445673,
                  "Our Estimated Time": 1763.0745295983518,
                  "Actual Time": 2632.2129999999997,
                  "Node Type": "Sort",
                  "Nodes": [
                    {
                      "Actual Loops": 1,
                      "Postgres Qerror": 1.3955691526106655,
                      "Postgres Estimated Time": 1395.5691526106655,
                      "Our Qerror": 1.3955691526106655,
                      "Our Estimated Time": 1395.5691526106655,
                      "Actual Time": 756.237,
                      "Node Type": "Seq Scan",
                      "Actual Rows": 4523930
                    }
                  ],
                  "Actual Rows": 4523930
                },
                {
                  "Actual Loops": 1,
                  "Postgres Qerror": 1.0,
                  "Postgres Estimated Time": 706.1139544526561,
                  "Our Qerror": 0,
                  "Our Estimated Time": 0,
                  "Actual Time": 78.494,
                  "Node Type": "Sort",
                  "Nodes": [
                    {
                      "Actual Loops": 1,
                      "Postgres Qerror": 1.0,
                      "Postgres Estimated Time": 51.28698664366449,
                      "Our Qerror": 1.0,
                      "Our Estimated Time": 51.28698664366449,
                      "Actual Time": 52.971,
                      "Node Type": "Seq Scan",
                      "Actual Rows": 134170
                    }
                  ],
                  "Actual Rows": 134170
                }
              ],
              "Actual Rows": 4523930
            }
          ],
          "Actual Rows": 4523870
        },
        {
          "Actual Loops": 1,
          "Postgres Qerror": 26.600664234695216,
          "Postgres Estimated Time": 86552.48296382927,
          "Our Qerror": 317.3121101229402,
          "Our Estimated Time": 7255.8010380000005,
          "Actual Time": 2302353.538,
          "Node Type": "Materialize",
          "Nodes": [
            {
              "Actual Loops": 1,
              "Postgres Qerror": 1.040496900128288,
              "Postgres Estimated Time": 38978.31658092463,
              "Our Qerror": 1.4544185484432344,
              "Our Estimated Time": 54484.33975670621,
              "Actual Time": 37461.252,
              "Node Type": "Merge Join",
              "Nodes": [
                {
                  "Actual Loops": 1,
                  "Postgres Qerror": 1.0832520000000003,
                  "Postgres Estimated Time": 803.9737688727014,
                  "Our Qerror": 1.158030317777426,
                  "Our Estimated Time": 1254.4386577930327,
                  "Actual Time": 1083.2520000000004,
                  "Node Type": "Merge Join",
                  "Nodes": [
                    {
                      "Actual Loops": 1,
                      "Postgres Qerror": 15.810852173813517,
                      "Postgres Estimated Time": 25917.670641436856,
                      "Our Qerror": 1.4122023174815959,
                      "Our Estimated Time": 1160.7635674492249,
                      "Actual Time": 1639.2330000000002,
                      "Node Type": "Sort",
                      "Nodes": [
                        {
                          "Actual Loops": 1,
                          "Postgres Qerror": 1.0,
                          "Postgres Estimated Time": 625.9610761888523,
                          "Our Qerror": 1.2859494637638635,
                          "Our Estimated Time": 1285.9494637638636,
                          "Actual Time": 570.2819999999997,
                          "Node Type": "Merge Join",
                          "Nodes": [
                            {
                              "Actual Loops": 1,
                              "Postgres Qerror": 20.31977545907558,
                              "Postgres Estimated Time": 27927.011716342455,
                              "Our Qerror": 1.3743759999999998,
                              "Our Estimated Time": 779.4083299145888,
                              "Actual Time": 1374.3759999999997,
                              "Node Type": "Sort",
                              "Nodes": [
                                {
                                  "Actual Loops": 1,
                                  "Postgres Qerror": 1.0,
                                  "Postgres Estimated Time": 607.7162901334068,
                                  "Our Qerror": 1.3080390858221285,
                                  "Our Estimated Time": 1308.0390858221285,
                                  "Actual Time": 554.4180000000001,
                                  "Node Type": "Merge Join",
                                  "Nodes": [
                                    {
                                      "Actual Loops": 1,
                                      "Postgres Qerror": 29.936352791248062,
                                      "Postgres Estimated Time": 29936.35279124806,
                                      "Our Qerror": 1.0,
                                      "Our Estimated Time": 547.036157439646,
                                      "Actual Time": 970.15,
                                      "Node Type": "Sort",
                                      "Nodes": [
                                        {
                                          "Actual Loops": 1,
                                          "Postgres Qerror": 1.0,
                                          "Postgres Estimated Time": 953.0893913896143,
                                          "Our Qerror": 1.0,
                                          "Our Estimated Time": 953.0893913896143,
                                          "Actual Time": 572.465,
                                          "Node Type": "Seq Scan",
                                          "Actual Rows": 2609129
                                        }
                                      ],