{
  "Our Estimated Plan Time": 1647225.9859239743,
  "Actual Loops": 1,
  "Our Weighted Qerror": 6.168798899267453,
  "Nodes": [
    {
      "Our Estimated Time": 1032830.2558057547,
      "Actual Loops": 1,
      "Postgres Qerror": 1.3527441459521758,
      "Actual Time": 550088.9950000001,
      "Nodes": [
        {
          "Our Estimated Time": 1935.924651169204,
          "Actual Loops": 1,
          "Postgres Qerror": 1.1679416560613995,
          "Actual Time": 1459.9310000000005,
          "Nodes": [
            {
              "Our Estimated Time": 1881.0875786704362,
              "Actual Loops": 1,
              "Postgres Qerror": 15.963178154331912,
              "Actual Time": 2850.1360000000004,
              "Nodes": [
                {
                  "Our Estimated Time": 1923.3794747017942,
                  "Actual Loops": 1,
                  "Postgres Qerror": 1.064126624556876,
                  "Actual Time": 878.5279999999998,
                  "Nodes": [
                    {
                      "Our Estimated Time": 1763.0745295983518,
                      "Actual Loops": 1,
                      "Postgres Qerror": 19.301842416881176,
                      "Actual Time": 2537.646,
                      "Nodes": [
                        {
                          "Our Estimated Time": 1395.5691526106655,
                          "Actual Loops": 1,
                          "Actual Time": 757.183,
                          "Postgres Qerror": 1.3955691526106655,
                          "Node Type": "Seq Scan",
                          "Postgres Estimated Time": 1395.5691526106655,
                          "Our Qerror": 1.3955691526106655,
                          "Actual Rows": 4523930
                        }
                      ],
                      "Node Type": "Sort",
                      "Postgres Estimated Time": 48981.24320182885,
                      "Our Qerror": 1.439329964444614,
                      "Actual Rows": 4523930
                    },
                    {
                      "Our Estimated Time": 0,
                      "Actual Loops": 1,
                      "Postgres Qerror": 1.0,
                      "Actual Time": 86.089,
                      "Nodes": [
                        {
                          "Our Estimated Time": 51.28698664366449,
                          "Actual Loops": 1,
                          "Actual Time": 54.679,
                          "Postgres Qerror": 1.0,
                          "Node Type": "Seq Scan",
                          "Postgres Estimated Time": 51.28698664366449,
                          "Our Qerror": 1.0,
                          "Actual Rows": 134170
                        }
                      ],
                      "Node Type": "Sort",
                      "Postgres Estimated Time": 706.1139544526561,
                      "Our Qerror": 0,
                      "Actual Rows": 134170
                    }
                  ],
                  "Node Type": "Merge Join",
                  "Postgres Estimated Time": 1064.1266245568759,
                  "Our Qerror": 1.923379474701794,
                  "Actual Rows": 4523930
                }
              ],
              "Node Type": "Sort",
              "Postgres Estimated Time": 45497.228732074946,
              "Our Qerror": 1.51515327213765,
              "Actual Rows": 4523914
            },
            {
              "Our Estimated Time": 1245.8163177107233,
              "Actual Loops": 1,
              "Postgres Qerror": 18.587467593652242,
              "Actual Time": 1803.8059999999998,
              "Nodes": [
                {
                  "Our Estimated Time": 1481.7712940524057,
                  "Actual Loops": 1,
                  "Actual Time": 656.501,
                  "Postgres Qerror": 1.4817712940524057,
                  "Node Type": "Seq Scan",
                  "Postgres Estimated Time": 1481.7712940524057,
                  "Our Qerror": 1.4817712940524057,
                  "Actual Rows": 2528312
                }
              ],
              "Node Type": "Sort",
              "Postgres Estimated Time": 33528.18557023547,
              "Our Qerror": 1.4478908121179714,
              "Actual Rows": 2525756
            }
          ],
          "Node Type": "Merge Join",
          "Postgres Estimated Time": 1250.0033648283977,
          "Our Qerror": 1.3260384574128525,
          "Actual Rows": 4523914
        },
        {
          "Our Estimated Time": 3803.657896,
          "Actual Loops": 1,
          "Postgres Qerror": 5.909342603306921,
          "Actual Time": 167451.66099999996,
          "Nodes": [
            {
              "Our Estimated Time": 29718.821063492167,
              "Actual Loops": 1,
              "Postgres Qerror": 1.112996034788954,
              "Actual Time": 19371.73999999999,
              "Nodes": [
                {
                  "Our Estimated Time": 1160.7633064123997,
                  "Actual Loops": 1,
                  "Postgres Qerror": 16.380345510634186,
                  "Actual Time": 1582.2420000000002,
                  "Nodes": [
                    {
                      "Our Estimated Time": 1285.9494637638636,
                      "Actual Loops": 1,
                      "Postgres Qerror": 1.0,
                      "Actual Time": 546.5240000000001,
                      "Nodes": [
                        {
                          "Our Estimated Time": 779.4081061542391,
                          "Actual Loops": 1,
                          "Postgres Qerror": 20.755059422707152,
                          "Actual Time": 1345.5520000000001,
                          "Nodes": [
                            {
                              "Our Estimated Time": 953.0893913896143,
                              "Actual Loops": 1,
                              "Actual Time": 439.061,
                              "Postgres Qerror": 1.0,
                              "Node Type": "Seq Scan",
                              "Postgres Estimated Time": 953.0893913896143,
                              "Our Qerror": 1.0,
                              "Actual Rows": 2609129
                            }
                          ],
                          "Node Type": "Sort",
                          "Postgres Estimated Time": 27927.011716342455,
                          "Our Qerror": 1.345552,
                          "Actual Rows": 2609129
                        },
                        {
                          "Our Estimated Time": 0,
                          "Actual Loops": 1,
                          "Postgres Qerror": 0,
                          "Actual Time": 157.024,
                          "Nodes": [
                            {
                              "Our Estimated Time": 129.3752427619633,
                              "Actual Loops": 1,
                              "Actual Time": 69.166,
                              "Postgres Qerror": 1.0,
                              "Node Type": "Seq Scan",
                              "Postgres Estimated Time": 129.3752427619633,
                              "Our Qerror": 1.0,
                              "Actual Rows": 234997
                            }
                          ],
                          "Node Type": "Sort",
                          "Postgres Estimated Time": 0,
                          "Our Qerror": 0,
                          "Actual Rows": 234997
                        }
                      ],
                      "Node Type": "Merge Join",
                      "Postgres Estimated Time": 625.9610761888523,
                      "Our Qerror": 1.2859494637638635,
                      "Actual Rows": 2609129
                    }
                  ],
                  "Node Type": "Sort",
                  "Postgres Estimated Time": 25917.670641436856,