{
  "Postgres Weighted Qerror": 2.2943874378343114,
  "Nodes": [
    {
      "Postgres Estimated Time": 0.0007339076132815,
      "Our Estimated Time": 0.001197318225144,
      "Postgres Qerror": 1.0,
      "Actual Loops": 1,
      "Node Type": "Nested Loop",
      "Actual Time": 0.0020000000004074536,
      "Actual Rows": 10,
      "Our Qerror": 1.0,
      "Nodes": [
        {
          "Postgres Estimated Time": 0.001467815226563,
          "Our Estimated Time": 0.001703218225144,
          "Postgres Qerror": 1.0,
          "Actual Loops": 1,
          "Node Type": "Nested Loop",
          "Actual Time": 0.013000000002648449,
          "Actual Rows": 10,
          "Our Qerror": 1.0,
          "Nodes": [
            {
              "Postgres Estimated Time": 6.590523586245324,
              "Our Estimated Time": 5.925007866653878,
              "Postgres Qerror": 1.0,
              "Actual Loops": 1,
              "Node Type": "Merge Join",
              "Actual Time": 6.200999999997293,
              "Actual Rows": 10,
              "Our Qerror": 1.0,
              "Nodes": [
                {
                  "Postgres Estimated Time": 0.017941280819976067,
                  "Our Estimated Time": 0.0035169308718577376,
                  "Postgres Qerror": 1.0,
                  "Actual Loops": 1,
                  "Node Type": "Sort",
                  "Actual Time": 0.09000000000014552,
                  "Actual Rows": 23,
                  "Our Qerror": 1.0,
                  "Nodes": [
                    {
                      "Postgres Estimated Time": 202.57649629414362,
                      "Our Estimated Time": 180.410704289324,
                      "Postgres Qerror": 1.0,
                      "Actual Loops": 1,
                      "Node Type": "Merge Join",
                      "Actual Time": 184.90200000000186,
                      "Actual Rows": 23,
                      "Our Qerror": 1.0,
                      "Nodes": [
                        {
                          "Postgres Estimated Time": 135.7973479668932,
                          "Our Estimated Time": 120.93853292631442,
                          "Postgres Qerror": 1.0,
                          "Actual Loops": 1,
                          "Node Type": "Merge Join",
                          "Actual Time": 239.19700000000012,
                          "Actual Rows": 12,
                          "Our Qerror": 1.0,
                          "Nodes": [
                            {
                              "Postgres Estimated Time": 0.010264489932036134,
                              "Our Estimated Time": 0.001971383535256018,
                              "Postgres Qerror": 1.0,
                              "Actual Loops": 1,
                              "Node Type": "Sort",
                              "Actual Time": 0.03299999999944703,
                              "Actual Rows": 15,
                              "Our Qerror": 1.0,
                              "Nodes": [
                                {
                                  "Postgres Estimated Time": 179.89592125049097,
                                  "Our Estimated Time": 160.21056530034411,
                                  "Postgres Qerror": 1.0,
                                  "Actual Loops": 1,
                                  "Node Type": "Merge Join",
                                  "Actual Time": 120.6239999999998,
                                  "Actual Rows": 15,
                                  "Our Qerror": 1.0,
                                  "Nodes": [
                                    {
                                      "Postgres Estimated Time": 10768.083092378885,
                                      "Our Estimated Time": 1446.3731018424596,
                                      "Postgres Qerror": 6.6016215122298165,
                                      "Actual Loops": 1,
                                      "Node Type": "Sort",
                                      "Actual Time": 1631.1270000000002,
                                      "Actual Rows": 881592,
                                      "Our Qerror": 1.1277359886755307,
                                      "Nodes": [
                                        {
                                          "Postgres Estimated Time": 1580.457037982559,
                                          "Our Estimated Time": 1580.457037982559,
                                          "Postgres Qerror": 1.392981261872224,
                                          "Actual Loops": 1,
                                          "Node Type": "Seq Scan",
                                          "Actual Time": 1134.586,
                                          "Actual Rows": 3140339,
                                          "Our Qerror": 1.392981261872224
                                        }
                                      ]
                                    },
                                    {
                                      "Postgres Estimated Time": 4670.313731094318,
                                      "Our Estimated Time": 451.39597489690306,
                                      "Postgres Qerror": 4.670313731094319,
                                      "Actual Loops": 1,
                                      "Node Type": "Sort",
                                      "Actual Time": 302.33799999999974,
                                      "Actual Rows": 16,
                                      "Our Qerror": 1.0,
                                      "Nodes": [
                                        {
                                          "Postgres Estimated Time": 13347.15231391546,
                                          "Our Estimated Time": 13347.15231391546,
                                          "Postgres Qerror": 1.1494987903069651,
                                          "Actual Loops": 1,
                                          "Node Type": "Seq Scan",
                                          "Actual Time": 11611.28,
                                          "Actual Rows": 1435439,
                                          "Our Qerror": 1.1494987903069651
                                        }
                                      ]
                                    }
                                  ]
                                }
                              ]
                            },
                            {
                              "Postgres Estimated Time": 5768.0335547096865,
                              "Our Estimated Time": 779.035918127226,
                              "Postgres Qerror": 4.968052845295912,
                              "Actual Loops": 1,
                              "Node Type": "Sort",
                              "Actual Time": 1161.025,
                              "Actual Rows": 1740105,
                              "Our Qerror": 1.1610250000000002,
                              "Nodes": [
                                {
                                  "Postgres Estimated Time": 1624.1878401485517,
                                  "Our Estimated Time": 1624.1878401485517,
                                  "Postgres Qerror": 1.384368199479858,
                                  "Actual Loops": 1,
                                  "Node Type": "Seq Scan",
                                  "Actual Time": 1173.234,
                                  "Actual Rows": 1749032,
                                  "Our Qerror": 1.384368199479858
                                }
                              ]
                            }
                          ]
                        },
                        {
                          "Postgres Estimated Time": 8838.271504739252,
                          "Our Estimated Time": 1047.6874194921113,