{
  "Actual Time": 574.7290000000066,
  "Our Estimated Plan Time": 87430.98871953986,
  "Nodes": [
    {
      "Actual Rows": 670390,
      "Actual Time": 3812.2379999999976,
      "Actual Loops": 1,
      "Nodes": [
        {
          "Actual Rows": 4316584,
          "Actual Time": 2557.146999999997,
          "Actual Loops": 1,
          "Nodes": [
            {
              "Actual Rows": 87293,
              "Actual Time": 250.31400000000576,
              "Actual Loops": 1,
              "Nodes": [
                {
                  "Actual Rows": 248554,
                  "Actual Time": 303.55199999999604,
                  "Actual Loops": 1,
                  "Nodes": [
                    {
                      "Actual Rows": 248554,
                      "Actual Time": 705.1239999999998,
                      "Actual Loops": 1,
                      "Nodes": [
                        {
                          "Actual Rows": 584222,
                          "Actual Time": 1161.5819999999985,
                          "Actual Loops": 1,
                          "Nodes": [
                            {
                              "Actual Rows": 1354883,
                              "Actual Time": 1118.8010000000013,
                              "Actual Loops": 1,
                              "Nodes": [
                                {
                                  "Actual Rows": 459925,
                                  "Actual Time": 1282.481,
                                  "Actual Loops": 1,
                                  "Nodes": [
                                    {
                                      "Actual Rows": 1380035,
                                      "Actual Time": 408.834,
                                      "Actual Loops": 1,
                                      "Node Type": "Seq Scan",
                                      "Postgres Estimated Time": 458.94776691884636,
                                      "Our Estimated Time": 458.94776691884636,
                                      "Our Qerror": 1.0,
                                      "Postgres Qerror": 1.0
                                    },
                                    {
                                      "Actual Rows": 1,
                                      "Actual Time": 0,
                                      "Actual Loops": 1380035,
                                      "Nodes": [
                                        {
                                          "Actual Rows": 1,
                                          "Actual Time": 0.024,
                                          "Actual Loops": 1,
                                          "Node Type": "Seq Scan",
                                          "Postgres Estimated Time": 3.0769360236090764,
                                          "Our Estimated Time": 3.0769360236090764,
                                          "Our Qerror": 1.0,
                                          "Postgres Qerror": 1.0
                                        }
                                      ],
                                      "Node Type": "Materialize",
                                      "Postgres Estimated Time": 107.14565886472725,
                                      "Our Estimated Time": 60.169526000000005,
                                      "Our Qerror": 0,
                                      "Postgres Qerror": 0
                                    }
                                  ],
                                  "Node Type": "Nested Loop",
                                  "Postgres Estimated Time": 202.56363861898694,
                                  "Our Estimated Time": 171.43199401993542,
                                  "Our Qerror": 1.282481,
                                  "Postgres Qerror": 1.282481
                                },
                                {
                                  "Actual Rows": 3,
                                  "Actual Time": 6438.95,
                                  "Actual Loops": 459925,
                                  "Node Type": "Index Scan",
                                  "Postgres Estimated Time": 47420.905000000006,
                                  "Our Estimated Time": 144.69947396502633,
                                  "Our Qerror": 6.43895,
                                  "Postgres Qerror": 7.364695330760451
                                }
                              ],
                              "Node Type": "Nested Loop",
                              "Postgres Estimated Time": 93.67907991377781,
                              "Our Estimated Time": 214.0482405167778,
                              "Our Qerror": 1.1188010000000013,
                              "Postgres Qerror": 1.1188010000000013
                            },
                            {
                              "Actual Rows": 1,
                              "Actual Time": 0,
                              "Actual Loops": 1354883,
                              "Nodes": [
                                {
                                  "Actual Rows": 1,
                                  "Actual Time": 0.004,
                                  "Actual Loops": 1,
                                  "Node Type": "Seq Scan",
                                  "Postgres Estimated Time": 3.06093683763954,
                                  "Our Estimated Time": 3.06093683763954,
                                  "Our Qerror": 1.0,
                                  "Postgres Qerror": 1.0
                                }
                              ],
                              "Node Type": "Materialize",
                              "Postgres Estimated Time": 82.51345467860764,
                              "Our Estimated Time": 46.336859200000006,
                              "Our Qerror": 0,
                              "Postgres Qerror": 0
                            }
                          ],
                          "Node Type": "Nested Loop",
                          "Postgres Estimated Time": 155.99529239648126,
                          "Our Estimated Time": 147.92544479300778,
                          "Our Qerror": 1.1615819999999986,
                          "Postgres Qerror": 1.1615819999999986
                        },
                        {
                          "Actual Rows": 0,
                          "Actual Time": 14021.328,
                          "Actual Loops": 584222,
                          "Node Type": "Index Scan",
                          "Postgres Estimated Time": 4971.08,
                          "Our Estimated Time": 300.82771005519953,
                          "Our Qerror": 14.021327999999999,
                          "Postgres Qerror": 2.8205798337584587
                        }
                      ],
                      "Node Type": "Nested Loop",
                      "Postgres Estimated Time": 17.185476553244175,
                      "Our Estimated Time": 39.26726246724418,
                      "Our Qerror": 1.0,
                      "Postgres Qerror": 1.0
                    },
                    {
                      "Actual Rows": 1,
                      "Actual Time": 29826.48,
                      "Actual Loops": 248554,
                      "Node Type": "Index Scan",
                      "Postgres Estimated Time": 14913.24,
                      "Our Estimated Time": 48075.93333077727,
                      "Our Qerror": 1.611854074995684,
                      "Postgres Qerror": 2.0
                    }
                  ],
                  "Node Type": "Nested Loop",
                  "Postgres Estimated Time": 17.185476553244175,
                  "Our Estimated Time": 39.26726246724418,
                  "Our Qerror": 1.0,