{
  "Actual Loops": 1,
  "Our Qerror": 1.8156842748489033,
  "Our Weighted Qerror": 1.817437470546063,
  "Actual Rows": 1,
  "Node Type": "Aggregate",
  "Postgres Qerror": 15.496031483120301,
  "Nodes": [
    {
      "Postgres Estimated Time": 0.0226785177847232,
      "Nodes": [
        {
          "Postgres Estimated Time": 0.0226785177847232,
          "Nodes": [
            {
              "Postgres Estimated Time": 0.00418327339570455,
              "Nodes": [
                {
                  "Postgres Estimated Time": 0.0039410838833208,
                  "Nodes": [
                    {
                      "Postgres Estimated Time": 0.0039410838833208,
                      "Nodes": [
                        {
                          "Postgres Estimated Time": 0.3549741167889296,
                          "Nodes": [
                            {
                              "Postgres Estimated Time": 33.59524172930112,
                              "Nodes": [
                                {
                                  "Postgres Estimated Time": 108.36622737005368,
                                  "Nodes": [
                                    {
                                      "Postgres Estimated Time": 14.283220355705058,
                                      "Nodes": [
                                        {
                                          "Postgres Estimated Time": 222.28466607748643,
                                          "Nodes": [
                                            {
                                              "Postgres Estimated Time": 137.23841815838216,
                                              "Postgres Qerror": 1.0,
                                              "Our Qerror": 1.0,
                                              "Actual Rows": 84843,
                                              "Node Type": "Seq Scan",
                                              "Actual Loops": 1,
                                              "Our Estimated Time": 137.23841815838216,
                                              "Actual Time": 115.158
                                            }
                                          ],
                                          "Our Qerror": 1.0,
                                          "Actual Rows": 34630,
                                          "Node Type": "Sort",
                                          "Actual Loops": 1,
                                          "Postgres Qerror": 1.0,
                                          "Our Estimated Time": 32.20709212443929,
                                          "Actual Time": 45.20399999999999
                                        },
                                        {
                                          "Postgres Estimated Time": 157.14869310852373,
                                          "Nodes": [
                                            {
                                              "Postgres Estimated Time": 1182.097004881039,
                                              "Postgres Qerror": 1.182097004881039,
                                              "Our Qerror": 1.182097004881039,
                                              "Actual Rows": 61664,
                                              "Node Type": "Seq Scan",
                                              "Actual Loops": 1,
                                              "Our Estimated Time": 1182.097004881039,
                                              "Actual Time": 857.671
                                            }
                                          ],
                                          "Our Qerror": 1.0,
                                          "Actual Rows": 61664,
                                          "Node Type": "Sort",
                                          "Actual Loops": 1,
                                          "Postgres Qerror": 1.0,
                                          "Our Estimated Time": 17.86279814327719,
                                          "Actual Time": 35.36299999999994
                                        }
                                      ],
                                      "Our Qerror": 1.0,
                                      "Actual Rows": 43837,
                                      "Node Type": "Merge Join",
                                      "Actual Loops": 1,
                                      "Postgres Qerror": 1.0,
                                      "Our Estimated Time": 229.03994725223575,
                                      "Actual Time": 17.79300000000012
                                    }
                                  ],
                                  "Our Qerror": 1.0,
                                  "Actual Rows": 43837,
                                  "Node Type": "Sort",
                                  "Actual Loops": 1,
                                  "Postgres Qerror": 1.0,
                                  "Our Estimated Time": 14.946716917304538,
                                  "Actual Time": 31.055999999999813
                                },
                                {
                                  "Postgres Estimated Time": 1064.406606088107,
                                  "Nodes": [
                                    {
                                      "Postgres Estimated Time": 247.17635785209274,
                                      "Postgres Qerror": 1.0,
                                      "Our Qerror": 1.0,
                                      "Actual Rows": 361472,
                                      "Node Type": "Seq Scan",
                                      "Actual Loops": 1,
                                      "Our Estimated Time": 247.17635785209274,
                                      "Actual Time": 210.526
                                    }
                                  ],
                                  "Our Qerror": 1.0,
                                  "Actual Rows": 365191,
                                  "Node Type": "Sort",
                                  "Actual Loops": 1,
                                  "Postgres Qerror": 1.064406606088107,
                                  "Our Estimated Time": 120.46005045417611,
                                  "Actual Time": 283.626
                                }
                              ],
                              "Our Qerror": 1.0,
                              "Actual Rows": 13699,
                              "Node Type": "Merge Join",
                              "Actual Loops": 1,
                              "Postgres Qerror": 1.0,
                              "Our Estimated Time": 47.19087510438037,
                              "Actual Time": 161.45400000000018
                            },
                            {
                              "Postgres Estimated Time": 1950.92,
                              "Postgres Qerror": 9.949912349045578,
                              "Our Qerror": 1.8154114417841059,
                              "Actual Rows": 0,
                              "Node Type": "Index Scan",
                              "Actual Loops": 13699,
                              "Our Estimated Time": 35239.82834019766,
                              "Actual Time": 19411.483
                            }
                          ],
                          "Our Qerror": 1.0,
                          "Actual Rows": 5134,
                          "Node Type": "Nested Loop",
                          "Actual Loops": 1,
                          "Postgres Qerror": 1.0,
                          "Our Estimated Time": 0.8110838107889295,
                          "Actual Time": 26.036000000000058
                        },
                        {
                          "Postgres Estimated Time": 26.79,