{
  "Nodes": [
    {
      "Nodes": [
        {
          "Nodes": [
            {
              "Nodes": [
                {
                  "Nodes": [
                    {
                      "Nodes": [
                        {
                          "Nodes": [
                            {
                              "Nodes": [
                                {
                                  "Nodes": [
                                    {
                                      "Nodes": [
                                        {
                                          "Nodes": [
                                            {
                                              "Our Qerror": 1.0,
                                              "Node Type": "Seq Scan",
                                              "Actual Rows": 901343,
                                              "Postgres Estimated Time": 485.0342293897681,
                                              "Our Estimated Time": 485.0342293897681,
                                              "Postgres Qerror": 1.0,
                                              "Actual Loops": 1,
                                              "Actual Time": 373.04
                                            }
                                          ],
                                          "Node Type": "Sort",
                                          "Actual Rows": 578585,
                                          "Postgres Estimated Time": 2838.629078266697,
                                          "Our Estimated Time": 446.0545495628345,
                                          "Postgres Qerror": 2.838629078266697,
                                          "Our Qerror": 1.0,
                                          "Actual Loops": 1,
                                          "Actual Time": 467.39899999999994
                                        },
                                        {
                                          "Nodes": [
                                            {
                                              "Our Qerror": 1.0000290837242096,
                                              "Node Type": "Seq Scan",
                                              "Actual Rows": 6768,
                                              "Postgres Estimated Time": 2683.120964849837,
                                              "Our Estimated Time": 2683.120964849837,
                                              "Postgres Qerror": 1.0000290837242096,
                                              "Actual Loops": 1,
                                              "Actual Time": 2683.199
                                            }
                                          ],
                                          "Node Type": "Sort",
                                          "Actual Rows": 6768,
                                          "Postgres Estimated Time": 13.89805131850441,
                                          "Our Estimated Time": 2.136950908167907,
                                          "Postgres Qerror": 1.0,
                                          "Our Qerror": 1.0,
                                          "Actual Loops": 1,
                                          "Actual Time": 6.155999999999949
                                        }
                                      ],
                                      "Node Type": "Merge Join",
                                      "Actual Rows": 1558,
                                      "Postgres Estimated Time": 45.688556702803744,
                                      "Our Estimated Time": 42.10365687279655,
                                      "Postgres Qerror": 1.0,
                                      "Our Qerror": 1.0,
                                      "Actual Loops": 1,
                                      "Actual Time": 111.971
                                    },
                                    {
                                      "Our Qerror": 2.0414479074930894,
                                      "Node Type": "Index Scan",
                                      "Actual Rows": 0,
                                      "Postgres Estimated Time": 518.5,
                                      "Our Estimated Time": 24471.35051199235,
                                      "Postgres Qerror": 11.987252,
                                      "Actual Loops": 1558,
                                      "Actual Time": 11987.252
                                    }
                                  ],
                                  "Node Type": "Nested Loop",
                                  "Actual Rows": 425,
                                  "Postgres Estimated Time": 0.06238214712892749,
                                  "Our Estimated Time": 0.07238677456862,
                                  "Postgres Qerror": 1.0,
                                  "Our Qerror": 1.0,
                                  "Actual Loops": 1,
                                  "Actual Time": 4.356999999999971
                                },
                                {
                                  "Nodes": [
                                    {
                                      "Our Qerror": 1.0,
                                      "Node Type": "Seq Scan",
                                      "Actual Rows": 1,
                                      "Postgres Estimated Time": 3.060643274594227,
                                      "Our Estimated Time": 3.060643274594227,
                                      "Postgres Qerror": 1.0,
                                      "Actual Loops": 1,
                                      "Actual Time": 0.009
                                    }
                                  ],
                                  "Node Type": "Materialize",
                                  "Actual Rows": 1,
                                  "Postgres Estimated Time": 0.01665371568043755,
                                  "Our Estimated Time": 0.009265,
                                  "Postgres Qerror": 1.0,
                                  "Our Qerror": 1.0,
                                  "Actual Loops": 425,
                                  "Actual Time": 0.416
                                }
                              ],
                              "Node Type": "Nested Loop",
                              "Actual Rows": 425,
                              "Postgres Estimated Time": 0.031191073564463746,
                              "Our Estimated Time": 0.05088602456862,
                              "Postgres Qerror": 1.0,
                              "Our Qerror": 1.0,
                              "Actual Loops": 1,
                              "Actual Time": 0.6420000000016444
                            },
                            {
                              "Our Qerror": 1.2083564177510642,
                              "Node Type": "Index Scan",
                              "Actual Rows": 1,
                              "Postgres Estimated Time": 41.03,
                              "Our Estimated Time": 6296.654666169463,
                              "Postgres Qerror": 5.210925,
                              "Actual Loops": 425,
                              "Actual Time": 5210.924999999999
                            }
                          ],
                          "Node Type": "Nested Loop",
                          "Actual Rows": 373,
                          "Postgres Estimated Time": 0.025789899797871198,
                          "Our Estimated Time": 0.0589275927978712,
                          "Postgres Qerror": 1.0,
                          "Our Qerror": 1.0,
                          "Actual Loops": 1,