{
  "Our Qerror": 1.4259167009661164,
  "Actual Loops": 1,
  "Our Weighted Qerror": 1.1706730139081694,
  "Postgres Estimated Time": 0.0048828032313122,
  "Nodes": [
    {
      "Our Qerror": 1.0,
      "Actual Rows": 31,
      "Our Estimated Time": 0.0086189164979464,
      "Postgres Estimated Time": 0.009394017450003199,
      "Nodes": [
        {
          "Our Qerror": 1.0,
          "Actual Rows": 2,
          "Our Estimated Time": 3.061446324030023,
          "Postgres Estimated Time": 3.061446324030023,
          "Postgres Qerror": 1.0,
          "Actual Loops": 1,
          "Actual Time": 0.021,
          "Node Type": "Seq Scan"
        },
        {
          "Our Qerror": 1.0,
          "Actual Rows": 32,
          "Our Estimated Time": 0.0027904,
          "Postgres Estimated Time": 0.0099378816181632,
          "Nodes": [
            {
              "Our Qerror": 1.0,
              "Actual Rows": 32,
              "Our Estimated Time": 0.0041349583204608,
              "Postgres Estimated Time": 0.0027888489304696996,
              "Nodes": [
                {
                  "Our Qerror": 1.0,
                  "Actual Rows": 35,
                  "Our Estimated Time": 0.016585163788004,
                  "Postgres Estimated Time": 0.020549413171882,
                  "Nodes": [
                    {
                      "Our Qerror": 1.0,
                      "Actual Rows": 4,
                      "Our Estimated Time": 3.060833704306515,
                      "Postgres Estimated Time": 3.060833704306515,
                      "Postgres Qerror": 1.0,
                      "Actual Loops": 1,
                      "Actual Time": 0.007,
                      "Node Type": "Seq Scan"
                    },
                    {
                      "Our Qerror": 1.0,
                      "Actual Rows": 35,
                      "Our Estimated Time": 0.006104,
                      "Postgres Estimated Time": 0.016304337029799002,
                      "Nodes": [
                        {
                          "Our Qerror": 1.0,
                          "Actual Rows": 35,
                          "Our Estimated Time": 0.005529398788004,
                          "Postgres Estimated Time": 0.002419963788004,
                          "Nodes": [
                            {
                              "Our Qerror": 1.0,
                              "Actual Rows": 45,
                              "Our Estimated Time": 0.007664482013148,
                              "Postgres Estimated Time": 0.006605168519533499,
                              "Nodes": [
                                {
                                  "Our Qerror": 1.0,
                                  "Actual Rows": 1303,
                                  "Our Estimated Time": 0.2219293347362632,
                                  "Postgres Estimated Time": 0.19125632402115889,
                                  "Nodes": [
                                    {
                                      "Our Qerror": 1.0,
                                      "Actual Rows": 21446,
                                      "Our Estimated Time": 3.3880996116438222,
                                      "Postgres Estimated Time": 1.4828155256438222,
                                      "Nodes": [
                                        {
                                          "Our Qerror": 1.0,
                                          "Actual Rows": 24800,
                                          "Our Estimated Time": 9.06625363835712,
                                          "Postgres Estimated Time": 10.664851873161446,
                                          "Nodes": [
                                            {
                                              "Our Qerror": 1.0,
                                              "Actual Rows": 85058,
                                              "Our Estimated Time": 13.437702917429835,
                                              "Postgres Estimated Time": 5.881065139429834,
                                              "Nodes": [
                                                {
                                                  "Our Qerror": 1.0,
                                                  "Actual Rows": 37091,
                                                  "Our Estimated Time": 5.859740869881611,
                                                  "Postgres Estimated Time": 2.5645393388816102,
                                                  "Nodes": [
                                                    {
                                                      "Our Qerror": 1.0,
                                                      "Actual Rows": 3,
                                                      "Our Estimated Time": 52.42735431041371,
                                                      "Postgres Estimated Time": 52.42735431041371,
                                                      "Postgres Qerror": 1.0,
                                                      "Actual Loops": 1,
                                                      "Actual Time": 102.723,
                                                      "Node Type": "Seq Scan"
                                                    },
                                                    {
                                                      "Our Qerror": 0,
                                                      "Actual Rows": 12364,
                                                      "Our Estimated Time": 0.0,
                                                      "Postgres Estimated Time": 116408.67692307693,
                                                      "Postgres Qerror": 8.907644325838532,
                                                      "Actual Loops": 3,
                                                      "Actual Time": 13068.402,
                                                      "Node Type": "Index Scan"
                                                    }
                                                  ],
                                                  "Postgres Qerror": 1.0,
                                                  "Actual Loops": 1,
                                                  "Actual Time": 33.30199999999968,
                                                  "Node Type": "Nested Loop"
                                                },
                                                {
                                                  "Our Qerror": 0,
                                                  "Actual Rows": 2,
                                                  "Our Estimated Time": 0,
                                                  "Postgres Estimated Time": 567.0533333333334,
                                                  "Postgres Qerror": 8.011656,
                                                  "Actual Loops": 37091,
                                                  "Actual Time": 8011.656,
                                                  "Node Type": "Index Scan"
                                                }
                                              ],
                                              "Postgres Qerror": 1.0,
                                              "Actual Loops": 1,
                                              "Actual Time": 115.57800000000134,
                                              "Node Type": "Nested Loop"
                                            },
                                            {
                                              "Our Qerror": 0,
                                              "Actual Rows": 1,
                                              "Our Estimated Time": 3.1678888,
                                              "Postgres Estimated Time": 5.641300612310454,