{
  "Postgres Estimated Plan Time": 3825.4083966705884,
  "Actual Time": 1.0139999999955762,
  "Our Qerror": 1.0582204752647095,
  "Our Weighted Qerror": 2.4470230340042103,
  "Postgres Qerror": 15.160731609852771,
  "Actual Plan Time": 57995.99,
  "Postgres Estimated Time": 0.0960318111979028,
  "Postgres Weighted Qerror": 27.33406503438794,
  "Our Estimated Time": 0.0960318111979028,
  "Nodes": [
    {
      "Our Qerror": 1.0,
      "Actual Time": 0.8879999999990105,
      "Our Estimated Time": 0.0976333843138992,
      "Nodes": [
        {
          "Our Qerror": 1.0,
          "Actual Time": 0.6070000000036089,
          "Our Estimated Time": 0.1052588863138992,
          "Nodes": [
            {
              "Our Qerror": 1.0,
              "Actual Time": 0.023000000001047738,
              "Our Estimated Time": 0.0007183909350864,
              "Nodes": [
                {
                  "Our Qerror": 1.0,
                  "Actual Time": 0.031000000002677552,
                  "Our Estimated Time": 0.0009478969350864,
                  "Nodes": [
                    {
                      "Our Qerror": 1.0,
                      "Actual Time": 8.030999999995402,
                      "Our Estimated Time": 0.0010219309350864001,
                      "Nodes": [
                        {
                          "Our Qerror": 1.0,
                          "Actual Time": 26.45100000000093,
                          "Our Estimated Time": 0.9104550061504871,
                          "Nodes": [
                            {
                              "Our Qerror": 1.0,
                              "Actual Time": 22.105000000000473,
                              "Our Estimated Time": 3.7731037501114146,
                              "Nodes": [
                                {
                                  "Our Qerror": 1.0,
                                  "Actual Time": 114.87799999999993,
                                  "Our Estimated Time": 22.514138723926347,
                                  "Nodes": [
                                    {
                                      "Our Qerror": 1.0,
                                      "Actual Time": 32.771000000000015,
                                      "Our Estimated Time": 8.04337435075506,
                                      "Nodes": [
                                        {
                                          "Our Qerror": 1.0,
                                          "Actual Time": 69.78399999999999,
                                          "Our Estimated Time": 14.124227899274125,
                                          "Nodes": [
                                            {
                                              "Our Qerror": 1.0,
                                              "Actual Time": 28.4,
                                              "Our Estimated Time": 44.57564675251888,
                                              "Postgres Qerror": 1.0,
                                              "Node Type": "Seq Scan",
                                              "Actual Rows": 135086,
                                              "Actual Loops": 1,
                                              "Postgres Estimated Time": 44.57564675251888
                                            },
                                            {
                                              "Our Qerror": 0,
                                              "Actual Time": 0,
                                              "Our Estimated Time": 5.353644,
                                              "Nodes": [
                                                {
                                                  "Our Qerror": 1.0,
                                                  "Actual Time": 0.04,
                                                  "Our Estimated Time": 3.06093683763954,
                                                  "Postgres Qerror": 1.0,
                                                  "Node Type": "Seq Scan",
                                                  "Actual Rows": 1,
                                                  "Actual Loops": 1,
                                                  "Postgres Estimated Time": 3.06093683763954
                                                }
                                              ],
                                              "Postgres Qerror": 0,
                                              "Node Type": "Materialize",
                                              "Actual Rows": 1,
                                              "Actual Loops": 135086,
                                              "Postgres Estimated Time": 9.533534059824184
                                            }
                                          ],
                                          "Postgres Qerror": 1.0,
                                          "Node Type": "Nested Loop",
                                          "Actual Rows": 24592,
                                          "Actual Loops": 1,
                                          "Postgres Estimated Time": 18.023303166967075
                                        }
                                      ],
                                      "Postgres Qerror": 1.0,
                                      "Node Type": "Sort",
                                      "Actual Rows": 24592,
                                      "Actual Loops": 1,
                                      "Postgres Estimated Time": 57.60749111643411
                                    },
                                    {
                                      "Our Qerror": 1.0,
                                      "Actual Time": 220.06099999999992,
                                      "Our Estimated Time": 51.720394433821404,
                                      "Nodes": [
                                        {
                                          "Our Qerror": 1.0,
                                          "Actual Time": 637.3230000000001,
                                          "Our Estimated Time": 158.7213110362833,
                                          "Nodes": [
                                            {
                                              "Our Qerror": 1.5936814525508383,
                                              "Actual Time": 1003.175,
                                              "Our Estimated Time": 1598.741391162687,
                                              "Postgres Qerror": 1.5936814525508383,
                                              "Node Type": "Seq Scan",
                                              "Actual Rows": 1381453,
                                              "Actual Loops": 1,
                                              "Postgres Estimated Time": 1598.741391162687
                                            },
                                            {
                                              "Our Qerror": 0,
                                              "Actual Time": 0,
                                              "Our Estimated Time": 60.2313508,
                                              "Nodes": [
                                                {
                                                  "Our Qerror": 1.0,
                                                  "Actual Time": 0.021,
                                                  "Our Estimated Time": 3.0613771822075084,
                                                  "Postgres Qerror": 1.0,
                                                  "Node Type": "Seq Scan",
                                                  "Actual Rows": 1,
                                                  "Actual Loops": 1,