{
  "Postgres Estimated Plan Time": 3650.722863524328,
  "Postgres Estimated Time": 0.0025536122270552,
  "Postgres Weighted Qerror": 4.210637429587326,
  "Actual Rows": 1,
  "Actual Time": 0.05400000000008731,
  "Our Estimated Plan Time": 63021.64363381112,
  "Our Estimated Time": 0.0025536122270552,
  "Node Type": "Aggregate",
  "Our Qerror": 2.8559733165066024,
  "Our Weighted Qerror": 3.01587861932332,
  "Nodes": [
    {
      "Our Estimated Time": 0.0019157091602304,
      "Node Type": "Nested Loop",
      "Our Qerror": 1.0,
      "Nodes": [
        {
          "Our Estimated Time": 0.0075817891602304,
          "Node Type": "Nested Loop",
          "Our Qerror": 1.0,
          "Nodes": [
            {
              "Our Estimated Time": 3.060833704306515,
              "Node Type": "Seq Scan",
              "Our Qerror": 1.0,
              "Actual Loops": 1,
              "Postgres Estimated Time": 3.060833704306515,
              "Postgres Qerror": 1.0,
              "Actual Rows": 4,
              "Actual Time": 0.016
            },
            {
              "Our Estimated Time": 0.0027904,
              "Node Type": "Materialize",
              "Our Qerror": 1.0,
              "Nodes": [
                {
                  "Our Estimated Time": 0.0025277251602304,
                  "Node Type": "Nested Loop",
                  "Our Qerror": 1.0,
                  "Nodes": [
                    {
                      "Our Estimated Time": 0.0027251491602303998,
                      "Node Type": "Nested Loop",
                      "Our Qerror": 1.0,
                      "Nodes": [
                        {
                          "Our Estimated Time": 0.2074519798225392,
                          "Node Type": "Nested Loop",
                          "Our Qerror": 1.0,
                          "Nodes": [
                            {
                              "Our Estimated Time": 0.007285089350864,
                              "Node Type": "Nested Loop",
                              "Our Qerror": 1.0,
                              "Nodes": [
                                {
                                  "Our Estimated Time": 0.0096369521733784,
                                  "Node Type": "Nested Loop",
                                  "Our Qerror": 1.0,
                                  "Nodes": [
                                    {
                                      "Our Estimated Time": 0.0696428795595792,
                                      "Node Type": "Nested Loop",
                                      "Our Qerror": 1.0,
                                      "Nodes": [
                                        {
                                          "Our Estimated Time": 0.099529178184072,
                                          "Node Type": "Nested Loop",
                                          "Our Qerror": 1.0,
                                          "Nodes": [
                                            {
                                              "Our Estimated Time": 0.1789945379088152,
                                              "Node Type": "Nested Loop",
                                              "Our Qerror": 1.0,
                                              "Nodes": [
                                                {
                                                  "Our Estimated Time": 52.427423452236226,
                                                  "Node Type": "Seq Scan",
                                                  "Our Qerror": 1.0,
                                                  "Actual Loops": 1,
                                                  "Postgres Estimated Time": 52.427423452236226,
                                                  "Postgres Qerror": 1.0,
                                                  "Actual Rows": 4,
                                                  "Actual Time": 132.704
                                                },
                                                {
                                                  "Our Estimated Time": 0.0,
                                                  "Node Type": "Index Scan",
                                                  "Our Qerror": 0,
                                                  "Actual Loops": 4,
                                                  "Postgres Estimated Time": 3555.8769230769235,
                                                  "Postgres Qerror": 1.4962700102106152,
                                                  "Actual Rows": 283,
                                                  "Actual Time": 5320.552
                                                }
                                              ],
                                              "Actual Loops": 1,
                                              "Postgres Estimated Time": 0.0783376849088152,
                                              "Postgres Qerror": 1.0,
                                              "Actual Rows": 1133,
                                              "Actual Time": 2.7310000000006767
                                            },
                                            {
                                              "Our Estimated Time": 0,
                                              "Node Type": "Index Scan",
                                              "Our Qerror": 0,
                                              "Actual Loops": 1133,
                                              "Postgres Estimated Time": 6.3,
                                              "Postgres Qerror": 2.153833,
                                              "Actual Rows": 1,
                                              "Actual Time": 2153.833
                                            }
                                          ],
                                          "Actual Loops": 1,
                                          "Postgres Estimated Time": 0.043559348184072,
                                          "Postgres Qerror": 1.0,
                                          "Actual Rows": 630,
                                          "Actual Time": 7.244000000000597
                                        },
                                        {
                                          "Our Estimated Time": 0.0205356,
                                          "Node Type": "Materialize",
                                          "Our Qerror": 1.0,
                                          "Nodes": [
                                            {
                                              "Our Estimated Time": 3.06093683763954,
                                              "Node Type": "Seq Scan",
                                              "Our Qerror": 1.0,
                                              "Actual Loops": 1,
                                              "Postgres Estimated Time": 3.06093683763954,
                                              "Postgres Qerror": 1.0,
                                              "Actual Rows": 1,
                                              "Actual Time": 0.02
                                            }
                                          ],
                                          "Actual Loops": 630,
                                          "Postgres Estimated Time": 0.0367235781671187,
                                          "Postgres Qerror": 1.0,
                                          "Actual Rows": 1,
                                          "Actual Time": 0.61
                                        }
                                      ],
                                      "Actual Loops": 1,
                                      "Postgres Estimated Time": 0.06913409717111729,
                                      "Postgres Qerror": 1.0,