{
  "Postgres Weighted Qerror": 1.3217273919994648,
  "Our Estimated Plan Time": 41844.830713901814,
  "Actual Time": 0.6419999999998254,
  "Our Estimated Time": 0.0975846052007408,
  "Our Weighted Qerror": 1.1915753184314997,
  "Node Type": "Aggregate",
  "Actual Rows": 1,
  "Our Qerror": 1.0900867376396344,
  "Postgres Estimated Plan Time": 59743.63635951213,
  "Postgres Estimated Time": 0.0975846052007408,
  "Nodes": [
    {
      "Our Qerror": 1.0,
      "Postgres Qerror": 1.0,
      "Postgres Estimated Time": 0.043421064539043194,
      "Actual Time": 0.8320000000094296,
      "Our Estimated Time": 0.0992132125390432,
      "Nodes": [
        {
          "Our Qerror": 1.0,
          "Postgres Qerror": 1.0,
          "Postgres Estimated Time": 0.09217879622815639,
          "Actual Time": 0.878999999993539,
          "Our Estimated Time": 0.10696210453904319,
          "Nodes": [
            {
              "Our Qerror": 1.0,
              "Postgres Qerror": 1.0,
              "Postgres Estimated Time": 0.043421064539043194,
              "Actual Time": 0.8329999999987194,
              "Our Estimated Time": 0.0992132125390432,
              "Nodes": [
                {
                  "Our Qerror": 1.0,
                  "Postgres Qerror": 1.0,
                  "Postgres Estimated Time": 0.09217879622815639,
                  "Actual Time": 1.0950000000011642,
                  "Our Estimated Time": 0.10696210453904319,
                  "Nodes": [
                    {
                      "Our Qerror": 1.0,
                      "Postgres Qerror": 1.0,
                      "Postgres Estimated Time": 0.0432136390715,
                      "Actual Time": 0.34100000000034925,
                      "Our Estimated Time": 0.0987392640715,
                      "Nodes": [
                        {
                          "Our Qerror": 1.0,
                          "Postgres Qerror": 1.0,
                          "Postgres Estimated Time": 0.0051373532929705,
                          "Actual Time": 0.03899999999703141,
                          "Our Estimated Time": 0.0039561509350864,
                          "Nodes": [
                            {
                              "Our Qerror": 1.0612592277881627,
                              "Postgres Qerror": 1.366957989415332,
                              "Postgres Estimated Time": 24943.78599209257,
                              "Actual Time": 18247.661,
                              "Our Estimated Time": 17194.348489229254,
                              "Nodes": [
                                {
                                  "Our Qerror": 1.0,
                                  "Postgres Qerror": 1.0,
                                  "Postgres Estimated Time": 44.57564675251888,
                                  "Actual Time": 15.944,
                                  "Our Estimated Time": 44.57564675251888,
                                  "Actual Loops": 1,
                                  "Node Type": "Seq Scan",
                                  "Actual Rows": 135086
                                },
                                {
                                  "Our Qerror": 1.0136078894368021,
                                  "Postgres Qerror": 1.7568464594438957,
                                  "Postgres Estimated Time": 13194.145300463386,
                                  "Actual Time": 7510.130000000001,
                                  "Our Estimated Time": 7409.3049968000005,
                                  "Nodes": [
                                    {
                                      "Our Qerror": 1.0,
                                      "Postgres Qerror": 1.0,
                                      "Postgres Estimated Time": 1.0462586934941063,
                                      "Actual Time": 2.775000000001455,
                                      "Our Estimated Time": 0.8081914527231152,
                                      "Nodes": [
                                        {
                                          "Our Qerror": 1.0,
                                          "Postgres Qerror": 1.0,
                                          "Postgres Estimated Time": 3.0615846076750515,
                                          "Actual Time": 0.023,
                                          "Our Estimated Time": 3.0615846076750515,
                                          "Actual Loops": 1,
                                          "Node Type": "Seq Scan",
                                          "Actual Rows": 4
                                        },
                                        {
                                          "Our Qerror": 1.0,
                                          "Postgres Qerror": 1.0,
                                          "Postgres Estimated Time": 0.8301236739171948,
                                          "Actual Time": 5.596999999997934,
                                          "Our Estimated Time": 0.3107808,
                                          "Nodes": [
                                            {
                                              "Our Qerror": 1.0,
                                              "Postgres Qerror": 1.0,
                                              "Postgres Estimated Time": 0.12321072772066079,
                                              "Actual Time": 6.639999999999418,
                                              "Our Estimated Time": 0.28152538972066077,
                                              "Nodes": [
                                                {
                                                  "Our Qerror": 1.0,
                                                  "Postgres Qerror": 1.0,
                                                  "Postgres Estimated Time": 0.26171145489618286,
                                                  "Actual Time": 3.9130000000004657,
                                                  "Our Estimated Time": 0.3036838095431752,
                                                  "Nodes": [
                                                    {
                                                      "Our Qerror": 1.0689682640696057,
                                                      "Postgres Qerror": 1.0689682640696057,
                                                      "Postgres Estimated Time": 10714.289221166675,
                                                      "Actual Time": 10023.019,
                                                      "Our Estimated Time": 10714.289221166675,
                                                      "Actual Loops": 1,
                                                      "Node Type": "Seq Scan",
                                                      "Actual Rows": 1783
                                                    },
                                                    {
                                                      "Our Qerror": 0,
                                                      "Postgres Qerror": 0,
                                                      "Postgres Estimated Time": 0.1385868647532915,
                                                      "Actual Time": 0,
                                                      "Our Estimated Time": 0.07773880000000001,
                                                      "Nodes": [
                                                        {
                                                          "Our Qerror": 1.0,
                                                          "Postgres Qerror": 1.0,
                                                          "Postgres Estimated Time": 3.062698215911415,
                                                          "Actual Time": 0.012,
                                                          "Our Estimated Time": 3.062698215911415,