{
  "Postgres Estimated Time": 0.0427709769005594,
  "Postgres Qerror": 5.733582509703218,
  "Actual Rows": 1,
  "Nodes": [
    {
      "Postgres Estimated Time": 0.01901400119146,
      "Postgres Qerror": 1.0,
      "Actual Rows": 275,
      "Our Estimated Time": 0.04344527619146,
      "Our Qerror": 1.0,
      "Nodes": [
        {
          "Postgres Estimated Time": 0.1309291182094196,
          "Postgres Qerror": 1.0,
          "Actual Rows": 892,
          "Our Estimated Time": 0.1519270656828448,
          "Our Qerror": 1.0,
          "Nodes": [
            {
              "Postgres Estimated Time": 0.004770399486329751,
              "Postgres Qerror": 1.0,
              "Actual Rows": 65,
              "Our Estimated Time": 0.007782568463436,
              "Our Qerror": 1.0,
              "Nodes": [
                {
                  "Postgres Estimated Time": 0.009540798972659501,
                  "Postgres Qerror": 1.0,
                  "Actual Rows": 65,
                  "Our Estimated Time": 0.011070918463436,
                  "Our Qerror": 1.0,
                  "Nodes": [
                    {
                      "Postgres Estimated Time": 0.9314021520155517,
                      "Postgres Qerror": 1.0,
                      "Actual Rows": 12691,
                      "Our Estimated Time": 1.5195165595302504,
                      "Our Qerror": 1.0,
                      "Nodes": [
                        {
                          "Postgres Estimated Time": 0.8774788695302503,
                          "Postgres Qerror": 1.0,
                          "Actual Rows": 12691,
                          "Our Estimated Time": 2.00496000053025,
                          "Our Qerror": 1.0,
                          "Nodes": [
                            {
                              "Postgres Estimated Time": 0.8823187971062584,
                              "Postgres Qerror": 1.0,
                              "Actual Rows": 12761,
                              "Our Estimated Time": 2.0160187981062583,
                              "Our Qerror": 1.0,
                              "Nodes": [
                                {
                                  "Postgres Estimated Time": 0.6515631790713157,
                                  "Postgres Qerror": 1.0,
                                  "Actual Rows": 4439,
                                  "Our Estimated Time": 0.7560585701414215,
                                  "Our Qerror": 1.0,
                                  "Nodes": [
                                    {
                                      "Postgres Estimated Time": 0.1083247637203494,
                                      "Postgres Qerror": 1.0,
                                      "Actual Rows": 738,
                                      "Our Estimated Time": 0.1256975050156272,
                                      "Our Qerror": 1.0,
                                      "Nodes": [
                                        {
                                          "Postgres Estimated Time": 0.034225202144628,
                                          "Postgres Qerror": 1.0,
                                          "Actual Rows": 495,
                                          "Our Estimated Time": 0.078201497144628,
                                          "Our Qerror": 1.0,
                                          "Nodes": [
                                            {
                                              "Postgres Estimated Time": 0.6703991110996224,
                                              "Postgres Qerror": 1.0,
                                              "Actual Rows": 9696,
                                              "Our Estimated Time": 1.5318014470996224,
                                              "Our Qerror": 1.0,
                                              "Nodes": [
                                                {
                                                  "Postgres Estimated Time": 52.42735431041371,
                                                  "Postgres Qerror": 1.0,
                                                  "Actual Rows": 3,
                                                  "Our Estimated Time": 52.42735431041371,
                                                  "Our Qerror": 1.0,
                                                  "Node Type": "Seq Scan",
                                                  "Actual Loops": 1,
                                                  "Actual Time": 110.027
                                                },
                                                {
                                                  "Postgres Estimated Time": 30430.52307692308,
                                                  "Postgres Qerror": 3.1865186167210795,
                                                  "Actual Rows": 3232,
                                                  "Our Estimated Time": 0.0,
                                                  "Our Qerror": 0,
                                                  "Node Type": "Index Scan",
                                                  "Actual Loops": 3,
                                                  "Actual Time": 9549.771
                                                }
                                              ],
                                              "Node Type": "Nested Loop",
                                              "Actual Loops": 1,
                                              "Actual Time": 12.375
                                            },
                                            {
                                              "Postgres Estimated Time": 19.8,
                                              "Postgres Qerror": 27.963264,
                                              "Actual Rows": 0,
                                              "Our Estimated Time": 25081.492024217907,
                                              "Our Qerror": 1.1148963535741632,
                                              "Node Type": "Index Scan",
                                              "Actual Loops": 9696,
                                              "Actual Time": 27963.264
                                            }
                                          ],
                                          "Node Type": "Nested Loop",
                                          "Actual Loops": 1,
                                          "Actual Time": 34.637000000002445
                                        },
                                        {
                                          "Postgres Estimated Time": 110.7,
                                          "Postgres Qerror": 30.564764999999998,
                                          "Actual Rows": 1,
                                          "Our Estimated Time": 7102.333694035998,
                                          "Our Qerror": 4.303481970393193,
                                          "Node Type": "Index Scan",
                                          "Actual Loops": 495,
                                          "Actual Time": 30564.765
                                        }
                                      ],
                                      "Node Type": "Nested Loop",
                                      "Actual Loops": 1,
                                      "Actual Time": 4.028999999994994
                                    },
                                    {
                                      "Postgres Estimated Time": 1154.14,
                                      "Postgres Qerror": 87.18597743774585,
                                      "Actual Rows": 6,
                                      "Our Estimated Time": 13071.018823939039,
                                      "Our Qerror": 7.69831528478176,