{
  "Postgres Estimated Plan Time": 5636.935392634603,
  "Our Weighted Qerror": 17.163490266503672,
  "Postgres Estimated Time": 0.014510126048907801,
  "Postgres Weighted Qerror": 25.671139070245825,
  "Postgres Qerror": 10.987147214943194,
  "Actual Rows": 1,
  "Our Qerror": 1.5849113116844198,
  "Nodes": [
    {
      "Postgres Estimated Time": 0.0064301894938392,
      "Actual Time": 0.46899999999732245,
      "Actual Rows": 93,
      "Our Qerror": 1.0,
      "Postgres Qerror": 1.0,
      "Nodes": [
        {
          "Postgres Estimated Time": 0.0064301894938392,
          "Actual Time": 5.5349999999962165,
          "Actual Rows": 93,
          "Our Qerror": 1.0,
          "Postgres Qerror": 1.0,
          "Nodes": [
            {
              "Postgres Estimated Time": 0.3538902511243393,
              "Actual Time": 7.419999999998254,
              "Actual Rows": 2300,
              "Our Qerror": 1.0,
              "Postgres Qerror": 1.0,
              "Nodes": [
                {
                  "Postgres Estimated Time": 0.5226890021790843,
                  "Actual Time": 51.14600000000064,
                  "Actual Rows": 3561,
                  "Our Qerror": 1.0,
                  "Postgres Qerror": 1.0,
                  "Nodes": [
                    {
                      "Postgres Estimated Time": 0.7167932740067847,
                      "Actual Time": 28.665000000000873,
                      "Actual Rows": 10367,
                      "Our Qerror": 1.0,
                      "Postgres Qerror": 1.0,
                      "Nodes": [
                        {
                          "Postgres Estimated Time": 0.005807913091209599,
                          "Actual Time": 25.13800000000083,
                          "Actual Rows": 84,
                          "Our Qerror": 1.0,
                          "Postgres Qerror": 1.0,
                          "Nodes": [
                            {
                              "Postgres Estimated Time": 4.132191880750601,
                              "Actual Time": 34.84899999999834,
                              "Actual Rows": 59764,
                              "Our Qerror": 1.0,
                              "Postgres Qerror": 1.0,
                              "Nodes": [
                                {
                                  "Postgres Estimated Time": 0.5843372416947303,
                                  "Actual Time": 4.597000000000207,
                                  "Actual Rows": 2413,
                                  "Our Qerror": 1.0,
                                  "Postgres Qerror": 1.0,
                                  "Nodes": [
                                    {
                                      "Postgres Estimated Time": 1.1686744833894607,
                                      "Actual Time": 5.528999999999996,
                                      "Actual Rows": 3981,
                                      "Our Qerror": 1.0,
                                      "Postgres Qerror": 1.0,
                                      "Nodes": [
                                        {
                                          "Postgres Estimated Time": 0.27525359542982636,
                                          "Actual Time": 9.654999999999745,
                                          "Actual Rows": 3981,
                                          "Our Qerror": 1.0,
                                          "Postgres Qerror": 1.0,
                                          "Nodes": [
                                            {
                                              "Postgres Estimated Time": 7.759164850657331,
                                              "Actual Time": 46.45399999999995,
                                              "Actual Rows": 15849,
                                              "Our Qerror": 1.0,
                                              "Postgres Qerror": 1.0,
                                              "Nodes": [
                                                {
                                                  "Postgres Estimated Time": 474.3301104922695,
                                                  "Actual Time": 1928.066,
                                                  "Actual Rows": 52862,
                                                  "Our Qerror": 1.928066,
                                                  "Postgres Qerror": 1.928066,
                                                  "Node Type": "Seq Scan",
                                                  "Our Estimated Time": 474.3301104922695,
                                                  "Actual Loops": 1
                                                },
                                                {
                                                  "Postgres Estimated Time": 4.104345108301402,
                                                  "Actual Time": 0,
                                                  "Actual Rows": 1,
                                                  "Our Qerror": 0,
                                                  "Postgres Qerror": 0,
                                                  "Nodes": [
                                                    {
                                                      "Postgres Estimated Time": 3.0769360236090764,
                                                      "Actual Time": 0.057,
                                                      "Actual Rows": 1,
                                                      "Our Qerror": 1.0,
                                                      "Postgres Qerror": 1.0,
                                                      "Node Type": "Seq Scan",
                                                      "Our Estimated Time": 3.0769360236090764,
                                                      "Actual Loops": 1
                                                    }
                                                  ],
                                                  "Node Type": "Materialize",
                                                  "Our Estimated Time": 2.3047832,
                                                  "Actual Loops": 52862
                                                }
                                              ],
                                              "Node Type": "Nested Loop",
                                              "Our Estimated Time": 6.444405905030726,
                                              "Actual Loops": 1
                                            },
                                            {
                                              "Postgres Estimated Time": 318.48,
                                              "Actual Time": 792.45,
                                              "Actual Rows": 0,
                                              "Our Qerror": 0,
                                              "Postgres Qerror": 1.0,
                                              "Node Type": "Index Scan",
                                              "Our Estimated Time": 0,
                                              "Actual Loops": 15849
                                            }
                                          ],
                                          "Node Type": "Nested Loop",
                                          "Our Estimated Time": 0.6289296164298264,
                                          "Actual Loops": 1
                                        },
                                        {
                                          "Postgres Estimated Time": 0.6184778513303755,
                                          "Actual Time": 0,
                                          "Actual Rows": 1,
                                          "Our Qerror": 0,
                                          "Postgres Qerror": 0,