{
  "Actual Loops": 1,
  "Postgres Weighted Qerror": 56.37322117864866,
  "Actual Time": 34.1880000000092,
  "Our Estimated Time": 0.7298823231563744,
  "Actual Rows": 1,
  "Node Type": "Aggregate",
  "Postgres Estimated Plan Time": 60176.93995429985,
  "Our Qerror": 1.6580674645620486,
  "Nodes": [
    {
      "Our Qerror": 1.0,
      "Nodes": [
        {
          "Our Qerror": 1.0,
          "Nodes": [
            {
              "Our Qerror": 1.3536053912867176,
              "Nodes": [
                {
                  "Our Qerror": 1.0,
                  "Nodes": [
                    {
                      "Our Qerror": 1.0,
                      "Nodes": [
                        {
                          "Our Qerror": 1.0,
                          "Actual Loops": 1,
                          "Postgres Estimated Time": 529.8198801512012,
                          "Actual Time": 462.334,
                          "Postgres Qerror": 1.0,
                          "Our Estimated Time": 529.8198801512012,
                          "Actual Rows": 855412,
                          "Node Type": "Seq Scan"
                        },
                        {
                          "Our Qerror": 0,
                          "Nodes": [
                            {
                              "Our Qerror": 1.0,
                              "Actual Loops": 1,
                              "Postgres Estimated Time": 3.0769360236090764,
                              "Actual Time": 0.052,
                              "Postgres Qerror": 1.0,
                              "Our Estimated Time": 3.0769360236090764,
                              "Actual Rows": 1,
                              "Node Type": "Seq Scan"
                            }
                          ],
                          "Actual Loops": 855412,
                          "Postgres Estimated Time": 66.41408645718326,
                          "Actual Time": 0,
                          "Postgres Qerror": 0,
                          "Our Estimated Time": 37.2959632,
                          "Actual Rows": 1,
                          "Node Type": "Materialize"
                        }
                      ],
                      "Actual Loops": 1,
                      "Postgres Estimated Time": 125.5586758584709,
                      "Actual Time": 406.28799999999995,
                      "Postgres Qerror": 1.0,
                      "Our Estimated Time": 117.59312107246765,
                      "Actual Rows": 448969,
                      "Node Type": "Nested Loop"
                    },
                    {
                      "Our Qerror": 3.591752,
                      "Actual Loops": 448969,
                      "Postgres Estimated Time": 46853.48181818182,
                      "Actual Time": 3591.752,
                      "Postgres Qerror": 13.044743016272232,
                      "Our Estimated Time": 77.5916634641554,
                      "Actual Rows": 8,
                      "Node Type": "Index Scan"
                    }
                  ],
                  "Actual Loops": 1,
                  "Postgres Estimated Time": 237.56590909732225,
                  "Actual Time": 830.3640000000005,
                  "Postgres Qerror": 1.0,
                  "Our Estimated Time": 542.8166554993222,
                  "Actual Rows": 3435922,
                  "Node Type": "Nested Loop"
                }
              ],
              "Actual Loops": 1,
              "Postgres Estimated Time": 11850.863724311766,
              "Actual Time": 2241.9849999999997,
              "Postgres Qerror": 5.285880023421998,
              "Our Estimated Time": 1656.306198565596,
              "Actual Rows": 3431234,
              "Node Type": "Sort"
            },
            {
              "Our Qerror": 1.0,
              "Nodes": [
                {
                  "Our Qerror": 1.0,
                  "Actual Loops": 1,
                  "Postgres Estimated Time": 52.4292211396216,
                  "Actual Time": 75.429,
                  "Postgres Qerror": 1.0,
                  "Our Estimated Time": 52.4292211396216,
                  "Actual Rows": 30,
                  "Node Type": "Seq Scan"
                }
              ],
              "Actual Loops": 1,
              "Postgres Estimated Time": 0.6511186244165841,
              "Actual Time": 0.05700000000000216,
              "Postgres Qerror": 1.0,
              "Our Estimated Time": 0.3897015356955664,
              "Actual Rows": 30,
              "Node Type": "Sort"
            }
          ],
          "Actual Loops": 1,
          "Postgres Estimated Time": 267.65882897479287,
          "Actual Time": 643.201,
          "Postgres Qerror": 1.0,
          "Our Estimated Time": 240.3963283131062,
          "Actual Rows": 8092,
          "Node Type": "Merge Join"
        },
        {
          "Our Qerror": 1.5843996270881378,
          "Actual Loops": 8092,
          "Postgres Estimated Time": 188.0,
          "Actual Time": 62866.748,
          "Postgres Qerror": 62.866748,
          "Our Estimated Time": 39678.59302992806,
          "Actual Rows": 1,
          "Node Type": "Index Scan"
        }
      ],
      "Actual Loops": 1,
      "Postgres Estimated Time": 0.6898731564846099,
      "Actual Time": 41.487999999997555,
      "Postgres Qerror": 1.0,
      "Our Estimated Time": 0.8005125658176799,
      "Actual Rows": 4700,
      "Node Type": "Nested Loop"
    }
  ],
  "Postgres Estimated Time": 0.7298823231563744,
  "Actual Plan Time": 71193.834,
  "Our Weighted Qerror": 1.6579370974757712,
  "Postgres Qerror": 1.1830750126886929,
  "Our Estimated Plan Time": 42937.839093781804
}
