{
  "Node Type": "Aggregate",
  "Actual Time": 594.0529999999999,
  "Actual Loops": 1,
  "Postgres Estimated Plan Time": 83626.31662777837,
  "Postgres Estimated Time": 386.2748133612065,
  "Our Qerror": 1.0464323234092512,
  "Postgres Qerror": 2.471447338276969,
  "Nodes": [
    {
      "Node Type": "Merge Join",
      "Nodes": [
        {
          "Node Type": "Merge Join",
          "Nodes": [
            {
              "Node Type": "Sort",
              "Nodes": [
                {
                  "Node Type": "Seq Scan",
                  "Actual Time": 522.672,
                  "Actual Loops": 1,
                  "Our Estimated Time": 485.0342293897681,
                  "Postgres Estimated Time": 485.0342293897681,
                  "Actual Rows": 901343,
                  "Our Qerror": 1.0,
                  "Postgres Qerror": 1.0
                }
              ],
              "Actual Time": 565.001,
              "Actual Loops": 1,
              "Our Estimated Time": 446.0545495628345,
              "Postgres Estimated Time": 2838.629078266697,
              "Actual Rows": 656209,
              "Our Qerror": 1.0,
              "Postgres Qerror": 2.838629078266697
            },
            {
              "Node Type": "Sort",
              "Nodes": [
                {
                  "Node Type": "Seq Scan",
                  "Actual Time": 1651.269,
                  "Actual Loops": 1,
                  "Our Estimated Time": 2323.675432879285,
                  "Postgres Estimated Time": 2323.675432879285,
                  "Actual Rows": 4167491,
                  "Our Qerror": 1.4072058718956661,
                  "Postgres Qerror": 1.4072058718956661
                }
              ],
              "Actual Time": 2133.6980000000003,
              "Actual Loops": 1,
              "Our Estimated Time": 1994.9906436077542,
              "Postgres Estimated Time": 14554.336391532659,
              "Actual Rows": 3228374,
              "Our Qerror": 1.0695278230184613,
              "Postgres Qerror": 6.821179188213447
            }
          ],
          "Actual Time": 574.4889999999996,
          "Actual Loops": 1,
          "Our Estimated Time": 563.5499586145482,
          "Postgres Estimated Time": 476.40636155531513,
          "Actual Rows": 656209,
          "Our Qerror": 1.0,
          "Postgres Qerror": 1.0
        },
        {
          "Node Type": "Sort",
          "Nodes": [
            {
              "Node Type": "Merge Join",
              "Nodes": [
                {
                  "Node Type": "Merge Join",
                  "Nodes": [
                    {
                      "Node Type": "Sort",
                      "Nodes": [
                        {
                          "Node Type": "Merge Join",
                          "Nodes": [
                            {
                              "Node Type": "Sort",
                              "Nodes": [
                                {
                                  "Node Type": "Seq Scan",
                                  "Actual Time": 164.52,
                                  "Actual Loops": 1,
                                  "Our Estimated Time": 137.23841815838216,
                                  "Postgres Estimated Time": 137.23841815838216,
                                  "Actual Rows": 84843,
                                  "Our Qerror": 1.0,
                                  "Postgres Qerror": 1.0
                                }
                              ],
                              "Actual Time": 52.58099999999999,
                              "Actual Loops": 1,
                              "Our Estimated Time": 32.20709212443929,
                              "Postgres Estimated Time": 222.28466607748643,
                              "Actual Rows": 84843,
                              "Our Qerror": 1.0,
                              "Postgres Qerror": 1.0
                            },
                            {
                              "Node Type": "Sort",
                              "Nodes": [
                                {
                                  "Node Type": "Seq Scan",
                                  "Actual Time": 519.478,
                                  "Actual Loops": 1,
                                  "Our Estimated Time": 953.0893913896143,
                                  "Postgres Estimated Time": 953.0893913896143,
                                  "Actual Rows": 2609129,
                                  "Our Qerror": 1.0,
                                  "Postgres Qerror": 1.0
                                }
                              ],
                              "Actual Time": 1171.116,
                              "Actual Loops": 1,
                              "Our Estimated Time": 859.1760622467089,
                              "Postgres Estimated Time": 8838.271504739252,
                              "Actual Rows": 2609129,
                              "Our Qerror": 1.171116,
                              "Postgres Qerror": 7.546879647053966
                            }
                          ],
                          "Actual Time": 401.3209999999999,
                          "Actual Loops": 1,
                          "Our Estimated Time": 678.4640243261933,
                          "Postgres Estimated Time": 388.3202397593225,
                          "Actual Rows": 1153798,
                          "Our Qerror": 1.0,
                          "Postgres Qerror": 1.0
                        }
                      ],
                      "Actual Time": 589.031,
                      "Actual Loops": 1,
                      "Our Estimated Time": 489.3617969581598,
                      "Postgres Estimated Time": 3697.518683871505,
                      "Actual Rows": 1153798,
                      "Our Qerror": 1.0,
                      "Postgres Qerror": 3.697518683871505
                    },
                    {
                      "Node Type": "Sort",
                      "Nodes": [
                        {
                          "Node Type": "Seq Scan",
                          "Actual Time": 1025.631,
                          "Actual Loops": 1,
                          "Our Estimated Time": 1481.7712940524057,
                          "Postgres Estimated Time": 1481.7712940524057,
                          "Actual Rows": 2528312,
                          "Our Qerror": 1.4447411340456806,
                          "Postgres Qerror": 1.4447411340456806
                        }
                      ],
                      "Actual Time": 1668.0419999999997,
                      "Actual Loops": 1,
                      "Our Estimated Time": 1230.2962739051932,
                      "Postgres Estimated Time": 8546.687299612666,
                      "Actual Rows": 2525744,
                      "Our Qerror": 1.355805130340937,
                      "Postgres Qerror": 5.1237842330185135
                    }
                  ],
                  "Actual Time": 699.0510000000004,
                  "Actual Loops": 1,
                  "Our Estimated Time": 693.4552022886212,
                  "Postgres Estimated Time": 465.03897777813927,
                  "Actual Rows": 1153798,
                  "Our Qerror": 1.0,
                  "Postgres Qerror": 1.0
                },
                {
                  "Node Type": "Sort",
                  "Nodes": [
                    {
                      "Node Type": "Nested Loop",
                      "Nodes": [
                        {
                          "Node Type": "Seq Scan",
                          "Actual Time": 4181.774,
                          "Actual Loops": 1,
                          "Our Estimated Time": 12939.903445346197,
                          "Postgres Estimated Time": 12939.903445346197,