{
  "Our Estimated Plan Time": 31414.101802848327,
  "Node Type": "Aggregate",
  "Our Weighted Qerror": 2.586835123145857,
  "Postgres Estimated Plan Time": 68419.83370088227,
  "Actual Time": 85.625,
  "Actual Rows": 1,
  "Postgres Estimated Time": 50.156091830491334,
  "Postgres Qerror": 2.273201989899884,
  "Our Qerror": 1.0437119599171363,
  "Actual Loops": 1,
  "Nodes": [
    {
      "Node Type": "Merge Join",
      "Actual Time": 133.91799999999785,
      "Our Qerror": 1.0,
      "Our Estimated Time": 303.34184948407517,
      "Actual Loops": 1,
      "Actual Rows": 323005,
      "Postgres Estimated Time": 125.80737010993477,
      "Postgres Qerror": 1.0,
      "Nodes": [
        {
          "Node Type": "Merge Join",
          "Actual Time": 572.4070000000002,
          "Our Qerror": 1.0,
          "Our Estimated Time": 576.8043899310054,
          "Actual Loops": 1,
          "Actual Rows": 688852,
          "Postgres Estimated Time": 484.0095397505113,
          "Postgres Qerror": 1.0,
          "Nodes": [
            {
              "Node Type": "Sort",
              "Actual Time": 526.5070000000001,
              "Our Qerror": 1.0,
              "Our Estimated Time": 446.0545495628345,
              "Actual Loops": 1,
              "Actual Rows": 688852,
              "Postgres Estimated Time": 2838.629078266697,
              "Postgres Qerror": 2.838629078266697,
              "Nodes": [
                {
                  "Node Type": "Seq Scan",
                  "Actual Time": 461.608,
                  "Our Qerror": 1.0,
                  "Our Estimated Time": 485.0342293897681,
                  "Actual Loops": 1,
                  "Actual Rows": 901343,
                  "Postgres Estimated Time": 485.0342293897681,
                  "Postgres Qerror": 1.0
                }
              ]
            },
            {
              "Node Type": "Sort",
              "Actual Time": 2134.4080000000004,
              "Our Qerror": 1.068674688668883,
              "Our Estimated Time": 1997.247640120092,
              "Actual Loops": 1,
              "Actual Rows": 3441946,
              "Postgres Estimated Time": 14554.336391532659,
              "Postgres Qerror": 6.818910157539072,
              "Nodes": [
                {
                  "Node Type": "Seq Scan",
                  "Actual Time": 1623.61,
                  "Our Qerror": 1.4311783204582904,
                  "Our Estimated Time": 2323.675432879285,
                  "Actual Loops": 1,
                  "Actual Rows": 4167491,
                  "Postgres Estimated Time": 2323.675432879285,
                  "Postgres Qerror": 1.4311783204582904
                }
              ]
            }
          ]
        },
        {
          "Node Type": "Sort",
          "Actual Time": 122.40999999999985,
          "Our Qerror": 1.0,
          "Our Estimated Time": 128.65358766406968,
          "Actual Loops": 1,
          "Actual Rows": 445950,
          "Postgres Estimated Time": 828.632986761942,
          "Postgres Qerror": 1.0,
          "Nodes": [
            {
              "Node Type": "Merge Join",
              "Actual Time": 190.47899999999936,
              "Our Qerror": 1.0,
              "Our Estimated Time": 264.1511997836105,
              "Actual Loops": 1,
              "Actual Rows": 285538,
              "Postgres Estimated Time": 155.3785461808812,
              "Postgres Qerror": 1.0,
              "Nodes": [
                {
                  "Node Type": "Merge Join",
                  "Actual Time": 674.8360000000002,
                  "Our Qerror": 1.0,
                  "Our Estimated Time": 693.4552022886212,
                  "Actual Loops": 1,
                  "Actual Rows": 1153798,
                  "Postgres Estimated Time": 465.03897777813927,
                  "Postgres Qerror": 1.0,
                  "Nodes": [
                    {
                      "Node Type": "Sort",
                      "Actual Time": 572.2200000000003,
                      "Our Qerror": 1.0,
                      "Our Estimated Time": 489.3617969581598,
                      "Actual Loops": 1,
                      "Actual Rows": 1153798,
                      "Postgres Estimated Time": 3697.518683871505,
                      "Postgres Qerror": 3.697518683871505,
                      "Nodes": [
                        {
                          "Node Type": "Merge Join",
                          "Actual Time": 403.2349999999999,
                          "Our Qerror": 1.0,
                          "Our Estimated Time": 678.4640243261933,
                          "Actual Loops": 1,
                          "Actual Rows": 1153798,
                          "Postgres Estimated Time": 388.3202397593225,
                          "Postgres Qerror": 1.0,
                          "Nodes": [
                            {
                              "Node Type": "Sort",
                              "Actual Time": 54.014999999999986,
                              "Our Qerror": 1.0,
                              "Our Estimated Time": 32.20709212443929,
                              "Actual Loops": 1,
                              "Actual Rows": 84843,
                              "Postgres Estimated Time": 222.28466607748643,
                              "Postgres Qerror": 1.0,
                              "Nodes": [
                                {
                                  "Node Type": "Seq Scan",
                                  "Actual Time": 177.996,
                                  "Our Qerror": 1.0,
                                  "Our Estimated Time": 137.23841815838216,
                                  "Actual Loops": 1,
                                  "Actual Rows": 84843,
                                  "Postgres Estimated Time": 137.23841815838216,
                                  "Postgres Qerror": 1.0
                                }
                              ]
                            },
                            {
                              "Node Type": "Sort",
                              "Actual Time": 1178.9630000000002,
                              "Our Qerror": 1.1789630000000002,
                              "Our Estimated Time": 859.1760622467089,
                              "Actual Loops": 1,
                              "Actual Rows": 2609129,
                              "Postgres Estimated Time": 8838.271504739252,
                              "Postgres Qerror": 7.496648753810977,
                              "Nodes": [
                                {
                                  "Node Type": "Seq Scan",
                                  "Actual Time": 519.554,
                                  "Our Qerror": 1.0,
                                  "Our Estimated Time": 953.0893913896143,
                                  "Actual Loops": 1,
                                  "Actual Rows": 2609129,
                                  "Postgres Estimated Time": 953.0893913896143,
                                  "Postgres Qerror": 1.0
                                }
                              ]
                            }
                          ]
                        }
                      ]
                    },
                    {
                      "Node Type": "Sort",
                      "Actual Time": 1637.0569999999998,
                      "Our Qerror": 1.3306201398169493,
                      "Our Estimated Time": 1230.2962739051932,
                      "Actual Loops": 1,
                      "Actual Rows": 2525744,
                      "Postgres Estimated Time": 8546.687299612666,
                      "Postgres Qerror": 5.220763418508132,
                      "Nodes": [
                        {
                          "Node Type": "Seq Scan",
                          "Actual Time": 1002.556,