{
  "Our Weighted Qerror": 1.1768637668617474,
  "Nodes": [
    {
      "Our Qerror": 1.3488227727378943,
      "Actual Time": 37647.34299999999,
      "Nodes": [
        {
          "Our Qerror": 1.1668765286674898,
          "Actual Time": 1530.2210000000014,
          "Nodes": [
            {
              "Our Qerror": 1.0,
              "Actual Time": 839.5519999999997,
              "Nodes": [
                {
                  "Our Qerror": 1.0,
                  "Actual Time": 665.088,
                  "Nodes": [
                    {
                      "Our Qerror": 1.0,
                      "Actual Time": 246.6289999999999,
                      "Nodes": [
                        {
                          "Our Qerror": 1.0,
                          "Actual Time": 82.202,
                          "Nodes": [
                            {
                              "Our Qerror": 1.0,
                              "Actual Time": 0.057,
                              "Actual Rows": 113,
                              "Node Type": "Seq Scan",
                              "Actual Loops": 1,
                              "Postgres Estimated Time": 3.0759066216146547,
                              "Postgres Qerror": 1.0,
                              "Our Estimated Time": 3.0759066216146547
                            }
                          ],
                          "Actual Rows": 113,
                          "Node Type": "Sort",
                          "Actual Loops": 1,
                          "Postgres Estimated Time": 0.12844404891569294,
                          "Postgres Qerror": 1.0,
                          "Our Estimated Time": 0.021784826424854915
                        },
                        {
                          "Our Qerror": 1.0,
                          "Actual Time": 428.54200000000003,
                          "Nodes": [
                            {
                              "Our Qerror": 1.0,
                              "Actual Time": 347.36,
                              "Actual Rows": 1380035,
                              "Node Type": "Seq Scan",
                              "Actual Loops": 1,
                              "Postgres Estimated Time": 458.94776691884636,
                              "Postgres Qerror": 1.0,
                              "Our Estimated Time": 458.94776691884636
                            }
                          ],
                          "Actual Rows": 1380035,
                          "Node Type": "Sort",
                          "Actual Loops": 1,
                          "Postgres Estimated Time": 4477.883478561319,
                          "Postgres Qerror": 4.477883478561319,
                          "Our Estimated Time": 520.6404527550037
                        }
                      ],
                      "Actual Rows": 1380035,
                      "Node Type": "Merge Join",
                      "Actual Loops": 1,
                      "Postgres Estimated Time": 321.4452840420969,
                      "Postgres Qerror": 1.0,
                      "Our Estimated Time": 910.4038933531692
                    }
                  ],
                  "Actual Rows": 1380012,
                  "Node Type": "Sort",
                  "Actual Loops": 1,
                  "Postgres Estimated Time": 4477.883478561319,
                  "Postgres Qerror": 4.477883478561319,
                  "Our Estimated Time": 533.4797086871157
                },
                {
                  "Our Qerror": 1.3315102106805787,
                  "Actual Time": 1658.9779999999998,
                  "Nodes": [
                    {
                      "Our Qerror": 1.4548550213032738,
                      "Actual Time": 1018.501,
                      "Actual Rows": 2528312,
                      "Node Type": "Seq Scan",
                      "Actual Loops": 1,
                      "Postgres Estimated Time": 1481.7712940524057,
                      "Postgres Qerror": 1.4548550213032738,
                      "Our Estimated Time": 1481.7712940524057
                    }
                  ],
                  "Actual Rows": 2525757,
                  "Node Type": "Sort",
                  "Actual Loops": 1,
                  "Postgres Estimated Time": 8546.687299612666,
                  "Postgres Qerror": 5.151778564642006,
                  "Our Estimated Time": 1245.9371221434656
                }
              ],
              "Actual Rows": 1380012,
              "Node Type": "Merge Join",
              "Actual Loops": 1,
              "Postgres Estimated Time": 517.7285391618386,
              "Postgres Qerror": 1.0,
              "Our Estimated Time": 785.0750871187279
            },
            {
              "Our Qerror": 1.3533508884673477,
              "Actual Time": 1665.5119999999997,
              "Nodes": [
                {
                  "Our Qerror": 1.2859494637638635,
                  "Actual Time": 677.8360000000002,
                  "Nodes": [
                    {
                      "Our Qerror": 1.1765910000000002,
                      "Actual Time": 1176.5910000000001,
                      "Nodes": [
                        {
                          "Our Qerror": 1.308039194516954,
                          "Actual Time": 512.3899999999999,
                          "Nodes": [
                            {
                              "Our Qerror": 1.0,
                              "Actual Time": 0.005000000000000001,
                              "Nodes": [
                                {
                                  "Our Qerror": 1.0,
                                  "Actual Time": 0.015,
                                  "Actual Rows": 4,
                                  "Node Type": "Seq Scan",
                                  "Actual Loops": 1,
                                  "Postgres Estimated Time": 3.060833704306515,
                                  "Postgres Qerror": 1.0,
                                  "Our Estimated Time": 3.060833704306515
                                }
                              ],
                              "Actual Rows": 3,
                              "Node Type": "Sort",
                              "Actual Loops": 1,
                              "Postgres Estimated Time": 0.001552794002838,
                              "Postgres Qerror": 1.0,
                              "Our Estimated Time": 0.0004216007300576
                            },
                            {
                              "Our Qerror": 1.0,
                              "Actual Time": 626.6280000000002,
                              "Nodes": [
                                {
                                  "Our Qerror": 1.0,
                                  "Actual Time": 536.329,
                                  "Actual Rows": 2609129,
                                  "Node Type": "Seq Scan",
                                  "Actual Loops": 1,
                                  "Postgres Estimated Time": 953.0893913896143,
                                  "Postgres Qerror": 1.0,
                                  "Our Estimated Time": 953.0893913896143
                                }
                              ],
                              "Actual Rows": 2609129,
                              "Node Type": "Sort",
                              "Actual Loops": 1,
                              "Postgres Estimated Time": 8838.271504739252,
                              "Postgres Qerror": 8.838271504739252,
                              "Our Estimated Time": 727.42835123382
                            }
                          ],
                          "Actual Rows": 2609129,
                          "Node Type": "Merge Join",
                          "Actual Loops": 1,
                          "Postgres Estimated Time": 607.7162124937066,