{
  "Our Estimated Time": 165358.86004745256,
  "Actual Plan Time": 604437.618,
  "Our Qerror": 1.0776691092607218,
  "Nodes": [
    {
      "Actual Loops": 1,
      "Actual Time": 423144.037,
      "Our Estimated Time": 294878.53990169556,
      "Our Qerror": 1.4349773881173742,
      "Nodes": [
        {
          "Actual Loops": 1,
          "Actual Time": 39022.795000000006,
          "Our Estimated Time": 50779.59357147455,
          "Our Qerror": 1.3012802791669469,
          "Nodes": [
            {
              "Actual Loops": 1,
              "Actual Time": 1417.4210000000003,
              "Our Estimated Time": 1785.5789685740965,
              "Our Qerror": 1.2597379103132351,
              "Nodes": [
                {
                  "Actual Loops": 1,
                  "Actual Time": 975.701,
                  "Our Estimated Time": 785.0750871187279,
                  "Our Qerror": 1.0,
                  "Nodes": [
                    {
                      "Actual Loops": 1,
                      "Actual Time": 687.308,
                      "Our Estimated Time": 533.4797086871157,
                      "Our Qerror": 1.0,
                      "Nodes": [
                        {
                          "Actual Loops": 1,
                          "Actual Time": 247.90099999999995,
                          "Our Estimated Time": 910.4038933531692,
                          "Our Qerror": 1.0,
                          "Nodes": [
                            {
                              "Actual Loops": 1,
                              "Actual Time": 0.09,
                              "Our Estimated Time": 0.021784826424854915,
                              "Our Qerror": 1.0,
                              "Nodes": [
                                {
                                  "Actual Loops": 1,
                                  "Actual Time": 0.058,
                                  "Our Estimated Time": 3.0759066216146547,
                                  "Our Qerror": 1.0,
                                  "Postgres Estimated Time": 3.0759066216146547,
                                  "Actual Rows": 113,
                                  "Node Type": "Seq Scan",
                                  "Postgres Qerror": 1.0
                                }
                              ],
                              "Postgres Estimated Time": 0.12844404891569294,
                              "Actual Rows": 113,
                              "Node Type": "Sort",
                              "Postgres Qerror": 1.0
                            },
                            {
                              "Actual Loops": 1,
                              "Actual Time": 423.54,
                              "Our Estimated Time": 520.6404527550037,
                              "Our Qerror": 1.0,
                              "Nodes": [
                                {
                                  "Actual Loops": 1,
                                  "Actual Time": 313.104,
                                  "Our Estimated Time": 458.94776691884636,
                                  "Our Qerror": 1.0,
                                  "Postgres Estimated Time": 458.94776691884636,
                                  "Actual Rows": 1380035,
                                  "Node Type": "Seq Scan",
                                  "Postgres Qerror": 1.0
                                }
                              ],
                              "Postgres Estimated Time": 4477.883478561319,
                              "Actual Rows": 1380035,
                              "Node Type": "Sort",
                              "Postgres Qerror": 4.477883478561319
                            }
                          ],
                          "Postgres Estimated Time": 321.4452840420969,
                          "Actual Rows": 1380035,
                          "Node Type": "Merge Join",
                          "Postgres Qerror": 1.0
                        }
                      ],
                      "Postgres Estimated Time": 4477.883478561319,
                      "Actual Rows": 1380012,
                      "Node Type": "Sort",
                      "Postgres Qerror": 4.477883478561319
                    },
                    {
                      "Actual Loops": 1,
                      "Actual Time": 1624.9360000000001,
                      "Our Estimated Time": 874.9666953759227,
                      "Our Qerror": 1.6249360000000002,
                      "Nodes": [
                        {
                          "Actual Loops": 1,
                          "Actual Time": 484.0719999999999,
                          "Our Estimated Time": 1281.894845137992,
                          "Our Qerror": 1.281894845137992,
                          "Nodes": [
                            {
                              "Actual Loops": 1,
                              "Actual Time": 0.008,
                              "Our Estimated Time": 0.0008402580565418778,
                              "Our Qerror": 1.0,
                              "Nodes": [
                                {
                                  "Actual Loops": 1,
                                  "Actual Time": 0.016,
                                  "Our Estimated Time": 3.061248555241601,
                                  "Our Qerror": 1.0,
                                  "Postgres Estimated Time": 3.061248555241601,
                                  "Actual Rows": 7,
                                  "Node Type": "Seq Scan",
                                  "Postgres Qerror": 1.0
                                }
                              ],
                              "Postgres Estimated Time": 0.0035949486217594522,
                              "Actual Rows": 7,
                              "Node Type": "Sort",
                              "Postgres Qerror": 1.0
                            },
                            {
                              "Actual Loops": 1,
                              "Actual Time": 923.797,
                              "Our Estimated Time": 954.0520481742176,
                              "Our Qerror": 1.0,
                              "Nodes": [
                                {
                                  "Actual Loops": 1,
                                  "Actual Time": 1003.287,
                                  "Our Estimated Time": 1481.7712940524057,
                                  "Our Qerror": 1.4769166689615292,
                                  "Postgres Estimated Time": 1481.7712940524057,
                                  "Actual Rows": 2528312,
                                  "Node Type": "Seq Scan",
                                  "Postgres Qerror": 1.4769166689615292
                                }
                              ],
                              "Postgres Estimated Time": 8546.687299612666,
                              "Actual Rows": 2528312,
                              "Node Type": "Sort",
                              "Postgres Qerror": 8.546687299612666
                            }
                          ],
                          "Postgres Estimated Time": 588.8927001134034,
                          "Actual Rows": 2528312,
                          "Node Type": "Merge Join",
                          "Postgres Qerror": 1.0
                        }
                      ],
                      "Postgres Estimated Time": 8546.687299612666,
                      "Actual Rows": 3445851,
                      "Node Type": "Sort",
                      "Postgres Qerror": 5.259707028223059
                    }
                  ],
                  "Postgres Estimated Time": 517.7285391618386,
                  "Actual Rows": 1380012,
                  "Node Type": "Merge Join",