{
  "Actual Time": 55.3849999999984,
  "Postgres Estimated Time": 17.25176579275298,
  "Postgres Weighted Qerror": 24.48123357343036,
  "Our Estimated Time": 17.25176579275298,
  "Our Qerror": 1.0977772332899027,
  "Postgres Qerror": 24.416665848323873,
  "Postgres Estimated Plan Time": 695430.9351921127,
  "Our Weighted Qerror": 1.2554718287888162,
  "Node Type": "Aggregate",
  "Our Estimated Plan Time": 31266.686971997617,
  "Actual Loops": 1,
  "Actual Rows": 1,
  "Nodes": [
    {
      "Actual Loops": 1,
      "Actual Rows": 111101,
      "Postgres Estimated Time": 43.12939690672645,
      "Nodes": [
        {
          "Actual Loops": 1,
          "Actual Rows": 333304,
          "Postgres Estimated Time": 980.9216858298337,
          "Nodes": [
            {
              "Actual Loops": 1,
              "Actual Rows": 335055,
              "Postgres Estimated Time": 291.63621992991574,
              "Nodes": [
                {
                  "Actual Loops": 1,
                  "Actual Rows": 49448,
                  "Postgres Estimated Time": 118.80457971593596,
                  "Nodes": [
                    {
                      "Actual Loops": 1,
                      "Actual Rows": 32853,
                      "Postgres Estimated Time": 79.09067557717262,
                      "Nodes": [
                        {
                          "Actual Loops": 1,
                          "Actual Rows": 32853,
                          "Postgres Estimated Time": 7.652246485685806,
                          "Nodes": [
                            {
                              "Actual Loops": 1,
                              "Actual Rows": 32854,
                              "Postgres Estimated Time": 184.00806530326003,
                              "Nodes": [
                                {
                                  "Actual Loops": 1,
                                  "Actual Rows": 71294,
                                  "Postgres Estimated Time": 212.70242126605052,
                                  "Nodes": [
                                    {
                                      "Actual Loops": 1,
                                      "Actual Rows": 71294,
                                      "Postgres Estimated Time": 184.00806530326003,
                                      "Nodes": [
                                        {
                                          "Actual Loops": 1,
                                          "Actual Rows": 71294,
                                          "Postgres Estimated Time": 115.46886763903936,
                                          "Nodes": [
                                            {
                                              "Actual Loops": 1,
                                              "Actual Rows": 1334877,
                                              "Postgres Estimated Time": 4321.428356450139,
                                              "Nodes": [
                                                {
                                                  "Actual Loops": 1,
                                                  "Actual Rows": 1334883,
                                                  "Postgres Estimated Time": 409.85190252027536,
                                                  "Nodes": [
                                                    {
                                                      "Actual Loops": 1,
                                                      "Actual Rows": 1,
                                                      "Postgres Estimated Time": 9.19,
                                                      "Actual Time": 0.052,
                                                      "Our Estimated Time": 0,
                                                      "Our Qerror": 0,
                                                      "Postgres Qerror": 1.0,
                                                      "Node Type": "Index Scan"
                                                    },
                                                    {
                                                      "Actual Loops": 1,
                                                      "Actual Rows": 2609129,
                                                      "Postgres Estimated Time": 22777.45,
                                                      "Actual Time": 1189.802,
                                                      "Our Estimated Time": 0,
                                                      "Our Qerror": 0,
                                                      "Postgres Qerror": 19.1438995732063,
                                                      "Node Type": "Index Scan"
                                                    }
                                                  ],
                                                  "Actual Time": 587.7520000000002,
                                                  "Our Estimated Time": 757.3230595297489,
                                                  "Our Qerror": 1.0,
                                                  "Postgres Qerror": 1.0,
                                                  "Node Type": "Merge Join"
                                                }
                                              ],
                                              "Actual Time": 689.1090000000002,
                                              "Our Estimated Time": 334.0008743982184,
                                              "Our Qerror": 1.0,
                                              "Postgres Qerror": 4.32142835645014,
                                              "Node Type": "Sort"
                                            },
                                            {
                                              "Actual Loops": 1,
                                              "Actual Rows": 9775,
                                              "Postgres Estimated Time": 4597.2,
                                              "Actual Time": 1371.591,
                                              "Our Estimated Time": 554.720184001988,
                                              "Our Qerror": 1.371591,
                                              "Postgres Qerror": 3.3517280297114813,
                                              "Node Type": "Index Scan"
                                            }
                                          ],
                                          "Actual Time": 196.30499999999984,
                                          "Our Estimated Time": 135.70699730552465,
                                          "Our Qerror": 1.0,
                                          "Postgres Qerror": 1.0,
                                          "Node Type": "Merge Join"
                                        }
                                      ],
                                      "Actual Time": 40.11200000000008,
                                      "Our Estimated Time": 16.92191991922194,
                                      "Our Qerror": 1.0,
                                      "Postgres Qerror": 1.0,
                                      "Node Type": "Sort"
                                    },
                                    {
                                      "Actual Loops": 1,
                                      "Actual Rows": 2525727,
                                      "Postgres Estimated Time": 23042.05,
                                      "Actual Time": 8495.13,
                                      "Our Estimated Time": 9430.536034092587,
                                      "Our Qerror": 1.1101108557600163,
                                      "Postgres Qerror": 2.7123834479284015,