{
  "Our Weighted Qerror": 1.1858503675018417,
  "Postgres Estimated Time": 0.0082989500375558,
  "Our Qerror": 1.0079500914489437,
  "Postgres Qerror": 22.500456521715787,
  "Actual Plan Time": 30851.602,
  "Our Estimated Time": 0.0082989500375558,
  "Our Estimated Plan Time": 30608.263506033665,
  "Actual Time": 0.10099999999874854,
  "Postgres Weighted Qerror": 22.520557712335037,
  "Actual Loops": 1,
  "Node Type": "Aggregate",
  "Postgres Estimated Plan Time": 694175.1294262798,
  "Nodes": [
    {
      "Postgres Estimated Time": 4.887884962133457,
      "Our Qerror": 1.0,
      "Postgres Qerror": 1.0,
      "Actual Loops": 1,
      "Node Type": "Merge Join",
      "Our Estimated Time": 4.750325077290049,
      "Nodes": [
        {
          "Postgres Estimated Time": 0.1972134874955853,
          "Our Qerror": 1.0,
          "Postgres Qerror": 1.0,
          "Actual Loops": 1,
          "Node Type": "Sort",
          "Our Estimated Time": 0.023394922863684203,
          "Nodes": [
            {
              "Postgres Estimated Time": 103.67205868037864,
              "Our Qerror": 1.0,
              "Postgres Qerror": 1.0,
              "Actual Loops": 1,
              "Node Type": "Merge Join",
              "Our Estimated Time": 92.39997815772931,
              "Nodes": [
                {
                  "Postgres Estimated Time": 184.80461365226245,
                  "Our Qerror": 1.0,
                  "Postgres Qerror": 1.0,
                  "Actual Loops": 1,
                  "Node Type": "Merge Join",
                  "Our Estimated Time": 164.60523468308594,
                  "Nodes": [
                    {
                      "Postgres Estimated Time": 10389.948929541375,
                      "Our Qerror": 1.0663001634021676,
                      "Postgres Qerror": 8.466206655938992,
                      "Actual Loops": 1,
                      "Node Type": "Sort",
                      "Our Estimated Time": 1150.9198273817915,
                      "Nodes": [
                        {
                          "Postgres Estimated Time": 1449.9454684570267,
                          "Our Qerror": 1.5735734941850263,
                          "Postgres Qerror": 1.9052095820815167,
                          "Actual Loops": 1,
                          "Node Type": "Merge Join",
                          "Our Estimated Time": 1755.5265198659872,
                          "Nodes": [
                            {
                              "Postgres Estimated Time": 9.21,
                              "Our Qerror": 0,
                              "Postgres Qerror": 1.0,
                              "Actual Loops": 1,
                              "Node Type": "Index Scan",
                              "Our Estimated Time": 0,
                              "Actual Rows": 1,
                              "Actual Time": 0.082
                            },
                            {
                              "Postgres Estimated Time": 614135.56,
                              "Our Qerror": 1.6073372390682368,
                              "Postgres Qerror": 63.274640341434555,
                              "Actual Loops": 1,
                              "Node Type": "Index Scan",
                              "Our Estimated Time": 15600.609503229705,
                              "Actual Rows": 12601871,
                              "Actual Time": 9705.872
                            }
                          ],
                          "Actual Rows": 3036719,
                          "Actual Time": 2762.4500000000007
                        }
                      ],
                      "Actual Rows": 2380076,
                      "Actual Time": 1227.2259999999987
                    },
                    {
                      "Postgres Estimated Time": 0.028863559902662716,
                      "Our Qerror": 1.0,
                      "Postgres Qerror": 1.0,
                      "Actual Loops": 1,
                      "Node Type": "Sort",
                      "Our Estimated Time": 0.006470401450466711,
                      "Nodes": [
                        {
                          "Postgres Estimated Time": 0.0069099333126291,
                          "Our Qerror": 1.0,
                          "Postgres Qerror": 1.0,
                          "Actual Loops": 1,
                          "Node Type": "Merge Join",
                          "Our Estimated Time": 434.0740357602831,
                          "Nodes": [
                            {
                              "Postgres Estimated Time": 0.06706983320893734,
                              "Our Qerror": 1.0,
                              "Postgres Qerror": 1.0,
                              "Actual Loops": 1,
                              "Node Type": "Sort",
                              "Our Estimated Time": 0.009177459496016345,
                              "Nodes": [
                                {
                                  "Postgres Estimated Time": 0.0256987407469689,
                                  "Our Qerror": 1.0,
                                  "Postgres Qerror": 1.0,
                                  "Actual Loops": 1,
                                  "Node Type": "Merge Join",
                                  "Our Estimated Time": 153.91999375174723,
                                  "Nodes": [
                                    {
                                      "Postgres Estimated Time": 0.249939680890502,
                                      "Our Qerror": 1.0,
                                      "Postgres Qerror": 1.0,
                                      "Actual Loops": 1,
                                      "Node Type": "Sort",
                                      "Our Estimated Time": 0.03175428128458825,
                                      "Nodes": [
                                        {
                                          "Postgres Estimated Time": 107.19884205932446,
                                          "Our Qerror": 1.0,
                                          "Postgres Qerror": 1.0,
                                          "Actual Loops": 1,
                                          "Node Type": "Merge Join",
                                          "Our Estimated Time": 95.55517537254643,
                                          "Nodes": [
                                            {
                                              "Postgres Estimated Time": 12031.0,
                                              "Our Qerror": 0,
                                              "Postgres Qerror": 4.893288008088913,
                                              "Actual Loops": 1,
                                              "Node Type": "Index Scan",
                                              "Our Estimated Time": 0,
                                              "Actual Rows": 1380035,
                                              "Actual Time": 2458.674
                                            },
                                            {
                                              "Postgres Estimated Time": 23630.94,
                                              "Our Qerror": 1.1696235828553112,
                                              "Postgres Qerror": 2.1424419730026782,
                                              "Actual Loops": 1,
                                              "Node Type": "Index Scan",
                                              "Our Estimated Time": 9430.306606056574,
                                              "Actual Rows": 291,
                                              "Actual Time": 11029.909
                                            }
                                          ],
                                          "Actual Rows": 198,