{
  "Node Type": "Aggregate",
  "Our Estimated Plan Time": 34847.79748897289,
  "Postgres Estimated Plan Time": 727200.4504098967,
  "Our Weighted Qerror": 1.1851614543884603,
  "Postgres Weighted Qerror": 18.22426830479533,
  "Actual Time": 1.02900000000227,
  "Postgres Estimated Time": 0.3527086598670242,
  "Actual Plan Time": 39810.338,
  "Our Qerror": 1.1424061452548744,
  "Our Estimated Time": 0.3527086598670242,
  "Actual Rows": 1,
  "Postgres Qerror": 18.26662336827928,
  "Actual Loops": 1,
  "Nodes": [
    {
      "Postgres Estimated Time": 135.99074845994664,
      "Node Type": "Merge Join",
      "Our Estimated Time": 121.97294879115118,
      "Actual Rows": 2271,
      "Postgres Qerror": 1.0,
      "Nodes": [
        {
          "Postgres Estimated Time": 28.878707585380845,
          "Node Type": "Merge Join",
          "Our Estimated Time": 28.84943349991776,
          "Actual Rows": 2271,
          "Postgres Qerror": 1.0,
          "Nodes": [
            {
              "Postgres Estimated Time": 16.644350167315856,
              "Node Type": "Sort",
              "Our Estimated Time": 1.5178643423952645,
              "Actual Rows": 7964,
              "Postgres Qerror": 1.0,
              "Nodes": [
                {
                  "Postgres Estimated Time": 8.525848391682464,
                  "Node Type": "Merge Join",
                  "Our Estimated Time": 47.87685921828307,
                  "Actual Rows": 7964,
                  "Postgres Qerror": 1.0,
                  "Nodes": [
                    {
                      "Postgres Estimated Time": 19.49437043410891,
                      "Node Type": "Sort",
                      "Our Estimated Time": 1.8460123711427676,
                      "Actual Rows": 9187,
                      "Postgres Qerror": 1.0,
                      "Nodes": [
                        {
                          "Postgres Estimated Time": 204.345051023676,
                          "Node Type": "Merge Join",
                          "Our Estimated Time": 184.6762542769919,
                          "Actual Rows": 9187,
                          "Postgres Qerror": 1.0,
                          "Nodes": [
                            {
                              "Postgres Estimated Time": 8.748443101624359,
                              "Node Type": "Sort",
                              "Our Estimated Time": 0.7253600674584376,
                              "Actual Rows": 4463,
                              "Postgres Qerror": 1.0,
                              "Nodes": [
                                {
                                  "Postgres Estimated Time": 11.433921000197472,
                                  "Node Type": "Merge Join",
                                  "Our Estimated Time": 25.66928811061166,
                                  "Actual Rows": 4463,
                                  "Postgres Qerror": 1.0,
                                  "Nodes": [
                                    {
                                      "Postgres Estimated Time": 8.748443101624359,
                                      "Node Type": "Sort",
                                      "Our Estimated Time": 1.0678673232991862,
                                      "Actual Rows": 4463,
                                      "Postgres Qerror": 1.0,
                                      "Nodes": [
                                        {
                                          "Postgres Estimated Time": 351.3661493224825,
                                          "Node Type": "Merge Join",
                                          "Our Estimated Time": 313.88466616153653,
                                          "Actual Rows": 4463,
                                          "Postgres Qerror": 1.0,
                                          "Nodes": [
                                            {
                                              "Postgres Estimated Time": 3.1285790201003247,
                                              "Node Type": "Sort",
                                              "Our Estimated Time": 0.4003673430144749,
                                              "Actual Rows": 1783,
                                              "Postgres Qerror": 1.0,
                                              "Nodes": [
                                                {
                                                  "Postgres Estimated Time": 0.415372395759165,
                                                  "Node Type": "Merge Join",
                                                  "Our Estimated Time": 464.3167705861102,
                                                  "Actual Rows": 1783,
                                                  "Postgres Qerror": 1.0,
                                                  "Nodes": [
                                                    {
                                                      "Postgres Estimated Time": 9.21,
                                                      "Node Type": "Index Scan",
                                                      "Our Estimated Time": 0,
                                                      "Actual Rows": 1,
                                                      "Postgres Qerror": 1.0,
                                                      "Our Qerror": 0,
                                                      "Actual Loops": 1,
                                                      "Actual Time": 0.104
                                                    },
                                                    {
                                                      "Postgres Estimated Time": 617591.08,
                                                      "Node Type": "Index Scan",
                                                      "Our Estimated Time": 16459.915956085122,
                                                      "Actual Rows": 1783,
                                                      "Postgres Qerror": 31.6386603784604,
                                                      "Our Qerror": 1.1859197855006989,
                                                      "Actual Loops": 1,
                                                      "Actual Time": 19520.14
                                                    }
                                                  ],
                                                  "Actual Loops": 1,
                                                  "Actual Time": 1.257000000001426,
                                                  "Our Qerror": 1.0
                                                }
                                              ],
                                              "Actual Loops": 1,
                                              "Actual Time": 2.2809999999990396,
                                              "Our Qerror": 1.0
                                            },
                                            {
                                              "Postgres Estimated Time": 39285.8,
                                              "Node Type": "Index Scan",
                                              "Our Estimated Time": 2436,
                                              "Actual Rows": 4514890,
                                              "Postgres Qerror": 19.906713723622307,
                                              "Our Qerror": 1.2343583338189354,
                                              "Actual Loops": 1,
                                              "Actual Time": 1973.495
                                            }
                                          ],
                                          "Actual Loops": 1,
                                          "Actual Time": 683.0540000000001,