{
  "Actual Loops": 1,
  "Our Estimated Time": 0.0017772152256362,
  "Our Weighted Qerror": 1.0395325695730913,
  "Actual Time": 0.07899999999790452,
  "Our Qerror": 1.0143196005633537,
  "Postgres Estimated Time": 0.0017772152256362,
  "Node Type": "Aggregate",
  "Postgres Estimated Plan Time": 1415228.7101324885,
  "Our Estimated Plan Time": 89285.8000079073,
  "Actual Rows": 1,
  "Actual Plan Time": 90564.337,
  "Nodes": [
    {
      "Actual Loops": 1,
      "Our Estimated Time": 66.50179586262503,
      "Postgres Estimated Time": 74.66780769986833,
      "Node Type": "Merge Join",
      "Actual Time": 99.54799999999523,
      "Nodes": [
        {
          "Actual Loops": 1,
          "Our Estimated Time": 0.047866754203141904,
          "Postgres Estimated Time": 0.35647676752884905,
          "Node Type": "Sort",
          "Actual Time": 9.569000000003143,
          "Nodes": [
            {
              "Actual Loops": 1,
              "Our Estimated Time": 86.25472729666933,
              "Postgres Estimated Time": 96.70878689375208,
              "Node Type": "Merge Join",
              "Actual Time": 152.01600000000326,
              "Nodes": [
                {
                  "Actual Loops": 1,
                  "Our Estimated Time": 7.630973942306517,
                  "Postgres Estimated Time": 6.143318913427979,
                  "Node Type": "Merge Join",
                  "Actual Time": 10.572000000000116,
                  "Nodes": [
                    {
                      "Actual Loops": 1,
                      "Our Estimated Time": 60.45195985159494,
                      "Postgres Estimated Time": 63.073715998278146,
                      "Node Type": "Merge Join",
                      "Actual Time": 97.33600000000115,
                      "Nodes": [
                        {
                          "Actual Loops": 1,
                          "Our Estimated Time": 3.7401073654035715,
                          "Postgres Estimated Time": 35.56696393158256,
                          "Node Type": "Sort",
                          "Actual Time": 7.7409999999999854,
                          "Nodes": [
                            {
                              "Actual Loops": 1,
                              "Our Estimated Time": 146.79938731561484,
                              "Postgres Estimated Time": 6.565290683699206,
                              "Node Type": "Merge Join",
                              "Actual Time": 8.519000000000005,
                              "Nodes": [
                                {
                                  "Actual Loops": 1,
                                  "Our Estimated Time": 6.91418225144e-05,
                                  "Postgres Estimated Time": 7.76397001419e-05,
                                  "Node Type": "Sort",
                                  "Actual Time": 0.024,
                                  "Nodes": [
                                    {
                                      "Actual Loops": 1,
                                      "Our Estimated Time": 0,
                                      "Postgres Estimated Time": 6.13,
                                      "Node Type": "Index Scan",
                                      "Actual Time": 0.054,
                                      "Our Qerror": 0,
                                      "Actual Rows": 1,
                                      "Postgres Qerror": 1.0
                                    }
                                  ],
                                  "Our Qerror": 1.0,
                                  "Actual Rows": 1,
                                  "Postgres Qerror": 1.0
                                },
                                {
                                  "Actual Loops": 1,
                                  "Our Estimated Time": 14.468877724384042,
                                  "Postgres Estimated Time": 132.89320197529284,
                                  "Node Type": "Sort",
                                  "Actual Time": 34.93399999999997,
                                  "Nodes": [
                                    {
                                      "Actual Loops": 1,
                                      "Our Estimated Time": 1524,
                                      "Postgres Estimated Time": 12138.14,
                                      "Node Type": "Index Scan",
                                      "Actual Time": 1744.574,
                                      "Our Qerror": 1.144733595800525,
                                      "Actual Rows": 52862,
                                      "Postgres Qerror": 6.957652699168966
                                    }
                                  ],
                                  "Our Qerror": 1.0,
                                  "Actual Rows": 52842,
                                  "Postgres Qerror": 1.0
                                }
                              ],
                              "Our Qerror": 1.0,
                              "Actual Rows": 15849,
                              "Postgres Qerror": 1.0
                            }
                          ],
                          "Our Qerror": 1.0,
                          "Actual Rows": 15849,
                          "Postgres Qerror": 1.0
                        },
                        {
                          "Actual Loops": 1,
                          "Our Estimated Time": 7516.389578961836,
                          "Postgres Estimated Time": 23434.65,
                          "Node Type": "Index Scan",
                          "Actual Time": 9441.624,
                          "Our Qerror": 1.2561381898600414,
                          "Actual Rows": 784237,
                          "Postgres Qerror": 2.4820571122086625
                        }
                      ],
                      "Our Qerror": 1.0,
                      "Actual Rows": 6152,
                      "Postgres Qerror": 1.0
                    },
                    {
                      "Actual Loops": 1,
                      "Our Estimated Time": 21.803078577004165,
                      "Postgres Estimated Time": 186.71353521532745,
                      "Node Type": "Sort",
                      "Actual Time": 46.29500000000007,
                      "Nodes": [
                        {
                          "Actual Loops": 1,
                          "Our Estimated Time": 487.3623790567891,
                          "Postgres Estimated Time": 16.830423637960514,
                          "Node Type": "Merge Join",
                          "Actual Time": 25.090000000000146,
                          "Nodes": [
                            {
                              "Actual Loops": 1,
                              "Our Estimated Time": 0,
                              "Postgres Estimated Time": 9.21,
                              "Node Type": "Index Scan",
                              "Actual Time": 0.057,
                              "Our Qerror": 0,
                              "Actual Rows": 1,
                              "Postgres Qerror": 1.0
                            },
                            {
                              "Actual Loops": 1,
                              "Our Estimated Time": 16459.784081382935,
                              "Postgres Estimated Time": 615287.4,
                              "Node Type": "Index Scan",
                              "Actual Time": 15920.151,
                              "Our Qerror": 1.0338962288349485,
                              "Actual Rows": 72259,
                              "Postgres Qerror": 38.64833945356423
                            }
                          ],
                          "Our Qerror": 1.0,
                          "Actual Rows": 72258,