{
  "Postgres Qerror": 14.810459691029399,
  "Actual Time": 19.213000000003376,
  "Actual Rows": 1,
  "Node Type": "Aggregate",
  "Our Estimated Time": 0.5551929978370994,
  "Actual Plan Time": 78410.788,
  "Our Estimated Plan Time": 70422.44000186448,
  "Postgres Weighted Qerror": 14.777351355018185,
  "Our Weighted Qerror": 1.1642389637845,
  "Our Qerror": 1.1134346949342286,
  "Actual Loops": 1,
  "Postgres Estimated Time": 0.5551929978370994,
  "Nodes": [
    {
      "Postgres Qerror": 1.0,
      "Node Type": "Merge Join",
      "Actual Loops": 1,
      "Our Qerror": 1.0,
      "Actual Time": 34.54099999999744,
      "Postgres Estimated Time": 25.088492703853564,
      "Actual Rows": 3575,
      "Our Estimated Time": 28.0069694073906,
      "Nodes": [
        {
          "Postgres Qerror": 1.0,
          "Node Type": "Merge Join",
          "Actual Loops": 1,
          "Our Qerror": 1.0,
          "Actual Time": 238.35899999999674,
          "Postgres Estimated Time": 115.95605675742979,
          "Actual Rows": 265993,
          "Our Estimated Time": 262.49680950985737,
          "Nodes": [
            {
              "Postgres Qerror": 1.0,
              "Node Type": "Sort",
              "Actual Loops": 1,
              "Our Qerror": 1.0,
              "Actual Time": 57.56500000000233,
              "Postgres Estimated Time": 328.9089105916226,
              "Actual Rows": 121777,
              "Our Estimated Time": 35.995192807320834,
              "Nodes": [
                {
                  "Postgres Qerror": 1.0,
                  "Node Type": "Merge Join",
                  "Actual Loops": 1,
                  "Our Qerror": 1.0,
                  "Actual Time": 415.82799999999406,
                  "Postgres Estimated Time": 272.14438501079104,
                  "Actual Rows": 121777,
                  "Our Estimated Time": 273.8158192617957,
                  "Nodes": [
                    {
                      "Postgres Qerror": 1.0,
                      "Node Type": "Sort",
                      "Actual Loops": 1,
                      "Our Qerror": 1.0,
                      "Actual Time": 67.9910000000018,
                      "Postgres Estimated Time": 359.53976577650496,
                      "Actual Rows": 121778,
                      "Our Estimated Time": 39.454519118703345,
                      "Nodes": [
                        {
                          "Postgres Qerror": 1.0,
                          "Node Type": "Merge Join",
                          "Actual Loops": 1,
                          "Our Qerror": 1.0,
                          "Actual Time": 101.57500000000437,
                          "Postgres Estimated Time": 72.3577937015464,
                          "Actual Rows": 132216,
                          "Our Estimated Time": 171.6866082512788,
                          "Nodes": [
                            {
                              "Postgres Qerror": 1.0,
                              "Node Type": "Merge Join",
                              "Actual Loops": 1,
                              "Our Qerror": 1.0,
                              "Actual Time": 277.4850000000006,
                              "Postgres Estimated Time": 183.31571712264122,
                              "Actual Rows": 391371,
                              "Our Estimated Time": 323.7307132801988,
                              "Nodes": [
                                {
                                  "Postgres Qerror": 1.0,
                                  "Node Type": "Merge Join",
                                  "Actual Loops": 1,
                                  "Our Qerror": 1.0,
                                  "Actual Time": 332.9940000000024,
                                  "Postgres Estimated Time": 208.1881385409999,
                                  "Actual Rows": 424568,
                                  "Our Estimated Time": 342.1938768880658,
                                  "Nodes": [
                                    {
                                      "Postgres Qerror": 1.3505172147240407,
                                      "Node Type": "Sort",
                                      "Actual Loops": 1,
                                      "Our Qerror": 1.0,
                                      "Actual Time": 233.9890000000014,
                                      "Postgres Estimated Time": 1350.5172147240407,
                                      "Actual Rows": 451039,
                                      "Our Estimated Time": 153.08874657954297,
                                      "Nodes": [
                                        {
                                          "Postgres Qerror": 1.0,
                                          "Node Type": "Merge Join",
                                          "Actual Loops": 1,
                                          "Our Qerror": 1.0,
                                          "Actual Time": 108.03399999999601,
                                          "Postgres Estimated Time": 105.06072235711667,
                                          "Actual Rows": 451039,
                                          "Our Estimated Time": 609.8454230293986,
                                          "Nodes": [
                                            {
                                              "Postgres Qerror": 1.0,
                                              "Node Type": "Index Scan",
                                              "Actual Loops": 1,
                                              "Our Qerror": 0,
                                              "Actual Time": 0.062,
                                              "Postgres Estimated Time": 9.21,
                                              "Actual Rows": 1,
                                              "Our Estimated Time": 0
                                            },
                                            {
                                              "Postgres Qerror": 31.71352757198394,
                                              "Node Type": "Index Scan",
                                              "Actual Loops": 1,
                                              "Our Qerror": 1.1809160908965592,
                                              "Actual Time": 19437.738,
                                              "Postgres Estimated Time": 616439.24,
                                              "Actual Rows": 451104,
                                              "Our Estimated Time": 16459.88072297562
                                            }
                                          ]
                                        }
                                      ]
                                    },
                                    {
                                      "Postgres Qerror": 2.2776608918047976,
                                      "Node Type": "Index Scan",
                                      "Actual Loops": 1,
                                      "Our Qerror": 1.357129337353401,
                                      "Actual Time": 10202.726,
                                      "Postgres Estimated Time": 23238.35,
                                      "Actual Rows": 1381290,
                                      "Our Estimated Time": 7517.872997939014
                                    }
                                  ]
                                },
                                {
                                  "Postgres Qerror": 3.697518683871505,
                                  "Node Type": "Sort",
                                  "Actual Loops": 1,
                                  "Our Qerror": 1.0,
                                  "Actual Time": 662.0569999999989,
                                  "Postgres Estimated Time": 3697.518683871505,
                                  "Actual Rows": 1279876,