{
  "Postgres Estimated Plan Time": 1175138.1616240211,
  "Node Type": "Aggregate",
  "Actual Plan Time": 74937.447,
  "Our Estimated Time": 273.39196885449354,
  "Actual Time": 447.98099999999977,
  "Our Weighted Qerror": 1.1749947875374018,
  "Nodes": [
    {
      "Actual Rows": 1760645,
      "Node Type": "Merge Join",
      "Our Qerror": 1.0,
      "Postgres Estimated Time": 484.75814173927944,
      "Actual Time": 463.0720000000001,
      "Our Estimated Time": 936.137486534808,
      "Actual Loops": 1,
      "Postgres Qerror": 1.0,
      "Nodes": [
        {
          "Actual Rows": 1761514,
          "Node Type": "Merge Join",
          "Our Qerror": 1.0,
          "Postgres Estimated Time": 515.8960093193893,
          "Actual Time": 677.3390000000072,
          "Our Estimated Time": 925.7120979403243,
          "Actual Loops": 1,
          "Postgres Qerror": 1.0,
          "Nodes": [
            {
              "Actual Rows": 787890,
              "Node Type": "Sort",
              "Our Qerror": 1.0,
              "Postgres Estimated Time": 2457.5832333224616,
              "Actual Time": 291.875,
              "Our Estimated Time": 254.2110166823632,
              "Actual Loops": 1,
              "Postgres Qerror": 2.4575832333224614,
              "Nodes": [
                {
                  "Actual Rows": 787890,
                  "Node Type": "Merge Join",
                  "Our Qerror": 1.0,
                  "Postgres Estimated Time": 427.2948257526553,
                  "Actual Time": 562.6370000000024,
                  "Our Estimated Time": 565.0517593641983,
                  "Actual Loops": 1,
                  "Postgres Qerror": 1.0,
                  "Nodes": [
                    {
                      "Actual Rows": 787891,
                      "Node Type": "Sort",
                      "Our Qerror": 1.0,
                      "Postgres Estimated Time": 2771.6668122169385,
                      "Actual Time": 324.7540000000008,
                      "Our Estimated Time": 287.49131817822484,
                      "Actual Loops": 1,
                      "Postgres Qerror": 2.7716668122169383,
                      "Nodes": [
                        {
                          "Actual Rows": 881478,
                          "Node Type": "Merge Join",
                          "Our Qerror": 1.0,
                          "Postgres Estimated Time": 255.3262284454529,
                          "Actual Time": 343.48999999999796,
                          "Our Estimated Time": 597.7791931792542,
                          "Actual Loops": 1,
                          "Postgres Qerror": 1.0,
                          "Nodes": [
                            {
                              "Actual Rows": 371850,
                              "Node Type": "Merge Join",
                              "Our Qerror": 1.0,
                              "Postgres Estimated Time": 306.58566655253844,
                              "Actual Time": 436.0699999999997,
                              "Our Estimated Time": 370.02140510169676,
                              "Actual Loops": 1,
                              "Postgres Qerror": 1.0,
                              "Nodes": [
                                {
                                  "Actual Rows": 168407,
                                  "Node Type": "Merge Join",
                                  "Our Qerror": 1.0,
                                  "Postgres Estimated Time": 154.8217142514635,
                                  "Actual Time": 229.76699999999983,
                                  "Our Estimated Time": 204.57267777397954,
                                  "Actual Loops": 1,
                                  "Postgres Qerror": 1.0,
                                  "Nodes": [
                                    {
                                      "Actual Rows": 276166,
                                      "Node Type": "Sort",
                                      "Our Qerror": 1.0,
                                      "Postgres Estimated Time": 796.5572531735759,
                                      "Actual Time": 168.99499999999898,
                                      "Our Estimated Time": 89.35937339920622,
                                      "Actual Loops": 1,
                                      "Postgres Qerror": 1.0,
                                      "Nodes": [
                                        {
                                          "Actual Rows": 276166,
                                          "Node Type": "Merge Join",
                                          "Our Qerror": 1.0,
                                          "Postgres Estimated Time": 110.20644876342138,
                                          "Actual Time": 224.65700000000288,
                                          "Our Estimated Time": 277.97480466875083,
                                          "Actual Loops": 1,
                                          "Postgres Qerror": 1.0,
                                          "Nodes": [
                                            {
                                              "Actual Rows": 867127,
                                              "Node Type": "Index Scan",
                                              "Our Qerror": 1.1605343215459745,
                                              "Postgres Estimated Time": 321618.85,
                                              "Actual Time": 16973.528,
                                              "Our Estimated Time": 14625.614843849833,
                                              "Actual Loops": 1,
                                              "Postgres Qerror": 18.948261669583367
                                            },
                                            {
                                              "Actual Rows": 1,
                                              "Node Type": "Index Scan",
                                              "Our Qerror": 0,
                                              "Postgres Estimated Time": 9.19,
                                              "Actual Time": 0.031,
                                              "Our Estimated Time": 0,
                                              "Actual Loops": 1,
                                              "Postgres Qerror": 1.0
                                            }
                                          ]
                                        }
                                      ]
                                    },
                                    {
                                      "Actual Rows": 1381125,
                                      "Node Type": "Index Scan",
                                      "Our Qerror": 1.0533405894691932,
                                      "Postgres Estimated Time": 23238.35,
                                      "Actual Time": 10118.352,
                                      "Our Estimated Time": 9605.964206789859,
                                      "Actual Loops": 1,
                                      "Postgres Qerror": 2.2966536447832606
                                    }
                                  ]
                                },
                                {
                                  "Actual Rows": 3319517,
                                  "Node Type": "Sort",
                                  "Our Qerror": 1.1072518658842168,
                                  "Postgres Estimated Time": 10389.948929541375,
                                  "Actual Time": 1302.826000000001,
                                  "Our Estimated Time": 1176.630214083771,
                                  "Actual Loops": 1,
                                  "Postgres Qerror": 7.974932131797622,