{
  "Postgres Estimated Time": 0.0162181994520296,
  "Actual Time": 0.21400000000721775,
  "Our Estimated Plan Time": 72998.48015037311,
  "Our Qerror": 1.1123221984572396,
  "Node Type": "Aggregate",
  "Our Weighted Qerror": 1.1060038014649343,
  "Postgres Estimated Plan Time": 111684.10372007386,
  "Actual Plan Time": 65627.1,
  "Actual Rows": 1,
  "Postgres Qerror": 1.7017985515141436,
  "Actual Loops": 1,
  "Nodes": [
    {
      "Our Estimated Time": 0.0177134695414976,
      "Postgres Estimated Time": 0.015265278356255199,
      "Actual Rows": 104,
      "Actual Time": 0.09900000000197906,
      "Postgres Qerror": 1.0,
      "Actual Loops": 1,
      "Nodes": [
        {
          "Our Estimated Time": 35586.83119298954,
          "Postgres Estimated Time": 51625.698888619794,
          "Actual Rows": 104,
          "Actual Time": 33682.833,
          "Postgres Qerror": 1.5327006160265615,
          "Actual Loops": 1,
          "Nodes": [
            {
              "Our Estimated Time": 1580.457037982559,
              "Postgres Estimated Time": 1580.457037982559,
              "Actual Rows": 3140339,
              "Actual Time": 540.564,
              "Postgres Qerror": 1.580457037982559,
              "Actual Loops": 1,
              "Our Qerror": 1.580457037982559,
              "Node Type": "Seq Scan"
            },
            {
              "Our Estimated Time": 15334.903404800003,
              "Postgres Estimated Time": 27307.294961331216,
              "Actual Rows": 112,
              "Actual Time": 14843.381000000001,
              "Postgres Qerror": 1.839695077646475,
              "Actual Loops": 3140339,
              "Nodes": [
                {
                  "Our Estimated Time": 4.403123584521856,
                  "Postgres Estimated Time": 1.2479805400809005,
                  "Actual Rows": 112,
                  "Actual Time": 2.003999999997177,
                  "Postgres Qerror": 1.0,
                  "Actual Loops": 1,
                  "Nodes": [
                    {
                      "Our Estimated Time": 3.158913470871058,
                      "Postgres Estimated Time": 32.223763058957886,
                      "Actual Rows": 14489,
                      "Actual Time": 32.54099999999926,
                      "Postgres Qerror": 1.0,
                      "Actual Loops": 1,
                      "Nodes": [
                        {
                          "Our Estimated Time": 187.02234611419135,
                          "Postgres Estimated Time": 205.23239515659776,
                          "Actual Rows": 14489,
                          "Actual Time": 250.8050000000003,
                          "Postgres Qerror": 1.0,
                          "Actual Loops": 1,
                          "Nodes": [
                            {
                              "Our Estimated Time": 75.5311291819183,
                              "Postgres Estimated Time": 81.47277213790562,
                              "Actual Rows": 5288,
                              "Actual Time": 146.46000000000095,
                              "Postgres Qerror": 1.0,
                              "Actual Loops": 1,
                              "Nodes": [
                                {
                                  "Our Estimated Time": 7.33286252214473,
                                  "Postgres Estimated Time": 60.90516797033749,
                                  "Actual Rows": 25874,
                                  "Actual Time": 15.953999999999724,
                                  "Postgres Qerror": 1.0,
                                  "Actual Loops": 1,
                                  "Nodes": [
                                    {
                                      "Our Estimated Time": 3.7469096957375854,
                                      "Postgres Estimated Time": 2.840369244922061,
                                      "Actual Rows": 25874,
                                      "Actual Time": 19.685999999999694,
                                      "Postgres Qerror": 1.0,
                                      "Actual Loops": 1,
                                      "Nodes": [
                                        {
                                          "Our Estimated Time": 16064.13589651243,
                                          "Postgres Estimated Time": 16064.13589651243,
                                          "Actual Rows": 32288,
                                          "Actual Time": 12099.349,
                                          "Postgres Qerror": 1.3276859686014866,
                                          "Actual Loops": 1,
                                          "Our Qerror": 1.3276859686014866,
                                          "Node Type": "Seq Scan"
                                        },
                                        {
                                          "Our Estimated Time": 0.8437036,
                                          "Postgres Estimated Time": 1.5025611168461905,
                                          "Actual Rows": 1,
                                          "Actual Time": 0,
                                          "Postgres Qerror": 0,
                                          "Actual Loops": 32288,
                                          "Nodes": [
                                            {
                                              "Our Estimated Time": 3.06211108982079,
                                              "Postgres Estimated Time": 3.06211108982079,
                                              "Actual Rows": 1,
                                              "Actual Time": 0.016,
                                              "Postgres Qerror": 1.0,
                                              "Actual Loops": 1,
                                              "Our Qerror": 1.0,
                                              "Node Type": "Seq Scan"
                                            }
                                          ],
                                          "Our Qerror": 0,
                                          "Node Type": "Materialize"
                                        }
                                      ],
                                      "Our Qerror": 1.0,
                                      "Node Type": "Nested Loop"
                                    }
                                  ],
                                  "Our Qerror": 1.0,
                                  "Node Type": "Sort"
                                },
                                {
                                  "Our Estimated Time": 437.04692300299564,
                                  "Postgres Estimated Time": 3216.5046949416346,
                                  "Actual Rows": 1012556,
                                  "Actual Time": 726.7140000000002,
                                  "Postgres Qerror": 3.2165046949416345,
                                  "Actual Loops": 1,
                                  "Nodes": [
                                    {
                                      "Our Estimated Time": 1573.2917148938316,
                                      "Postgres Estimated Time": 1573.2917148938316,
                                      "Actual Rows": 1012920,
                                      "Actual Time": 1369.008,
                                      "Postgres Qerror": 1.1492202491832273,
                                      "Actual Loops": 1,
                                      "Our Qerror": 1.1492202491832273,
                                      "Node Type": "Seq Scan"
                                    }
                                  ],
                                  "Our Qerror": 1.0,
                                  "Node Type": "Sort"
                                }
                              ],