{
  "Actual Plan Time": 19450.025,
  "Our Estimated Time": 0.0016219358253523998,
  "Actual Time": 0.06800000000293949,
  "Postgres Estimated Plan Time": 48440.12647554548,
  "Postgres Estimated Time": 0.0016219358253523998,
  "Actual Rows": 1,
  "Our Weighted Qerror": 1.2145469925956294,
  "Postgres Qerror": 2.490491733329159,
  "Postgres Weighted Qerror": 2.5054040944626137,
  "Our Estimated Plan Time": 21872.440788288142,
  "Nodes": [
    {
      "Our Estimated Time": 0.001197318225144,
      "Node Type": "Nested Loop",
      "Actual Time": 0.0010000000002037268,
      "Postgres Estimated Time": 0.0007339076132815,
      "Nodes": [
        {
          "Our Estimated Time": 0.001703218225144,
          "Node Type": "Nested Loop",
          "Actual Time": 0.014000000002852175,
          "Postgres Estimated Time": 0.001467815226563,
          "Nodes": [
            {
              "Our Estimated Time": 5.925007866653878,
              "Node Type": "Merge Join",
              "Actual Time": 6.065999999998894,
              "Postgres Estimated Time": 6.590523586245324,
              "Nodes": [
                {
                  "Our Estimated Time": 0.0027108650629665072,
                  "Node Type": "Sort",
                  "Actual Time": 0.2669999999998254,
                  "Postgres Estimated Time": 0.017941280819976067,
                  "Nodes": [
                    {
                      "Our Estimated Time": 180.410704289324,
                      "Node Type": "Merge Join",
                      "Actual Time": 185.4979999999996,
                      "Postgres Estimated Time": 202.57649629414362,
                      "Nodes": [
                        {
                          "Our Estimated Time": 120.93853292631442,
                          "Node Type": "Merge Join",
                          "Actual Time": 238.45699999999852,
                          "Postgres Estimated Time": 135.7973479668932,
                          "Nodes": [
                            {
                              "Our Estimated Time": 0.001915081841328832,
                              "Node Type": "Sort",
                              "Actual Time": 0.030000000000654836,
                              "Postgres Estimated Time": 0.010264489932036134,
                              "Nodes": [
                                {
                                  "Our Estimated Time": 160.21056530034411,
                                  "Node Type": "Merge Join",
                                  "Actual Time": 121.48199999999997,
                                  "Postgres Estimated Time": 179.89592125049097,
                                  "Nodes": [
                                    {
                                      "Our Estimated Time": 1446.3731018424596,
                                      "Node Type": "Sort",
                                      "Actual Time": 1634.352,
                                      "Postgres Estimated Time": 10768.083092378885,
                                      "Nodes": [
                                        {
                                          "Our Estimated Time": 1580.457037982559,
                                          "Node Type": "Seq Scan",
                                          "Actual Time": 1080.695,
                                          "Postgres Estimated Time": 1580.457037982559,
                                          "Actual Loops": 1,
                                          "Actual Rows": 3140339
                                        }
                                      ],
                                      "Actual Loops": 1,
                                      "Actual Rows": 881592
                                    },
                                    {
                                      "Our Estimated Time": 451.39597489690306,
                                      "Node Type": "Sort",
                                      "Actual Time": 309.0579999999991,
                                      "Postgres Estimated Time": 4670.313731094318,
                                      "Nodes": [
                                        {
                                          "Our Estimated Time": 13347.15231391546,
                                          "Node Type": "Seq Scan",
                                          "Actual Time": 11787.065,
                                          "Postgres Estimated Time": 13347.15231391546,
                                          "Actual Loops": 1,
                                          "Actual Rows": 1435439
                                        }
                                      ],
                                      "Actual Loops": 1,
                                      "Actual Rows": 16
                                    }
                                  ],
                                  "Actual Loops": 1,
                                  "Actual Rows": 15
                                }
                              ],
                              "Actual Loops": 1,
                              "Actual Rows": 15
                            },
                            {
                              "Our Estimated Time": 779.035918127226,
                              "Node Type": "Sort",
                              "Actual Time": 1151.2060000000001,
                              "Postgres Estimated Time": 5768.0335547096865,
                              "Nodes": [
                                {
                                  "Our Estimated Time": 1624.1878401485517,
                                  "Node Type": "Seq Scan",
                                  "Actual Time": 1167.357,
                                  "Postgres Estimated Time": 1624.1878401485517,
                                  "Actual Loops": 1,
                                  "Actual Rows": 1749032
                                }
                              ],
                              "Actual Loops": 1,
                              "Actual Rows": 1740105
                            }
                          ],
                          "Actual Loops": 1,
                          "Actual Rows": 12
                        },
                        {
                          "Our Estimated Time": 1047.6874194921113,
                          "Node Type": "Sort",
                          "Actual Time": 1048.795,
                          "Postgres Estimated Time": 8838.271504739252,
                          "Nodes": [
                            {
                              "Our Estimated Time": 953.0893913896143,
                              "Node Type": "Seq Scan",
                              "Actual Time": 545.502,
                              "Postgres Estimated Time": 953.0893913896143,
                              "Actual Loops": 1,
                              "Actual Rows": 2609129
                            }
                          ],
                          "Actual Loops": 1,
                          "Actual Rows": 1974994
                        }
                      ],
                      "Actual Loops": 1,
                      "Actual Rows": 23
                    }
                  ],
                  "Actual Loops": 1,
                  "Actual Rows": 23
                },
                {
                  "Our Estimated Time": 32.20778354266444,
                  "Node Type": "Sort",
                  "Actual Time": 46.85800000000002,
                  "Postgres Estimated Time": 222.28466607748643,
                  "Nodes": [
                    {
                      "Our Estimated Time": 137.23841815838216,
                      "Node Type": "Seq Scan",
                      "Actual Time": 127.234,
                      "Postgres Estimated Time": 137.23841815838216,
                      "Actual Loops": 1,