{
  "Postgres Estimated Plan Time": 155544.0887993615,
  "Actual Plan Time": 104507.568,
  "Our Weighted Qerror": 1.0857546016773842,
  "Our Estimated Plan Time": 101954.31567997522,
  "Postgres Qerror": 1.4883523918512915,
  "Our Qerror": 1.0250431019324302,
  "Actual Time": 9.853000000002794,
  "Nodes": [
    {
      "Postgres Estimated Time": 53729.89920412232,
      "Postgres Qerror": 1.3102876208441991,
      "Node Type": "Nested Loop",
      "Our Estimated Time": 37037.320837124986,
      "Our Qerror": 1.1071585652841482,
      "Actual Time": 41006.18699999999,
      "Nodes": [
        {
          "Postgres Estimated Time": 1762.5131954646977,
          "Node Type": "Seq Scan",
          "Our Estimated Time": 1762.5131954646977,
          "Our Qerror": 1.7625131954646978,
          "Actual Time": 661.439,
          "Postgres Qerror": 1.7625131954646978,
          "Actual Rows": 910581,
          "Actual Loops": 1
        },
        {
          "Postgres Estimated Time": 28420.351211873316,
          "Postgres Qerror": 1.748637575398961,
          "Node Type": "Materialize",
          "Our Estimated Time": 15959.9353032,
          "Our Qerror": 1.018353376203303,
          "Actual Time": 16252.854000000007,
          "Nodes": [
            {
              "Postgres Estimated Time": 0.0324387165070423,
              "Postgres Qerror": 1.0,
              "Node Type": "Nested Loop",
              "Our Estimated Time": 0.0501557926507888,
              "Our Qerror": 1.0,
              "Actual Time": 0.16300000000046566,
              "Nodes": [
                {
                  "Postgres Estimated Time": 7238.72777059884,
                  "Postgres Qerror": 1.3496802188430281,
                  "Node Type": "Nested Loop",
                  "Our Estimated Time": 4989.8566614091005,
                  "Our Qerror": 1.0748386905537768,
                  "Actual Time": 5363.290999999997,
                  "Nodes": [
                    {
                      "Postgres Estimated Time": 171.20210005037563,
                      "Node Type": "Seq Scan",
                      "Our Estimated Time": 171.20210005037563,
                      "Our Qerror": 1.0,
                      "Actual Time": 108.779,
                      "Postgres Qerror": 1.0,
                      "Actual Rows": 48302,
                      "Actual Loops": 1
                    },
                    {
                      "Postgres Estimated Time": 3829.064545243079,
                      "Postgres Qerror": 1.7490127061612646,
                      "Node Type": "Materialize",
                      "Our Estimated Time": 2150.1925112,
                      "Our Qerror": 1.0181748790382437,
                      "Actual Time": 2189.271999999997,
                      "Nodes": [
                        {
                          "Postgres Estimated Time": 37154.19196219081,
                          "Postgres Qerror": 1.5194533088973974,
                          "Node Type": "Nested Loop",
                          "Our Estimated Time": 25611.340150780787,
                          "Our Qerror": 1.0473982472018746,
                          "Actual Time": 24452.342000000004,
                          "Nodes": [
                            {
                              "Postgres Estimated Time": 1063.2090880242447,
                              "Node Type": "Seq Scan",
                              "Our Estimated Time": 1063.2090880242447,
                              "Our Qerror": 1.0632090880242446,
                              "Actual Time": 471.509,
                              "Postgres Qerror": 1.0632090880242446,
                              "Actual Rows": 1271989,
                              "Actual Loops": 1
                            },
                            {
                              "Postgres Estimated Time": 19652.64296481591,
                              "Postgres Qerror": 1.6929321246030251,
                              "Node Type": "Materialize",
                              "Our Estimated Time": 11036.2853596,
                              "Our Qerror": 1.0518613484293544,
                              "Actual Time": 11608.642,
                              "Nodes": [
                                {
                                  "Postgres Estimated Time": 0.214285572391644,
                                  "Postgres Qerror": 1.0,
                                  "Node Type": "Merge Join",
                                  "Our Estimated Time": 39.306223881897054,
                                  "Our Qerror": 1.0,
                                  "Actual Time": 0.3020000000001346,
                                  "Nodes": [
                                    {
                                      "Postgres Estimated Time": 22.699276242822815,
                                      "Postgres Qerror": 1.0,
                                      "Node Type": "Sort",
                                      "Our Estimated Time": 1.7694128426543743,
                                      "Our Qerror": 1.0,
                                      "Actual Time": 33.11799999999994,
                                      "Nodes": [
                                        {
                                          "Postgres Estimated Time": 664.0293337905152,
                                          "Postgres Qerror": 1.7125200000000003,
                                          "Node Type": "Nested Loop",
                                          "Our Estimated Time": 458.4602687765918,
                                          "Our Qerror": 1.7125200000000003,
                                          "Actual Time": 1712.5200000000002,
                                          "Nodes": [
                                            {
                                              "Postgres Estimated Time": 1395.5691526106655,
                                              "Node Type": "Seq Scan",
                                              "Our Estimated Time": 1395.5691526106655,
                                              "Our Qerror": 1.3955691526106655,
                                              "Actual Time": 579.894,
                                              "Postgres Qerror": 1.3955691526106655,
                                              "Actual Rows": 4523930,
                                              "Actual Loops": 1
                                            },
                                            {
                                              "Postgres Estimated Time": 351.236723942346,
                                              "Postgres Qerror": 0,
                                              "Node Type": "Materialize",
                                              "Our Estimated Time": 197.24334800000003,
                                              "Our Qerror": 0,
                                              "Actual Time": 0,
                                              "Nodes": [
                                                {
                                                  "Postgres Estimated Time": 52.42721602676868,
                                                  "Node Type": "Seq Scan",
                                                  "Our Estimated Time": 52.42721602676868,
                                                  "Our Qerror": 1.0,
                                                  "Actual Time": 83.564,
                                                  "Postgres Qerror": 1.0,
                                                  "Actual Rows": 1,
                                                  "Actual Loops": 1
                                                }
                                              ],
                                              "Actual Rows": 1,