{
  "Postgres Estimated Plan Time": 14228.763657369767,
  "Actual Time": 0.068000000000211,
  "Our Qerror": 1.064349240380192,
  "Our Estimated Plan Time": 8342.703551761424,
  "Actual Rows": 1,
  "Actual Loops": 1,
  "Our Estimated Time": 0.0022430534264876,
  "Nodes": [
    {
      "Our Estimated Time": 0.0066340655152016,
      "Actual Rows": 14,
      "Our Qerror": 1.0,
      "Postgres Estimated Time": 0.0082197652687528,
      "Actual Time": 0.014000000000123691,
      "Actual Loops": 1,
      "Nodes": [
        {
          "Our Estimated Time": 410.5283661820608,
          "Actual Rows": 56,
          "Our Qerror": 1.0,
          "Postgres Estimated Time": 595.5466530169467,
          "Actual Time": 425.7389999999996,
          "Actual Loops": 1,
          "Nodes": [
            {
              "Our Estimated Time": 171.20210005037563,
              "Actual Rows": 48302,
              "Our Qerror": 1.0,
              "Postgres Estimated Time": 171.20210005037563,
              "Actual Time": 132.895,
              "Actual Loops": 1,
              "Postgres Qerror": 1.0,
              "Node Type": "Seq Scan"
            },
            {
              "Our Estimated Time": 176.9012448,
              "Actual Rows": 84,
              "Our Qerror": 1.0,
              "Postgres Estimated Time": 315.0258783549644,
              "Actual Time": 189.64099999999962,
              "Actual Loops": 48302,
              "Nodes": [
                {
                  "Our Estimated Time": 33.3867030509963,
                  "Actual Rows": 84,
                  "Our Qerror": 1.0,
                  "Postgres Estimated Time": 0.1039595584900041,
                  "Actual Time": 0.18099999999958527,
                  "Actual Loops": 1,
                  "Nodes": [
                    {
                      "Our Estimated Time": 1830.9258484436928,
                      "Actual Rows": 13,
                      "Our Qerror": 1.4256049710886285,
                      "Postgres Estimated Time": 2656.117335162061,
                      "Actual Time": 1284.3150000000005,
                      "Actual Loops": 1,
                      "Nodes": [
                        {
                          "Our Estimated Time": 22.10019635650848,
                          "Actual Rows": 4,
                          "Our Qerror": 1.0,
                          "Postgres Estimated Time": 24.809377981843436,
                          "Actual Time": 30.409999999999854,
                          "Actual Loops": 1,
                          "Nodes": [
                            {
                              "Our Estimated Time": 408.24366743159544,
                              "Actual Rows": 319501,
                              "Our Qerror": 1.0,
                              "Postgres Estimated Time": 3835.265798438716,
                              "Actual Time": 461.2829999999999,
                              "Actual Loops": 1,
                              "Nodes": [
                                {
                                  "Our Estimated Time": 211.25020489097255,
                                  "Actual Rows": 1193928,
                                  "Our Qerror": 1.0,
                                  "Postgres Estimated Time": 186.70448222206437,
                                  "Actual Time": 462.54600000000005,
                                  "Actual Loops": 1,
                                  "Nodes": [
                                    {
                                      "Our Estimated Time": 1063.2090880242447,
                                      "Actual Rows": 1271989,
                                      "Our Qerror": 1.0632090880242446,
                                      "Postgres Estimated Time": 1063.2090880242447,
                                      "Actual Time": 921.037,
                                      "Actual Loops": 1,
                                      "Postgres Qerror": 1.0632090880242446,
                                      "Node Type": "Seq Scan"
                                    },
                                    {
                                      "Our Estimated Time": 55.458720400000004,
                                      "Actual Rows": 1,
                                      "Our Qerror": 0,
                                      "Postgres Estimated Time": 98.75699982319553,
                                      "Actual Time": 0,
                                      "Actual Loops": 1271989,
                                      "Nodes": [
                                        {
                                          "Our Estimated Time": 3.06093683763954,
                                          "Actual Rows": 1,
                                          "Our Qerror": 1.0,
                                          "Postgres Estimated Time": 3.06093683763954,
                                          "Actual Time": 0.012,
                                          "Actual Loops": 1,
                                          "Postgres Qerror": 1.0,
                                          "Node Type": "Seq Scan"
                                        }
                                      ],
                                      "Postgres Qerror": 0,
                                      "Node Type": "Materialize"
                                    }
                                  ],
                                  "Postgres Qerror": 1.0,
                                  "Node Type": "Nested Loop"
                                }
                              ],
                              "Postgres Qerror": 3.835265798438716,
                              "Node Type": "Sort"
                            },
                            {
                              "Our Estimated Time": 0.006142539561222937,
                              "Actual Rows": 16,
                              "Our Qerror": 1.0,
                              "Postgres Estimated Time": 0.0316952119396111,
                              "Actual Time": 0.20600000000013097,
                              "Actual Loops": 1,
                              "Nodes": [
                                {
                                  "Our Estimated Time": 1699.5564546833234,
                                  "Actual Rows": 36,
                                  "Our Qerror": 1.01127855756945,
                                  "Postgres Estimated Time": 1699.5564546833234,
                                  "Actual Time": 1718.725,
                                  "Actual Loops": 1,
                                  "Postgres Qerror": 1.01127855756945,
                                  "Node Type": "Seq Scan"
                                }
                              ],
                              "Postgres Qerror": 1.0,
                              "Node Type": "Sort"
                            }
                          ],
                          "Postgres Qerror": 1.0,
                          "Node Type": "Merge Join"
                        },
                        {
                          "Our Estimated Time": 788.9733920000001,
                          "Actual Rows": 3541908,
                          "Our Qerror": 1.2832629999999998,
                          "Postgres Estimated Time": 2107.419411977674,
                          "Actual Time": 1283.263,
                          "Actual Loops": 4,
                          "Nodes": [
                            {
                              "Our Estimated Time": 1395.5691526106655,
                              "Actual Rows": 4523930,
                              "Our Qerror": 1.3955691526106655,
                              "Postgres Estimated Time": 1395.5691526106655,
                              "Actual Time": 790.429,
                              "Actual Loops": 1,