{
  "Our Estimated Plan Time": 8392.891254989629,
  "Actual Plan Time": 7778.781,
  "Our Qerror": 1.0789468497685728,
  "Actual Rows": 1,
  "Postgres Weighted Qerror": 1.9813020525308171,
  "Our Estimated Time": 0.0022430534264876,
  "Nodes": [
    {
      "Node Type": "Nested Loop",
      "Actual Rows": 14,
      "Postgres Estimated Time": 0.0082197652687528,
      "Actual Time": 0.04599999999936699,
      "Our Estimated Time": 0.0066340655152016,
      "Actual Loops": 1,
      "Nodes": [
        {
          "Node Type": "Nested Loop",
          "Actual Rows": 56,
          "Postgres Estimated Time": 595.5466530169467,
          "Actual Time": 401.0400000000009,
          "Our Estimated Time": 410.5283661820608,
          "Actual Loops": 1,
          "Nodes": [
            {
              "Node Type": "Seq Scan",
              "Actual Rows": 48302,
              "Postgres Estimated Time": 171.20210005037563,
              "Actual Time": 186.282,
              "Our Estimated Time": 171.20210005037563,
              "Actual Loops": 1
            },
            {
              "Node Type": "Materialize",
              "Actual Rows": 84,
              "Postgres Estimated Time": 315.0258783549644,
              "Actual Time": 209.58099999999922,
              "Our Estimated Time": 176.9012448,
              "Actual Loops": 48302,
              "Nodes": [
                {
                  "Node Type": "Merge Join",
                  "Actual Rows": 84,
                  "Postgres Estimated Time": 0.1039595584900041,
                  "Actual Time": 0.22000000000025466,
                  "Our Estimated Time": 33.3867030509963,
                  "Actual Loops": 1,
                  "Nodes": [
                    {
                      "Node Type": "Nested Loop",
                      "Actual Rows": 13,
                      "Postgres Estimated Time": 2656.117335162061,
                      "Actual Time": 1283.4719999999998,
                      "Our Estimated Time": 1830.9258484436928,
                      "Actual Loops": 1,
                      "Nodes": [
                        {
                          "Node Type": "Merge Join",
                          "Actual Rows": 4,
                          "Postgres Estimated Time": 24.809377981843436,
                          "Actual Time": 30.342999999999847,
                          "Our Estimated Time": 22.10019635650848,
                          "Actual Loops": 1,
                          "Nodes": [
                            {
                              "Node Type": "Sort",
                              "Actual Rows": 319501,
                              "Postgres Estimated Time": 3835.265798438716,
                              "Actual Time": 462.0609999999999,
                              "Our Estimated Time": 458.41774523112844,
                              "Actual Loops": 1,
                              "Nodes": [
                                {
                                  "Node Type": "Nested Loop",
                                  "Actual Rows": 1193928,
                                  "Postgres Estimated Time": 186.70448222206437,
                                  "Actual Time": 436.2360000000001,
                                  "Our Estimated Time": 211.25020489097255,
                                  "Actual Loops": 1,
                                  "Nodes": [
                                    {
                                      "Node Type": "Seq Scan",
                                      "Actual Rows": 1271989,
                                      "Postgres Estimated Time": 1063.2090880242447,
                                      "Actual Time": 824.798,
                                      "Our Estimated Time": 1063.2090880242447,
                                      "Actual Loops": 1
                                    },
                                    {
                                      "Node Type": "Materialize",
                                      "Actual Rows": 1,
                                      "Postgres Estimated Time": 98.75699982319553,
                                      "Actual Time": -0.012,
                                      "Our Estimated Time": 55.458720400000004,
                                      "Actual Loops": 1271989,
                                      "Nodes": [
                                        {
                                          "Node Type": "Seq Scan",
                                          "Actual Rows": 1,
                                          "Postgres Estimated Time": 3.06093683763954,
                                          "Actual Time": 0.012,
                                          "Our Estimated Time": 3.06093683763954,
                                          "Actual Loops": 1
                                        }
                                      ]
                                    }
                                  ]
                                }
                              ]
                            },
                            {
                              "Node Type": "Sort",
                              "Actual Rows": 16,
                              "Postgres Estimated Time": 0.0316952119396111,
                              "Actual Time": 0.20600000000013097,
                              "Our Estimated Time": 0.006142539561222937,
                              "Actual Loops": 1,
                              "Nodes": [
                                {
                                  "Node Type": "Seq Scan",
                                  "Actual Rows": 36,
                                  "Postgres Estimated Time": 1699.5564546833234,
                                  "Actual Time": 1740.388,
                                  "Our Estimated Time": 1699.5564546833234,
                                  "Actual Loops": 1
                                }
                              ]
                            }
                          ]
                        },
                        {
                          "Node Type": "Materialize",
                          "Actual Rows": 3541908,
                          "Postgres Estimated Time": 2107.419411977674,
                          "Actual Time": 1275.7179999999998,
                          "Our Estimated Time": 788.9733920000001,
                          "Actual Loops": 4,
                          "Nodes": [
                            {
                              "Node Type": "Seq Scan",
                              "Actual Rows": 4523930,
                              "Postgres Estimated Time": 1395.5691526106655,
                              "Actual Time": 779.59,
                              "Our Estimated Time": 1395.5691526106655,
                              "Actual Loops": 1
                            }
                          ]
                        }
                      ]
                    },
                    {
                      "Node Type": "Sort",
                      "Actual Rows": 1235,
                      "Postgres Estimated Time": 1.9199446642226219,
                      "Actual Time": 0.7519999999999953,
                      "Our Estimated Time": 0.19330414862406248,
                      "Actual Loops": 1,
                      "Nodes": [
                        {
                          "Node Type": "Nested Loop",
                          "Actual Rows": 1158,
                          "Postgres Estimated Time": 4.403005335121031,
                          "Actual Time": 26.000000000000004,
                          "Our Estimated Time": 3.115162690471675,
                          "Actual Loops": 1,
                          "Nodes": [
                            {
                              "Node Type": "Seq Scan",
                              "Actual Rows": 29997,