{
  "Our Estimated Plan Time": 186025.65996955967,
  "Postgres Qerror": 1.509738157658324,
  "Actual Loops": 1,
  "Actual Plan Time": 187997.247,
  "Actual Rows": 1,
  "Our Qerror": 1.0105984681401639,
  "Postgres Weighted Qerror": 1.5650503234275472,
  "Actual Time": 0.23600000000442378,
  "Postgres Estimated Plan Time": 283826.61733061686,
  "Nodes": [
    {
      "Our Qerror": 1.0,
      "Actual Time": 0.34400000001187436,
      "Postgres Qerror": 1.0,
      "Nodes": [
        {
          "Our Qerror": 1.0114859379349184,
          "Actual Time": 21481.84700000001,
          "Postgres Qerror": 1.4342190321868598,
          "Nodes": [
            {
              "Our Qerror": 1.0,
              "Actual Time": 137.697,
              "Postgres Qerror": 1.0,
              "Actual Loops": 1,
              "Our Estimated Time": 137.23841815838216,
              "Node Type": "Seq Scan",
              "Postgres Estimated Time": 137.23841815838216,
              "Actual Rows": 84843
            },
            {
              "Our Qerror": 1.006328875290609,
              "Actual Time": 9209.628999999986,
              "Postgres Qerror": 1.7695696587806915,
              "Nodes": [
                {
                  "Our Qerror": 1.0577741628248178,
                  "Actual Time": 75954.43200000002,
                  "Postgres Qerror": 1.3714586695884305,
                  "Nodes": [
                    {
                      "Our Qerror": 1.0,
                      "Actual Time": 330.063,
                      "Postgres Qerror": 1.0,
                      "Actual Loops": 1,
                      "Our Estimated Time": 953.0893913896143,
                      "Node Type": "Seq Scan",
                      "Postgres Estimated Time": 953.0893913896143,
                      "Actual Rows": 2609129
                    },
                    {
                      "Our Qerror": 1.0142315638983421,
                      "Actual Time": 30508.005999999994,
                      "Postgres Qerror": 1.8060709829444284,
                      "Nodes": [
                        {
                          "Our Qerror": 1.0855554205982514,
                          "Actual Time": 25473.586,
                          "Postgres Qerror": 1.5748109230847396,
                          "Nodes": [
                            {
                              "Our Qerror": 1.0,
                              "Actual Time": 46.97499999999991,
                              "Postgres Qerror": 1.0,
                              "Nodes": [
                                {
                                  "Our Qerror": 1.0,
                                  "Actual Time": 219.43100000000004,
                                  "Postgres Qerror": 1.3791341264483938,
                                  "Nodes": [
                                    {
                                      "Our Qerror": 1.0,
                                      "Actual Time": 515.924,
                                      "Postgres Qerror": 1.0,
                                      "Nodes": [
                                        {
                                          "Our Qerror": 1.0,
                                          "Actual Time": 168.963,
                                          "Postgres Qerror": 1.0,
                                          "Actual Loops": 1,
                                          "Our Estimated Time": 458.94776691884636,
                                          "Node Type": "Seq Scan",
                                          "Postgres Estimated Time": 458.94776691884636,
                                          "Actual Rows": 1380035
                                        },
                                        {
                                          "Our Qerror": 0,
                                          "Actual Time": 0,
                                          "Postgres Qerror": 0,
                                          "Nodes": [
                                            {
                                              "Our Qerror": 1.0,
                                              "Actual Time": 0.054,
                                              "Postgres Qerror": 1.0,
                                              "Actual Loops": 1,
                                              "Our Estimated Time": 3.0769360236090764,
                                              "Node Type": "Seq Scan",
                                              "Postgres Estimated Time": 3.0769360236090764,
                                              "Actual Rows": 1
                                            }
                                          ],
                                          "Actual Loops": 1380035,
                                          "Our Estimated Time": 60.169526000000005,
                                          "Node Type": "Materialize",
                                          "Postgres Estimated Time": 107.14565886472725,
                                          "Actual Rows": 1
                                        }
                                      ],
                                      "Actual Loops": 1,
                                      "Our Estimated Time": 171.43199401993542,
                                      "Node Type": "Nested Loop",
                                      "Postgres Estimated Time": 202.56363861898694,
                                      "Actual Rows": 459925
                                    }
                                  ],
                                  "Actual Loops": 1,
                                  "Our Estimated Time": 107.17859986657731,
                                  "Node Type": "Sort",
                                  "Postgres Estimated Time": 1379.1341264483938,
                                  "Actual Rows": 453350
                                },
                                {
                                  "Our Qerror": 1.0,
                                  "Actual Time": 0.45899999999983265,
                                  "Postgres Qerror": 1.0,
                                  "Nodes": [
                                    {
                                      "Our Qerror": 1.0,
                                      "Actual Time": 2.033000000000129,
                                      "Postgres Qerror": 1.0,
                                      "Nodes": [
                                        {
                                          "Our Qerror": 1.0958158592858127,
                                          "Actual Time": 1730.222,
                                          "Postgres Qerror": 1.0958158592858127,
                                          "Actual Loops": 1,
                                          "Our Estimated Time": 1896.0047076852172,
                                          "Node Type": "Seq Scan",
                                          "Postgres Estimated Time": 1896.0047076852172,
                                          "Actual Rows": 2218
                                        },
                                        {
                                          "Our Qerror": 0,
                                          "Actual Time": 0,
                                          "Postgres Qerror": 0,
                                          "Nodes": [
                                            {
                                              "Our Qerror": 1.0,
                                              "Actual Time": 0.017,
                                              "Postgres Qerror": 1.0,
                                              "Actual Loops": 1,
                                              "Our Estimated Time": 3.0613771822075084,
                                              "Node Type": "Seq Scan",