{
  "Actual Loops": 1,
  "Actual Time": 0.08900000000721775,
  "Nodes": [
    {
      "Actual Loops": 1,
      "Actual Time": 1292.406999999992,
      "Nodes": [
        {
          "Actual Loops": 1,
          "Actual Time": 95.774,
          "Postgres Estimated Time": 137.23841815838216,
          "Our Qerror": 1.0,
          "Postgres Qerror": 1.0,
          "Actual Rows": 84843,
          "Our Estimated Time": 137.23841815838216,
          "Node Type": "Seq Scan"
        },
        {
          "Actual Loops": 84843,
          "Actual Time": 618.3669999999984,
          "Nodes": [
            {
              "Actual Loops": 1,
              "Actual Time": 0.3289999999979045,
              "Nodes": [
                {
                  "Actual Loops": 1,
                  "Actual Time": 53746.309,
                  "Nodes": [
                    {
                      "Actual Loops": 1,
                      "Actual Time": 2091.005,
                      "Postgres Estimated Time": 7132.5712516537105,
                      "Our Qerror": 3.4110732646042026,
                      "Postgres Qerror": 3.4110732646042026,
                      "Actual Rows": 14835720,
                      "Our Estimated Time": 7132.5712516537105,
                      "Node Type": "Seq Scan"
                    },
                    {
                      "Actual Loops": 14835720,
                      "Actual Time": 29060.806000000004,
                      "Nodes": [
                        {
                          "Actual Loops": 1,
                          "Actual Time": 0.0569999999988795,
                          "Nodes": [
                            {
                              "Actual Loops": 1,
                              "Actual Time": 9922.902000000002,
                              "Nodes": [
                                {
                                  "Actual Loops": 1,
                                  "Actual Time": 305.137,
                                  "Postgres Estimated Time": 953.0893913896143,
                                  "Our Qerror": 1.0,
                                  "Postgres Qerror": 1.0,
                                  "Actual Rows": 2609129,
                                  "Our Estimated Time": 953.0893913896143,
                                  "Node Type": "Seq Scan"
                                },
                                {
                                  "Actual Loops": 2609129,
                                  "Actual Time": 2531.0359999999996,
                                  "Nodes": [
                                    {
                                      "Actual Loops": 1,
                                      "Actual Time": 34.86700000000019,
                                      "Nodes": [
                                        {
                                          "Actual Loops": 1,
                                          "Actual Time": 208.846,
                                          "Nodes": [
                                            {
                                              "Actual Loops": 1,
                                              "Actual Time": 509.033,
                                              "Nodes": [
                                                {
                                                  "Actual Loops": 1,
                                                  "Actual Time": 176.524,
                                                  "Postgres Estimated Time": 458.94776691884636,
                                                  "Our Qerror": 1.0,
                                                  "Postgres Qerror": 1.0,
                                                  "Actual Rows": 1380035,
                                                  "Our Estimated Time": 458.94776691884636,
                                                  "Node Type": "Seq Scan"
                                                },
                                                {
                                                  "Actual Loops": 1380035,
                                                  "Actual Time": 0,
                                                  "Nodes": [
                                                    {
                                                      "Actual Loops": 1,
                                                      "Actual Time": 0.055,
                                                      "Postgres Estimated Time": 3.0769360236090764,
                                                      "Our Qerror": 1.0,
                                                      "Postgres Qerror": 1.0,
                                                      "Actual Rows": 1,
                                                      "Our Estimated Time": 3.0769360236090764,
                                                      "Node Type": "Seq Scan"
                                                    }
                                                  ],
                                                  "Postgres Estimated Time": 107.14565886472725,
                                                  "Our Qerror": 0,
                                                  "Postgres Qerror": 0,
                                                  "Actual Rows": 1,
                                                  "Our Estimated Time": 60.169526000000005,
                                                  "Node Type": "Materialize"
                                                }
                                              ],
                                              "Postgres Estimated Time": 202.56363861898694,
                                              "Our Qerror": 1.0,
                                              "Postgres Qerror": 1.0,
                                              "Actual Rows": 459925,
                                              "Our Estimated Time": 171.43199401993542,
                                              "Node Type": "Nested Loop"
                                            }
                                          ],
                                          "Postgres Estimated Time": 1379.1341264483938,
                                          "Our Qerror": 1.0,
                                          "Postgres Qerror": 1.3791341264483938,
                                          "Actual Rows": 320283,
                                          "Our Estimated Time": 107.17859986657731,
                                          "Node Type": "Sort"
                                        },
                                        {
                                          "Actual Loops": 1,
                                          "Actual Time": 0.12799999999992906,
                                          "Nodes": [
                                            {
                                              "Actual Loops": 1,
                                              "Actual Time": 0.5850000000000364,
                                              "Nodes": [
                                                {
                                                  "Actual Loops": 1,
                                                  "Actual Time": 1757.239,
                                                  "Postgres Estimated Time": 1895.8716788186996,
                                                  "Our Qerror": 1.0788923298530817,
                                                  "Postgres Qerror": 1.0788923298530817,
                                                  "Actual Rows": 294,
                                                  "Our Estimated Time": 1895.8716788186996,