{
  "Our Weighted Qerror": 1.1836214382641819,
  "Our Qerror": 1.0697480471476275,
  "Postgres Qerror": 2.6761550653706285,
  "Our Estimated Plan Time": 15605.514816795172,
  "Our Estimated Time": 1.7620244968427932,
  "Postgres Weighted Qerror": 2.7162421659844127,
  "Postgres Estimated Time": 1.7620244968427932,
  "Node Type": "Aggregate",
  "Actual Rows": 1,
  "Postgres Estimated Plan Time": 44675.64970049025,
  "Actual Plan Time": 16693.969,
  "Actual Time": 32.72999999999956,
  "Nodes": [
    {
      "Actual Rows": 11347,
      "Nodes": [
        {
          "Actual Rows": 11347,
          "Nodes": [
            {
              "Actual Rows": 11347,
              "Nodes": [
                {
                  "Actual Rows": 25564,
                  "Nodes": [
                    {
                      "Actual Rows": 9857,
                      "Nodes": [
                        {
                          "Actual Rows": 9857,
                          "Nodes": [
                            {
                              "Actual Rows": 9874,
                              "Nodes": [
                                {
                                  "Actual Rows": 9874,
                                  "Nodes": [
                                    {
                                      "Actual Rows": 14401,
                                      "Nodes": [
                                        {
                                          "Actual Rows": 14401,
                                          "Nodes": [
                                            {
                                              "Actual Rows": 10679,
                                              "Nodes": [
                                                {
                                                  "Actual Rows": 10679,
                                                  "Nodes": [
                                                    {
                                                      "Actual Rows": 10810,
                                                      "Our Qerror": 1.1548115016699105,
                                                      "Postgres Qerror": 1.1548115016699105,
                                                      "Node Type": "Seq Scan",
                                                      "Actual Time": 8383.228,
                                                      "Our Estimated Time": 7259.390807830945,
                                                      "Postgres Estimated Time": 7259.390807830945,
                                                      "Actual Loops": 1
                                                    },
                                                    {
                                                      "Actual Rows": 1,
                                                      "Nodes": [
                                                        {
                                                          "Actual Rows": 1,
                                                          "Our Qerror": 1.0,
                                                          "Postgres Qerror": 1.0,
                                                          "Node Type": "Seq Scan",
                                                          "Actual Time": 0.027,
                                                          "Our Estimated Time": 3.0769360236090764,
                                                          "Postgres Estimated Time": 3.0769360236090764,
                                                          "Actual Loops": 1
                                                        }
                                                      ],
                                                      "Our Qerror": 0,
                                                      "Postgres Qerror": 0,
                                                      "Node Type": "Materialize",
                                                      "Actual Time": 0,
                                                      "Our Estimated Time": 0.471316,
                                                      "Postgres Estimated Time": 0.8394404379342228,
                                                      "Actual Loops": 10810
                                                    }
                                                  ],
                                                  "Our Qerror": 1.0,
                                                  "Postgres Qerror": 1.0,
                                                  "Node Type": "Nested Loop",
                                                  "Actual Time": 7.743000000000393,
                                                  "Our Estimated Time": 1.8321213226312776,
                                                  "Postgres Estimated Time": 1.586708259914603,
                                                  "Actual Loops": 1
                                                }
                                              ],
                                              "Our Qerror": 1.0,
                                              "Postgres Qerror": 1.0,
                                              "Node Type": "Sort",
                                              "Actual Time": 7.477000000000771,
                                              "Our Estimated Time": 2.801115526457754,
                                              "Postgres Estimated Time": 23.02034179883868,
                                              "Actual Loops": 1
                                            },
                                            {
                                              "Actual Rows": 2609214,
                                              "Nodes": [
                                                {
                                                  "Actual Rows": 2609129,
                                                  "Our Qerror": 1.0,
                                                  "Postgres Qerror": 1.0,
                                                  "Node Type": "Seq Scan",
                                                  "Actual Time": 556.098,
                                                  "Our Estimated Time": 953.0893913896143,
                                                  "Postgres Estimated Time": 953.0893913896143,
                                                  "Actual Loops": 1
                                                }
                                              ],
                                              "Our Qerror": 1.0563969680910217,
                                              "Postgres Qerror": 7.978046607348507,
                                              "Node Type": "Sort",
                                              "Actual Time": 1107.824,
                                              "Our Estimated Time": 1048.6815406162234,
                                              "Postgres Estimated Time": 8838.271504739252,
                                              "Actual Loops": 1
                                            }
                                          ],
                                          "Our Qerror": 1.0,
                                          "Postgres Qerror": 1.0,
                                          "Node Type": "Merge Join",
                                          "Actual Time": 248.97499999999854,
                                          "Our Estimated Time": 187.35182921549233,
                                          "Postgres Estimated Time": 205.63728619283776,
                                          "Actual Loops": 1
                                        }
                                      ],
                                      "Our Qerror": 1.0,
                                      "Postgres Qerror": 1.0,
                                      "Node Type": "Sort",