{
  "Actual Loops": 1,
  "Our Estimated Plan Time": 50519.88879656594,
  "Postgres Qerror": 4.5885833570337535,
  "Node Type": "Aggregate",
  "Actual Time": 821.3020000000033,
  "Actual Plan Time": 47255.375,
  "Our Estimated Time": 576.1785695996886,
  "Postgres Weighted Qerror": 4.670718460340302,
  "Postgres Estimated Plan Time": 216835.2272553889,
  "Postgres Estimated Time": 576.1785695996886,
  "Our Qerror": 1.0690823805030842,
  "Nodes": [
    {
      "Actual Loops": 1,
      "Our Estimated Time": 1707.0498139844447,
      "Postgres Qerror": 1.1240347840663925,
      "Node Type": "Merge Join",
      "Nodes": [
        {
          "Actual Loops": 1,
          "Our Estimated Time": 1663.0722674492108,
          "Postgres Qerror": 1.2069609999999957,
          "Node Type": "Merge Join",
          "Nodes": [
            {
              "Actual Loops": 1,
              "Our Estimated Time": 813.4267462585553,
              "Postgres Qerror": 6.322512801541688,
              "Node Type": "Sort",
              "Nodes": [
                {
                  "Actual Loops": 1,
                  "Our Estimated Time": 3267.386275734467,
                  "Postgres Qerror": 1.4615572953542622,
                  "Node Type": "Merge Join",
                  "Nodes": [
                    {
                      "Actual Loops": 1,
                      "Our Estimated Time": 209.11957736010606,
                      "Postgres Qerror": 1.0,
                      "Node Type": "Merge Join",
                      "Nodes": [
                        {
                          "Actual Loops": 1,
                          "Our Estimated Time": 21.833289209895874,
                          "Postgres Qerror": 1.0,
                          "Node Type": "Sort",
                          "Nodes": [
                            {
                              "Actual Loops": 1,
                              "Our Estimated Time": 169.32908157730418,
                              "Postgres Qerror": 1.0,
                              "Node Type": "Merge Join",
                              "Nodes": [
                                {
                                  "Actual Loops": 1,
                                  "Our Estimated Time": 37.760254864527404,
                                  "Postgres Qerror": 1.0,
                                  "Node Type": "Sort",
                                  "Nodes": [
                                    {
                                      "Actual Loops": 1,
                                      "Our Estimated Time": 247.0785108659799,
                                      "Postgres Qerror": 1.0,
                                      "Node Type": "Merge Join",
                                      "Nodes": [
                                        {
                                          "Actual Loops": 1,
                                          "Our Estimated Time": 7.63553038846921,
                                          "Postgres Qerror": 1.0,
                                          "Node Type": "Sort",
                                          "Nodes": [
                                            {
                                              "Actual Loops": 1,
                                              "Our Estimated Time": 460.6241312540025,
                                              "Postgres Qerror": 1.7510790000000003,
                                              "Node Type": "Nested Loop",
                                              "Nodes": [
                                                {
                                                  "Actual Loops": 1,
                                                  "Our Estimated Time": 1395.5691526106655,
                                                  "Postgres Qerror": 1.3955691526106655,
                                                  "Node Type": "Seq Scan",
                                                  "Postgres Estimated Time": 1395.5691526106655,
                                                  "Our Qerror": 1.3955691526106655,
                                                  "Actual Time": 477.437,
                                                  "Actual Rows": 4523930
                                                },
                                                {
                                                  "Actual Loops": 4523930,
                                                  "Our Estimated Time": 197.24334800000003,
                                                  "Postgres Qerror": 0,
                                                  "Node Type": "Materialize",
                                                  "Nodes": [
                                                    {
                                                      "Actual Loops": 1,
                                                      "Our Estimated Time": 52.42721602676868,
                                                      "Postgres Qerror": 1.0,
                                                      "Node Type": "Seq Scan",
                                                      "Postgres Estimated Time": 52.42721602676868,
                                                      "Our Qerror": 1.0,
                                                      "Actual Time": 83.943,
                                                      "Actual Rows": 1
                                                    }
                                                  ],
                                                  "Postgres Estimated Time": 351.236723942346,
                                                  "Our Qerror": 0,
                                                  "Actual Time": 0,
                                                  "Actual Rows": 1
                                                }
                                              ],
                                              "Postgres Estimated Time": 664.0293337905152,
                                              "Our Qerror": 1.7510790000000003,
                                              "Actual Time": 1751.0790000000002,
                                              "Actual Rows": 41840
                                            }
                                          ],
                                          "Postgres Estimated Time": 102.99256914129005,
                                          "Our Qerror": 1.0,
                                          "Actual Time": 16.132000000000062,
                                          "Actual Rows": 41839
                                        },
                                        {
                                          "Actual Loops": 1,
                                          "Our Estimated Time": 1057.9569852483528,
                                          "Postgres Qerror": 8.50594426240701,
                                          "Node Type": "Sort",
                                          "Nodes": [
                                            {
                                              "Actual Loops": 1,
                                              "Our Estimated Time": 953.0893913896143,
                                              "Postgres Qerror": 1.0,
                                              "Node Type": "Seq Scan",
                                              "Postgres Estimated Time": 953.0893913896143,
                                              "Our Qerror": 1.0,
                                              "Actual Time": 551.608,
                                              "Actual Rows": 2609129
                                            }
                                          ],
                                          "Postgres Estimated Time": 8838.271504739252,
                                          "Our Qerror": 1.0181768170078558,