{
  "Our Estimated Time": 49.67891823341922,
  "Node Type": "Aggregate",
  "Postgres Estimated Plan Time": 56389634.12266844,
  "Our Qerror": 1.0492767532056784,
  "Actual Time": 92.64599999785423,
  "Nodes": [
    {
      "Our Estimated Time": 408.0519404850652,
      "Actual Loops": 1,
      "Node Type": "Merge Join",
      "Postgres Estimated Time": 89.22276700607006,
      "Our Qerror": 1.0,
      "Nodes": [
        {
          "Our Estimated Time": 114.82417139864398,
          "Actual Loops": 1,
          "Node Type": "Sort",
          "Postgres Estimated Time": 1265.231862084136,
          "Our Qerror": 1.0,
          "Nodes": [
            {
              "Our Estimated Time": 371.4964261279187,
              "Actual Loops": 1,
              "Node Type": "Merge Join",
              "Postgres Estimated Time": 282.57644332035744,
              "Our Qerror": 1.0,
              "Nodes": [
                {
                  "Our Estimated Time": 60.04814169560417,
                  "Actual Loops": 1,
                  "Node Type": "Sort",
                  "Postgres Estimated Time": 506.4171989696411,
                  "Our Qerror": 1.0,
                  "Nodes": [
                    {
                      "Our Estimated Time": 366.2233050771755,
                      "Actual Loops": 1,
                      "Node Type": "Merge Join",
                      "Postgres Estimated Time": 365.8357049585282,
                      "Our Qerror": 1.0,
                      "Nodes": [
                        {
                          "Our Estimated Time": 199.08412199826284,
                          "Actual Loops": 1,
                          "Node Type": "Merge Join",
                          "Postgres Estimated Time": 108.5819933173524,
                          "Our Qerror": 1.0,
                          "Nodes": [
                            {
                              "Our Estimated Time": 31.917092672238084,
                              "Actual Loops": 1,
                              "Node Type": "Sort",
                              "Postgres Estimated Time": 365.41217143916754,
                              "Our Qerror": 1.0,
                              "Nodes": [
                                {
                                  "Our Estimated Time": 25399055.35924592,
                                  "Actual Loops": 1,
                                  "Node Type": "Nested Loop",
                                  "Postgres Estimated Time": 36846319.99999121,
                                  "Our Qerror": 1.0424924225129184,
                                  "Nodes": [
                                    {
                                      "Our Estimated Time": 12939.903445346197,
                                      "Actual Loops": 1,
                                      "Node Type": "Seq Scan",
                                      "Postgres Estimated Time": 12939.903445346197,
                                      "Our Qerror": 2.4181117256955433,
                                      "Actual Time": 5351.243,
                                      "Actual Rows": 36244344,
                                      "Postgres Qerror": 2.4181117256955433
                                    },
                                    {
                                      "Our Estimated Time": 10944835.037318401,
                                      "Actual Loops": 36244344,
                                      "Node Type": "Materialize",
                                      "Postgres Estimated Time": 19489765.075464245,
                                      "Our Qerror": 1.0659182161468526,
                                      "Nodes": [
                                        {
                                          "Our Estimated Time": 73.3755910111692,
                                          "Actual Loops": 1,
                                          "Node Type": "Merge Join",
                                          "Postgres Estimated Time": 77.84140808286865,
                                          "Our Qerror": 1.0,
                                          "Nodes": [
                                            {
                                              "Our Estimated Time": 7.63553038846921,
                                              "Actual Loops": 1,
                                              "Node Type": "Sort",
                                              "Postgres Estimated Time": 102.99256914129005,
                                              "Our Qerror": 1.0,
                                              "Nodes": [
                                                {
                                                  "Our Estimated Time": 460.6241312540025,
                                                  "Actual Loops": 1,
                                                  "Node Type": "Nested Loop",
                                                  "Postgres Estimated Time": 664.0293337905152,
                                                  "Our Qerror": 1.6857489999999997,
                                                  "Nodes": [
                                                    {
                                                      "Our Estimated Time": 1395.5691526106655,
                                                      "Actual Loops": 1,
                                                      "Node Type": "Seq Scan",
                                                      "Postgres Estimated Time": 1395.5691526106655,
                                                      "Our Qerror": 1.3955691526106655,
                                                      "Actual Time": 485.585,
                                                      "Actual Rows": 4523930,
                                                      "Postgres Qerror": 1.3955691526106655
                                                    },
                                                    {
                                                      "Our Estimated Time": 197.24334800000003,
                                                      "Actual Loops": 4523930,
                                                      "Node Type": "Materialize",
                                                      "Postgres Estimated Time": 351.236723942346,
                                                      "Our Qerror": 0,
                                                      "Nodes": [
                                                        {
                                                          "Our Estimated Time": 52.42721602676868,
                                                          "Actual Loops": 1,
                                                          "Node Type": "Seq Scan",
                                                          "Postgres Estimated Time": 52.42721602676868,
                                                          "Our Qerror": 1.0,
                                                          "Actual Time": 83.251,
                                                          "Actual Rows": 1,
                                                          "Postgres Qerror": 1.0
                                                        }
                                                      ],
                                                      "Actual Time": 0,
                                                      "Actual Rows": 1,
                                                      "Postgres Qerror": 0
                                                    }
                                                  ],
                                                  "Actual Time": 1685.7489999999998,
                                                  "Actual Rows": 41840,