{
  "Nodes": [
    {
      "Nodes": [
        {
          "Nodes": [
            {
              "Nodes": [
                {
                  "Nodes": [
                    {
                      "Nodes": [
                        {
                          "Nodes": [
                            {
                              "Nodes": [
                                {
                                  "Nodes": [
                                    {
                                      "Actual Loops": 1,
                                      "Actual Rows": 36244344,
                                      "Our Qerror": 2.6430680418102575,
                                      "Postgres Qerror": 2.6430680418102575,
                                      "Our Estimated Time": 12939.903445346197,
                                      "Node Type": "Seq Scan",
                                      "Postgres Estimated Time": 12939.903445346197,
                                      "Actual Time": 4895.789
                                    },
                                    {
                                      "Nodes": [
                                        {
                                          "Nodes": [
                                            {
                                              "Nodes": [
                                                {
                                                  "Nodes": [
                                                    {
                                                      "Actual Loops": 1,
                                                      "Actual Rows": 4523930,
                                                      "Our Qerror": 1.3955691526106655,
                                                      "Postgres Qerror": 1.3955691526106655,
                                                      "Our Estimated Time": 1395.5691526106655,
                                                      "Node Type": "Seq Scan",
                                                      "Postgres Estimated Time": 1395.5691526106655,
                                                      "Actual Time": 478.55
                                                    },
                                                    {
                                                      "Nodes": [
                                                        {
                                                          "Actual Loops": 1,
                                                          "Actual Rows": 1,
                                                          "Our Qerror": 1.0,
                                                          "Postgres Qerror": 1.0,
                                                          "Our Estimated Time": 52.42721602676868,
                                                          "Node Type": "Seq Scan",
                                                          "Postgres Estimated Time": 52.42721602676868,
                                                          "Actual Time": 83.26
                                                        }
                                                      ],
                                                      "Actual Loops": 4523930,
                                                      "Actual Rows": 1,
                                                      "Our Qerror": 0,
                                                      "Postgres Qerror": 0,
                                                      "Our Estimated Time": 197.24334800000003,
                                                      "Node Type": "Materialize",
                                                      "Postgres Estimated Time": 351.236723942346,
                                                      "Actual Time": 0
                                                    }
                                                  ],
                                                  "Actual Loops": 1,
                                                  "Actual Rows": 41840,
                                                  "Our Qerror": 1.723491,
                                                  "Postgres Qerror": 1.723491,
                                                  "Our Estimated Time": 460.6241312540025,
                                                  "Node Type": "Nested Loop",
                                                  "Postgres Estimated Time": 664.0293337905152,
                                                  "Actual Time": 1723.4910000000002
                                                }
                                              ],
                                              "Actual Loops": 1,
                                              "Actual Rows": 41840,
                                              "Our Qerror": 1.0,
                                              "Postgres Qerror": 1.0,
                                              "Our Estimated Time": 7.63553038846921,
                                              "Node Type": "Sort",
                                              "Postgres Estimated Time": 102.99256914129005,
                                              "Actual Time": 16.715999999999894
                                            },
                                            {
                                              "Nodes": [
                                                {
                                                  "Actual Loops": 1,
                                                  "Actual Rows": 692556,
                                                  "Our Qerror": 1.091591198217349,
                                                  "Postgres Qerror": 1.091591198217349,
                                                  "Our Estimated Time": 1747.4071826031518,
                                                  "Node Type": "Seq Scan",
                                                  "Postgres Estimated Time": 1747.4071826031518,
                                                  "Actual Time": 1600.789
                                                }
                                              ],
                                              "Actual Loops": 1,
                                              "Actual Rows": 691938,
                                              "Our Qerror": 1.0,
                                              "Postgres Qerror": 2.1402086058665644,
                                              "Our Estimated Time": 292.0486414048516,
                                              "Node Type": "Sort",
                                              "Postgres Estimated Time": 2140.2086058665645,
                                              "Actual Time": 471.27499999999986
                                            }
                                          ],
                                          "Actual Loops": 1,
                                          "Actual Rows": 5385,
                                          "Our Qerror": 1.0,
                                          "Postgres Qerror": 1.0,
                                          "Our Estimated Time": 55.54947448780373,
                                          "Node Type": "Merge Join",
                                          "Postgres Estimated Time": 57.85446479593905,
                                          "Actual Time": 98.64800000000014
                                        }
                                      ],
                                      "Actual Loops": 36244344,
                                      "Actual Rows": 5385,
                                      "Our Qerror": 1.0046548444279408,
                                      "Postgres Qerror": 1.7724765630837869,
                                      "Our Estimated Time": 8509664.550384,