{
  "Nodes": [
    {
      "Nodes": [
        {
          "Postgres Estimated Time": 1481.7712940524057,
          "Actual Loops": 1,
          "Our Qerror": 1.4817712940524057,
          "Our Estimated Time": 1481.7712940524057,
          "Actual Time": 443.456,
          "Actual Rows": 2528312,
          "Node Type": "Seq Scan",
          "Postgres Qerror": 1.4817712940524057
        },
        {
          "Nodes": [
            {
              "Nodes": [
                {
                  "Postgres Estimated Time": 129.3752427619633,
                  "Actual Loops": 1,
                  "Our Qerror": 1.0,
                  "Our Estimated Time": 129.3752427619633,
                  "Actual Time": 45.31,
                  "Actual Rows": 234997,
                  "Node Type": "Seq Scan",
                  "Postgres Qerror": 1.0
                },
                {
                  "Nodes": [
                    {
                      "Nodes": [
                        {
                          "Postgres Estimated Time": 953.0893913896143,
                          "Actual Loops": 1,
                          "Our Qerror": 1.0,
                          "Our Estimated Time": 953.0893913896143,
                          "Actual Time": 569.765,
                          "Actual Rows": 2609129,
                          "Node Type": "Seq Scan",
                          "Postgres Qerror": 1.0
                        },
                        {
                          "Nodes": [
                            {
                              "Nodes": [
                                {
                                  "Nodes": [
                                    {
                                      "Nodes": [
                                        {
                                          "Nodes": [
                                            {
                                              "Postgres Estimated Time": 1395.5691526106655,
                                              "Actual Loops": 1,
                                              "Our Qerror": 1.3955691526106655,
                                              "Our Estimated Time": 1395.5691526106655,
                                              "Actual Time": 481.059,
                                              "Actual Rows": 4523930,
                                              "Node Type": "Seq Scan",
                                              "Postgres Qerror": 1.3955691526106655
                                            },
                                            {
                                              "Nodes": [
                                                {
                                                  "Postgres Estimated Time": 52.42721602676868,
                                                  "Actual Loops": 1,
                                                  "Our Qerror": 1.0,
                                                  "Our Estimated Time": 52.42721602676868,
                                                  "Actual Time": 84.221,
                                                  "Actual Rows": 1,
                                                  "Node Type": "Seq Scan",
                                                  "Postgres Qerror": 1.0
                                                }
                                              ],
                                              "Postgres Estimated Time": 351.236723942346,
                                              "Actual Loops": 4523930,
                                              "Our Qerror": 0,
                                              "Our Estimated Time": 197.24334800000003,
                                              "Actual Time": 0,
                                              "Actual Rows": 1,
                                              "Node Type": "Materialize",
                                              "Postgres Qerror": 0
                                            }
                                          ],
                                          "Postgres Estimated Time": 664.0293337905152,
                                          "Actual Loops": 1,
                                          "Our Qerror": 1.667084,
                                          "Our Estimated Time": 460.6241312540025,
                                          "Actual Time": 1667.084,
                                          "Actual Rows": 41840,
                                          "Node Type": "Nested Loop",
                                          "Postgres Qerror": 1.667084
                                        }
                                      ],
                                      "Postgres Estimated Time": 102.99256914129005,
                                      "Actual Loops": 1,
                                      "Our Qerror": 1.0,
                                      "Our Estimated Time": 7.63553038846921,
                                      "Actual Time": 48.63799999999992,
                                      "Actual Rows": 41840,
                                      "Node Type": "Sort",
                                      "Postgres Qerror": 1.0
                                    },
                                    {
                                      "Nodes": [
                                        {
                                          "Postgres Estimated Time": 12939.903445346197,
                                          "Actual Loops": 1,
                                          "Our Qerror": 1.8894535065899487,
                                          "Our Estimated Time": 12939.903445346197,
                                          "Actual Time": 6848.49,
                                          "Actual Rows": 36244344,
                                          "Node Type": "Seq Scan",
                                          "Postgres Qerror": 1.8894535065899487
                                        }
                                      ],
                                      "Postgres Estimated Time": 144140.12930384532,
                                      "Actual Loops": 1,
                                      "Our Qerror": 1.1530980037536525,
                                      "Our Estimated Time": 16212.889918413217,
                                      "Actual Time": 18695.051,
                                      "Actual Rows": 36243485,
                                      "Node Type": "Sort",
                                      "Postgres Qerror": 7.710068793278249
                                    }
                                  ],
                                  "Postgres Estimated Time": 2978.4894873527055,
                                  "Actual Loops": 1,
                                  "Our Qerror": 1.6091006401166559,
                                  "Our Estimated Time": 2786.2893645203953,
                                  "Actual Time": 4483.419999999998,
                                  "Actual Rows": 1038393,
                                  "Node Type": "Merge Join",
                                  "Postgres Qerror": 1.505266350288475
                                },
                                {
                                  "Nodes": [
                                    {
                                      "Postgres Estimated Time": 2359.305822234015,
                                      "Actual Loops": 1,
                                      "Our Qerror": 1.1060732251866423,
                                      "Our Estimated Time": 2359.305822234015,
                                      "Actual Time": 2609.565,
                                      "Actual Rows": 2664,
                                      "Node Type": "Seq Scan",