{
  "Our Qerror": 1.037568076463687,
  "Node Type": "Aggregate",
  "Actual Time": 3.5619999999180436,
  "Postgres Weighted Qerror": 1.6512534250287967,
  "Actual Loops": 1,
  "Actual Rows": 1,
  "Nodes": [
    {
      "Our Qerror": 1.0897970603677396,
      "Postgres Estimated Time": 397982.7432803463,
      "Node Type": "Nested Loop",
      "Actual Time": 251734.74299999978,
      "Postgres Qerror": 1.5809607308767333,
      "Actual Loops": 1,
      "Actual Rows": 11538,
      "Nodes": [
        {
          "Our Qerror": 1.0,
          "Postgres Estimated Time": 129.3752427619633,
          "Node Type": "Seq Scan",
          "Actual Time": 75.007,
          "Postgres Qerror": 1.0,
          "Actual Loops": 1,
          "Actual Rows": 234997,
          "Our Estimated Time": 129.3752427619633
        },
        {
          "Our Qerror": 1.0058943732322627,
          "Postgres Estimated Time": 210513.71634889167,
          "Node Type": "Materialize",
          "Actual Time": 118913.65299999993,
          "Postgres Qerror": 1.7703073704151684,
          "Actual Loops": 234997,
          "Actual Rows": 11538,
          "Nodes": [
            {
              "Our Qerror": 1.082068510664626,
              "Postgres Estimated Time": 755220.6408854709,
              "Node Type": "Nested Loop",
              "Actual Time": 481108.5159999998,
              "Postgres Qerror": 1.569751138816822,
              "Actual Loops": 1,
              "Actual Rows": 11538,
              "Nodes": [
                {
                  "Our Qerror": 1.0,
                  "Postgres Estimated Time": 953.0893913896143,
                  "Node Type": "Seq Scan",
                  "Actual Time": 331.394,
                  "Postgres Qerror": 1.0,
                  "Actual Loops": 1,
                  "Actual Rows": 2609129,
                  "Our Estimated Time": 953.0893913896143
                },
                {
                  "Our Qerror": 1.0142659792554136,
                  "Postgres Estimated Time": 399472.27678468527,
                  "Node Type": "Materialize",
                  "Actual Time": 227531.12300000014,
                  "Postgres Qerror": 1.755681910754183,
                  "Actual Loops": 2609129,
                  "Actual Rows": 1972,
                  "Nodes": [
                    {
                      "Our Qerror": 1.0899542265116746,
                      "Postgres Estimated Time": 731827.9046373048,
                      "Node Type": "Nested Loop",
                      "Actual Time": 462832.7790000001,
                      "Postgres Qerror": 1.5811929012860706,
                      "Actual Loops": 1,
                      "Actual Rows": 1972,
                      "Nodes": [
                        {
                          "Our Qerror": 1.4817712940524057,
                          "Postgres Estimated Time": 1481.7712940524057,
                          "Node Type": "Seq Scan",
                          "Actual Time": 433.21,
                          "Postgres Qerror": 1.4817712940524057,
                          "Actual Loops": 1,
                          "Actual Rows": 2528312,
                          "Our Estimated Time": 1481.7712940524057
                        },
                        {
                          "Our Qerror": 1.0060930086590711,
                          "Postgres Estimated Time": 387098.7505060477,
                          "Node Type": "Materialize",
                          "Actual Time": 218706.755,
                          "Postgres Qerror": 1.769944190823222,
                          "Actual Loops": 2528312,
                          "Actual Rows": 1972,
                          "Nodes": [
                            {
                              "Our Qerror": 1.007403104962583,
                              "Postgres Estimated Time": 794251.6860515708,
                              "Node Type": "Nested Loop",
                              "Actual Time": 551549.919,
                              "Postgres Qerror": 1.4400359037158534,
                              "Actual Loops": 1,
                              "Actual Rows": 1972,
                              "Nodes": [
                                {
                                  "Our Qerror": 1.6075943356913367,
                                  "Postgres Estimated Time": 2978.4894873527055,
                                  "Node Type": "Merge Join",
                                  "Actual Time": 4479.223000000002,
                                  "Postgres Qerror": 1.5038572467754971,
                                  "Actual Loops": 1,
                                  "Actual Rows": 1038393,
                                  "Nodes": [
                                    {
                                      "Our Qerror": 1.0,
                                      "Postgres Estimated Time": 102.99256914129005,
                                      "Node Type": "Sort",
                                      "Actual Time": 19.58199999999988,
                                      "Postgres Qerror": 1.0,
                                      "Actual Loops": 1,
                                      "Actual Rows": 41840,
                                      "Nodes": [
                                        {
                                          "Our Qerror": 1.674058,
                                          "Postgres Estimated Time": 664.0293337905152,
                                          "Node Type": "Nested Loop",
                                          "Actual Time": 1674.058,
                                          "Postgres Qerror": 1.674058,
                                          "Actual Loops": 1,
                                          "Actual Rows": 41840,
                                          "Nodes": [
                                            {
                                              "Our Qerror": 1.3955691526106655,
                                              "Postgres Estimated Time": 1395.5691526106655,
                                              "Node Type": "Seq Scan",
                                              "Actual Time": 484.496,
                                              "Postgres Qerror": 1.3955691526106655,
                                              "Actual Loops": 1,
                                              "Actual Rows": 4523930,
                                              "Our Estimated Time": 1395.5691526106655
                                            },
                                            {
                                              "Our Qerror": 0,
                                              "Postgres Estimated Time": 351.236723942346,
                                              "Node Type": "Materialize",
                                              "Actual Time": 0,
                                              "Postgres Qerror": 0,
                                              "Actual Loops": 4523930,
                                              "Actual Rows": 1,
                                              "Nodes": [
                                                {
                                                  "Our Qerror": 1.0,
                                                  "Postgres Estimated Time": 52.42721602676868,
                                                  "Node Type": "Seq Scan",
                                                  "Actual Time": 87.367,
                                                  "Postgres Qerror": 1.0,
                                                  "Actual Loops": 1,
                                                  "Actual Rows": 1,
                                                  "Our Estimated Time": 52.42721602676868
                                                }
                                              ],