{
  "Our Qerror": 1.0610877149685736,
  "Node Type": "Aggregate",
  "Our Weighted Qerror": 1.3461952999442819,
  "Postgres Qerror": 4.759806877305487,
  "Postgres Estimated Time": 439.8375108127016,
  "Actual Loops": 1,
  "Actual Rows": 1,
  "Nodes": [
    {
      "Nodes": [
        {
          "Nodes": [
            {
              "Nodes": [
                {
                  "Nodes": [
                    {
                      "Nodes": [
                        {
                          "Nodes": [
                            {
                              "Nodes": [
                                {
                                  "Nodes": [
                                    {
                                      "Nodes": [
                                        {
                                          "Nodes": [
                                            {
                                              "Our Qerror": 1.3955691526106655,
                                              "Actual Time": 521.201,
                                              "Node Type": "Seq Scan",
                                              "Our Estimated Time": 1395.5691526106655,
                                              "Postgres Qerror": 1.3955691526106655,
                                              "Postgres Estimated Time": 1395.5691526106655,
                                              "Actual Loops": 1,
                                              "Actual Rows": 4523930
                                            },
                                            {
                                              "Nodes": [
                                                {
                                                  "Our Qerror": 1.0,
                                                  "Actual Time": 67.414,
                                                  "Node Type": "Seq Scan",
                                                  "Our Estimated Time": 52.42721602676868,
                                                  "Postgres Qerror": 1.0,
                                                  "Postgres Estimated Time": 52.42721602676868,
                                                  "Actual Loops": 1,
                                                  "Actual Rows": 1
                                                }
                                              ],
                                              "Our Qerror": 0,
                                              "Actual Time": 0,
                                              "Node Type": "Materialize",
                                              "Our Estimated Time": 197.24334800000003,
                                              "Postgres Qerror": 0,
                                              "Postgres Estimated Time": 351.236723942346,
                                              "Actual Loops": 4523930,
                                              "Actual Rows": 1
                                            }
                                          ],
                                          "Our Qerror": 1.724371,
                                          "Actual Time": 1724.371,
                                          "Node Type": "Nested Loop",
                                          "Our Estimated Time": 460.6241312540025,
                                          "Postgres Qerror": 1.724371,
                                          "Postgres Estimated Time": 664.0293337905152,
                                          "Actual Loops": 1,
                                          "Actual Rows": 41840
                                        }
                                      ],
                                      "Our Qerror": 1.0,
                                      "Actual Time": 16.088999999999942,
                                      "Node Type": "Sort",
                                      "Our Estimated Time": 7.63553038846921,
                                      "Postgres Qerror": 1.0,
                                      "Postgres Estimated Time": 102.99256914129005,
                                      "Actual Loops": 1,
                                      "Actual Rows": 41839
                                    },
                                    {
                                      "Nodes": [
                                        {
                                          "Our Qerror": 1.0,
                                          "Actual Time": 591.539,
                                          "Node Type": "Seq Scan",
                                          "Our Estimated Time": 953.0893913896143,
                                          "Postgres Qerror": 1.0,
                                          "Postgres Estimated Time": 953.0893913896143,
                                          "Actual Loops": 1,
                                          "Actual Rows": 2609129
                                        }
                                      ],
                                      "Our Qerror": 1.0124674395420252,
                                      "Actual Time": 1071.147,
                                      "Node Type": "Sort",
                                      "Our Estimated Time": 1057.9569852483528,
                                      "Postgres Qerror": 8.25122182551905,
                                      "Postgres Estimated Time": 8838.271504739252,
                                      "Actual Loops": 1,
                                      "Actual Rows": 2609194
                                    }
                                  ],
                                  "Our Qerror": 1.0,
                                  "Actual Time": 270.39300000000003,
                                  "Node Type": "Merge Join",
                                  "Our Estimated Time": 247.0785108659799,
                                  "Postgres Qerror": 1.0,
                                  "Postgres Estimated Time": 228.88742607673143,
                                  "Actual Loops": 1,
                                  "Actual Rows": 148552
                                }
                              ],
                              "Our Qerror": 1.0,
                              "Actual Time": 64.02700000000004,
                              "Node Type": "Sort",
                              "Our Estimated Time": 37.760254864527404,
                              "Postgres Qerror": 1.0,
                              "Postgres Estimated Time": 407.83975390914844,
                              "Actual Loops": 1,
                              "Actual Rows": 148552
                            },
                            {
                              "Nodes": [
                                {
                                  "Our Qerror": 1.0,
                                  "Actual Time": 117.058,
                                  "Node Type": "Seq Scan",
                                  "Our Estimated Time": 137.23841815838216,
                                  "Postgres Qerror": 1.0,
                                  "Postgres Estimated Time": 137.23841815838216,
                                  "Actual Loops": 1,
                                  "Actual Rows": 84843
                                }
                              ],
                              "Our Qerror": 1.0,
                              "Actual Time": 46.57599999999998,
                              "Node Type": "Sort",
                              "Our Estimated Time": 36.93058487133304,
                              "Postgres Qerror": 1.0,
                              "Postgres Estimated Time": 222.28466607748643,
                              "Actual Loops": 1,
                              "Actual Rows": 84843
                            }
                          ],