{
  "Actual Time": 187.7719999999972,
  "Node Type": "Aggregate",
  "Nodes": [
    {
      "Actual Time": 274.71800000000076,
      "Node Type": "Merge Join",
      "Our Qerror": 1.0,
      "Our Estimated Time": 759.4544365647243,
      "Actual Loops": 1,
      "Postgres Estimated Time": 277.51200568010125,
      "Actual Rows": 1113120,
      "Nodes": [
        {
          "Actual Time": 488.1209999999992,
          "Node Type": "Sort",
          "Our Qerror": 1.0,
          "Our Estimated Time": 317.7777072466321,
          "Actual Loops": 1,
          "Postgres Estimated Time": 3558.209774550284,
          "Actual Rows": 1113120,
          "Nodes": [
            {
              "Actual Time": 474.0529999999999,
              "Node Type": "Merge Join",
              "Our Qerror": 1.0,
              "Our Estimated Time": 661.0881728848678,
              "Actual Loops": 1,
              "Postgres Estimated Time": 387.02319092875194,
              "Actual Rows": 1113120,
              "Nodes": [
                {
                  "Actual Time": 319.1889999999985,
                  "Node Type": "Merge Join",
                  "Our Qerror": 1.0,
                  "Our Estimated Time": 249.07588544301393,
                  "Actual Loops": 1,
                  "Postgres Estimated Time": 231.11716062510664,
                  "Actual Rows": 149493,
                  "Nodes": [
                    {
                      "Actual Time": 79.09399999999732,
                      "Node Type": "Sort",
                      "Our Qerror": 1.0,
                      "Our Estimated Time": 48.834651278282,
                      "Actual Loops": 1,
                      "Postgres Estimated Time": 410.6376482945885,
                      "Actual Rows": 149493,
                      "Nodes": [
                        {
                          "Actual Time": 220.07300000000396,
                          "Node Type": "Merge Join",
                          "Our Qerror": 1.0,
                          "Our Estimated Time": 190.96850196726004,
                          "Actual Loops": 1,
                          "Postgres Estimated Time": 145.50432911683436,
                          "Actual Rows": 149494,
                          "Nodes": [
                            {
                              "Actual Time": 563.2469999999958,
                              "Node Type": "Sort",
                              "Our Qerror": 1.0,
                              "Our Estimated Time": 282.9037127141814,
                              "Actual Loops": 1,
                              "Postgres Estimated Time": 3303.1712758301132,
                              "Actual Rows": 1038393,
                              "Nodes": [
                                {
                                  "Actual Time": 4636.010999999999,
                                  "Node Type": "Merge Join",
                                  "Our Qerror": 1.6638655909301066,
                                  "Our Estimated Time": 2786.2893645203953,
                                  "Actual Loops": 1,
                                  "Postgres Estimated Time": 2978.4894873527055,
                                  "Actual Rows": 1038393,
                                  "Nodes": [
                                    {
                                      "Actual Time": 18.511999999999716,
                                      "Node Type": "Sort",
                                      "Our Qerror": 1.0,
                                      "Our Estimated Time": 7.63553038846921,
                                      "Actual Loops": 1,
                                      "Postgres Estimated Time": 102.99256914129005,
                                      "Actual Rows": 41840,
                                      "Nodes": [
                                        {
                                          "Actual Time": 1665.525,
                                          "Node Type": "Nested Loop",
                                          "Our Qerror": 1.6655250000000001,
                                          "Our Estimated Time": 460.6241312540025,
                                          "Actual Loops": 1,
                                          "Postgres Estimated Time": 664.0293337905152,
                                          "Actual Rows": 41840,
                                          "Nodes": [
                                            {
                                              "Actual Time": 481.518,
                                              "Node Type": "Seq Scan",
                                              "Our Qerror": 1.3955691526106655,
                                              "Our Estimated Time": 1395.5691526106655,
                                              "Actual Loops": 1,
                                              "Postgres Estimated Time": 1395.5691526106655,
                                              "Actual Rows": 4523930,
                                              "Postgres Qerror": 1.3955691526106655
                                            },
                                            {
                                              "Actual Time": 0,
                                              "Node Type": "Materialize",
                                              "Our Qerror": 0,
                                              "Our Estimated Time": 197.24334800000003,
                                              "Actual Loops": 4523930,
                                              "Postgres Estimated Time": 351.236723942346,
                                              "Actual Rows": 1,
                                              "Nodes": [
                                                {
                                                  "Actual Time": 67.41,
                                                  "Node Type": "Seq Scan",
                                                  "Our Qerror": 1.0,
                                                  "Our Estimated Time": 52.42721602676868,
                                                  "Actual Loops": 1,
                                                  "Postgres Estimated Time": 52.42721602676868,
                                                  "Actual Rows": 1,
                                                  "Postgres Qerror": 1.0
                                                }
                                              ],
                                              "Postgres Qerror": 0
                                            }
                                          ],
                                          "Postgres Qerror": 1.6655250000000001
                                        }
                                      ],
                                      "Postgres Qerror": 1.0
                                    },
                                    {
                                      "Actual Time": 18508.859000000004,
                                      "Node Type": "Sort",
                                      "Our Qerror": 1.141613808095941,
                                      "Our Estimated Time": 16212.889918413217,
                                      "Actual Loops": 1,
                                      "Postgres Estimated Time": 144140.12930384532,
                                      "Actual Rows": 36243485,
                                      "Nodes": [
                                        {
                                          "Actual Time": 6940.632,
                                          "Node Type": "Seq Scan",
                                          "Our Qerror": 1.8643696201363504,
                                          "Our Estimated Time": 12939.903445346197,
                                          "Actual Loops": 1,