{
  "Node Type": "Aggregate",
  "Postgres Weighted Qerror": 1.2381437949746956,
  "Actual Rows": 1,
  "Actual Time": 0.023000000001047738,
  "Actual Plan Time": 49211.656,
  "Postgres Estimated Plan Time": 63397.240998384324,
  "Nodes": [
    {
      "Postgres Qerror": 1.0,
      "Node Type": "Nested Loop",
      "Actual Loops": 1,
      "Actual Rows": 15,
      "Actual Time": 42.03599999999278,
      "Postgres Estimated Time": 28.581885217725358,
      "Our Qerror": 1.0,
      "Nodes": [
        {
          "Postgres Qerror": 1.0284032699725136,
          "Node Type": "Seq Scan",
          "Actual Loops": 1,
          "Actual Rows": 5409,
          "Actual Time": 2608.925,
          "Postgres Estimated Time": 2683.02700111304,
          "Our Qerror": 1.0284032699725136,
          "Our Estimated Time": 2683.02700111304
        },
        {
          "Postgres Qerror": 1.0,
          "Node Type": "Materialize",
          "Actual Loops": 5409,
          "Actual Rows": 36,
          "Actual Time": 16.69000000000233,
          "Postgres Estimated Time": 15.123903028841552,
          "Our Qerror": 1.0,
          "Nodes": [
            {
              "Postgres Qerror": 1.0,
              "Node Type": "Nested Loop",
              "Actual Loops": 1,
              "Actual Rows": 36,
              "Actual Time": 320.66599999999744,
              "Postgres Estimated Time": 448.32185016222456,
              "Our Qerror": 1.0,
              "Nodes": [
                {
                  "Postgres Qerror": 1.0,
                  "Node Type": "Seq Scan",
                  "Actual Loops": 1,
                  "Actual Rows": 84843,
                  "Actual Time": 68.724,
                  "Postgres Estimated Time": 137.23841815838216,
                  "Our Qerror": 1.0,
                  "Our Estimated Time": 137.23841815838216
                },
                {
                  "Postgres Qerror": 1.0,
                  "Node Type": "Materialize",
                  "Actual Loops": 84843,
                  "Actual Rows": 36,
                  "Actual Time": 166.52200000000448,
                  "Postgres Estimated Time": 237.14425290742219,
                  "Our Qerror": 1.0,
                  "Nodes": [
                    {
                      "Postgres Qerror": 1.5107569576519126,
                      "Node Type": "Nested Loop",
                      "Actual Loops": 1,
                      "Actual Rows": 36,
                      "Actual Time": 10983.881000000001,
                      "Postgres Estimated Time": 16593.97464277065,
                      "Our Qerror": 1.0414009847544423,
                      "Nodes": [
                        {
                          "Postgres Qerror": 1.580457037982559,
                          "Node Type": "Seq Scan",
                          "Actual Loops": 1,
                          "Actual Rows": 3140339,
                          "Actual Time": 460.46,
                          "Postgres Estimated Time": 1580.457037982559,
                          "Our Qerror": 1.580457037982559,
                          "Our Estimated Time": 1580.457037982559
                        },
                        {
                          "Postgres Qerror": 1.3390190425526978,
                          "Node Type": "Materialize",
                          "Actual Loops": 3140339,
                          "Actual Rows": 36,
                          "Actual Time": 6555.0560000000005,
                          "Postgres Estimated Time": 8777.344808999318,
                          "Our Qerror": 1.329875188465299,
                          "Nodes": [
                            {
                              "Postgres Qerror": 1.2214152897962816,
                              "Node Type": "Nested Loop",
                              "Actual Loops": 1,
                              "Actual Rows": 36,
                              "Actual Time": 2599.6169999999984,
                              "Postgres Estimated Time": 3175.211951414338,
                              "Our Qerror": 1.1877167121524705,
                              "Nodes": [
                                {
                                  "Postgres Qerror": 1.0,
                                  "Node Type": "Seq Scan",
                                  "Actual Loops": 1,
                                  "Actual Rows": 901343,
                                  "Actual Time": 151.452,
                                  "Postgres Estimated Time": 485.0342293897681,
                                  "Our Qerror": 1.0,
                                  "Our Estimated Time": 485.0342293897681
                                },
                                {
                                  "Postgres Qerror": 1.6795237325856205,
                                  "Node Type": "Materialize",
                                  "Actual Loops": 901343,
                                  "Actual Rows": 24,
                                  "Actual Time": 575.648000000001,
                                  "Postgres Estimated Time": 1679.5237325856206,
                                  "Our Qerror": 1.0,
                                  "Nodes": [
                                    {
                                      "Postgres Qerror": 1.0,
                                      "Node Type": "Nested Loop",
                                      "Actual Loops": 1,
                                      "Actual Rows": 24,
                                      "Actual Time": 319.8979999999974,
                                      "Postgres Estimated Time": 495.36165863550235,
                                      "Our Qerror": 1.0,
                                      "Nodes": [
                                        {
                                          "Postgres Qerror": 1.0,
                                          "Node Type": "Nested Loop",
                                          "Actual Loops": 1,
                                          "Actual Rows": 17,
                                          "Actual Time": 135.91700000000128,
                                          "Postgres Estimated Time": 196.11714092544491,
                                          "Our Qerror": 1.0,
                                          "Nodes": [
                                            {
                                              "Postgres Qerror": 1.0,
                                              "Node Type": "Nested Loop",
                                              "Actual Loops": 1,
                                              "Actual Rows": 6,
                                              "Actual Time": 93.1929999999993,
                                              "Postgres Estimated Time": 71.38352400582511,
                                              "Our Qerror": 1.0,
                                              "Nodes": [
                                                {
                                                  "Postgres Qerror": 1.0,
                                                  "Node Type": "Nested Loop",
                                                  "Actual Loops": 1,
                                                  "Actual Rows": 69478,
                                                  "Actual Time": 27.771999999999025,
                                                  "Postgres Estimated Time": 10.19808663111441,
                                                  "Our Qerror": 1.0,
                                                  "Nodes": [
                                                    {
                                                      "Postgres Qerror": 1.0295598489710909,
                                                      "Node Type": "Seq Scan",
                                                      "Actual Loops": 1,
                                                      "Actual Rows": 69478,