{
  "Actual Time": 0.06799999624490738,
  "Our Qerror": 1.0913704798684025,
  "Actual Plan Time": 35188145.455,
  "Postgres Weighted Qerror": 1.419921598075779,
  "Postgres Qerror": 1.4199956748921876,
  "Actual Loops": 1,
  "Actual Rows": 1,
  "Nodes": [
    {
      "Actual Time": 13812.157999999821,
      "Nodes": [
        {
          "Actual Time": 709.189,
          "Our Qerror": 2.323706799887129,
          "Node Type": "Seq Scan",
          "Our Estimated Time": 2323.706799887129,
          "Actual Loops": 1,
          "Postgres Estimated Time": 2323.706799887129,
          "Postgres Qerror": 2.323706799887129,
          "Actual Rows": 4167491
        },
        {
          "Actual Time": 6198.77499999851,
          "Nodes": [
            {
              "Actual Time": 1438.0370000004768,
              "Nodes": [
                {
                  "Actual Time": 1218.518,
                  "Our Qerror": 1.719117227136512,
                  "Node Type": "Seq Scan",
                  "Our Estimated Time": 2094.7752853759284,
                  "Actual Loops": 1,
                  "Postgres Estimated Time": 2094.7752853759284,
                  "Postgres Qerror": 1.719117227136512,
                  "Actual Rows": 30
                },
                {
                  "Actual Time": 882.7339999973774,
                  "Nodes": [
                    {
                      "Actual Time": 24430726.757000007,
                      "Nodes": [
                        {
                          "Actual Time": 4833.395,
                          "Our Qerror": 2.6771807556258804,
                          "Node Type": "Seq Scan",
                          "Our Estimated Time": 12939.872078338354,
                          "Actual Loops": 1,
                          "Postgres Estimated Time": 12939.872078338354,
                          "Postgres Qerror": 2.6771807556258804,
                          "Actual Rows": 36244344
                        },
                        {
                          "Actual Time": 10093924.061999999,
                          "Nodes": [
                            {
                              "Actual Time": 435071.126,
                              "Nodes": [
                                {
                                  "Actual Time": 29.63500000000022,
                                  "Nodes": [
                                    {
                                      "Actual Time": 43.77900000000045,
                                      "Nodes": [
                                        {
                                          "Actual Time": 6120.178999999999,
                                          "Nodes": [
                                            {
                                              "Actual Time": 496.301,
                                              "Our Qerror": 1.3955691526106655,
                                              "Node Type": "Seq Scan",
                                              "Our Estimated Time": 1395.5691526106655,
                                              "Actual Loops": 1,
                                              "Postgres Estimated Time": 1395.5691526106655,
                                              "Postgres Qerror": 1.3955691526106655,
                                              "Actual Rows": 4523930
                                            },
                                            {
                                              "Actual Time": 0,
                                              "Nodes": [
                                                {
                                                  "Actual Time": 84.464,
                                                  "Our Qerror": 1.0,
                                                  "Node Type": "Seq Scan",
                                                  "Our Estimated Time": 52.427700019526284,
                                                  "Actual Loops": 1,
                                                  "Postgres Estimated Time": 52.427700019526284,
                                                  "Postgres Qerror": 1.0,
                                                  "Actual Rows": 8
                                                }
                                              ],
                                              "Our Qerror": 0,
                                              "Node Type": "Materialize",
                                              "Our Estimated Time": 1577.9467840000002,
                                              "Actual Loops": 4523930,
                                              "Postgres Estimated Time": 2809.893791538768,
                                              "Postgres Qerror": 0,
                                              "Actual Rows": 8
                                            }
                                          ],
                                          "Our Qerror": 1.6702142431893612,
                                          "Node Type": "Nested Loop",
                                          "Our Estimated Time": 3664.3077527067417,
                                          "Actual Loops": 1,
                                          "Postgres Estimated Time": 5312.234670324122,
                                          "Postgres Qerror": 1.1520912346341396,
                                          "Actual Rows": 35548
                                        }
                                      ],
                                      "Our Qerror": 1.0,
                                      "Node Type": "Sort",
                                      "Our Estimated Time": 6.425573017968064,
                                      "Actual Loops": 1,
                                      "Postgres Estimated Time": 86.20649672272032,
                                      "Postgres Qerror": 1.0,
                                      "Actual Rows": 35548
                                    },
                                    {
                                      "Actual Time": 40.19499999999999,
                                      "Nodes": [
                                        {
                                          "Actual Time": 35.10000000000001,
                                          "Nodes": [
                                            {
                                              "Actual Time": 55.349,
                                              "Nodes": [
                                                {
                                                  "Actual Time": 39.463,
                                                  "Our Qerror": 1.0,
                                                  "Node Type": "Seq Scan",
                                                  "Our Estimated Time": 44.57564675251888,
                                                  "Actual Loops": 1,
                                                  "Postgres Estimated Time": 44.57564675251888,
                                                  "Postgres Qerror": 1.0,
                                                  "Actual Rows": 135086
                                                },
                                                {
                                                  "Actual Time": 0,
                                                  "Nodes": [
                                                    {
                                                      "Actual Time": 0.022,
                                                      "Our Qerror": 1.0,
                                                      "Node Type": "Seq Scan",
                                                      "Our Estimated Time": 3.06093683763954,
                                                      "Actual Loops": 1,