{
  "Postgres Weighted Qerror": 1.4271275632243723,
  "Actual Plan Time": 8787220.335,
  "Postgres Estimated Time": 0.002708891627339,
  "Actual Loops": 1,
  "Node Type": "Aggregate",
  "Actual Time": 0.07200000062584877,
  "Actual Rows": 1,
  "Our Weighted Qerror": 1.0906005194679607,
  "Postgres Qerror": 1.4272677212962408,
  "Postgres Estimated Plan Time": 12541715.944063442,
  "Our Estimated Time": 0.002708891627339,
  "Our Estimated Plan Time": 8098136.061988694,
  "Our Qerror": 1.0850917134185674,
  "Nodes": [
    {
      "Nodes": [
        {
          "Postgres Qerror": 1.2012807114271131,
          "Our Estimated Time": 2094.7752853759284,
          "Postgres Estimated Time": 2094.7752853759284,
          "Actual Loops": 1,
          "Node Type": "Seq Scan",
          "Actual Time": 1743.785,
          "Actual Rows": 30,
          "Our Qerror": 1.2012807114271131
        },
        {
          "Nodes": [
            {
              "Nodes": [
                {
                  "Postgres Qerror": 1.1074239731388476,
                  "Our Estimated Time": 2359.1217667024816,
                  "Postgres Estimated Time": 2359.1217667024816,
                  "Actual Loops": 1,
                  "Node Type": "Seq Scan",
                  "Actual Time": 2612.548,
                  "Actual Rows": 2,
                  "Our Qerror": 1.1074239731388476
                },
                {
                  "Nodes": [
                    {
                      "Nodes": [
                        {
                          "Postgres Qerror": 2.8398491569445543,
                          "Our Estimated Time": 12939.872078338354,
                          "Postgres Estimated Time": 12939.872078338354,
                          "Actual Loops": 1,
                          "Node Type": "Seq Scan",
                          "Actual Time": 4556.535,
                          "Actual Rows": 36244344,
                          "Our Qerror": 2.8398491569445543
                        },
                        {
                          "Nodes": [
                            {
                              "Nodes": [
                                {
                                  "Nodes": [
                                    {
                                      "Nodes": [
                                        {
                                          "Nodes": [
                                            {
                                              "Postgres Qerror": 1.3955691526106655,
                                              "Our Estimated Time": 1395.5691526106655,
                                              "Postgres Estimated Time": 1395.5691526106655,
                                              "Actual Loops": 1,
                                              "Node Type": "Seq Scan",
                                              "Actual Time": 497.362,
                                              "Actual Rows": 4523930,
                                              "Our Qerror": 1.3955691526106655
                                            },
                                            {
                                              "Nodes": [
                                                {
                                                  "Postgres Qerror": 1.0,
                                                  "Our Estimated Time": 52.427700019526284,
                                                  "Postgres Estimated Time": 52.427700019526284,
                                                  "Actual Loops": 1,
                                                  "Node Type": "Seq Scan",
                                                  "Actual Time": 86.817,
                                                  "Actual Rows": 8,
                                                  "Our Qerror": 1.0
                                                }
                                              ],
                                              "Postgres Qerror": 0,
                                              "Our Estimated Time": 1577.9467840000002,
                                              "Postgres Estimated Time": 2809.893791538768,
                                              "Actual Loops": 4523930,
                                              "Node Type": "Materialize",
                                              "Actual Time": 0,
                                              "Actual Rows": 8,
                                              "Our Qerror": 0
                                            }
                                          ],
                                          "Postgres Qerror": 1.137407018886713,
                                          "Our Estimated Time": 3664.3077527067417,
                                          "Postgres Estimated Time": 5312.234670324122,
                                          "Actual Loops": 1,
                                          "Node Type": "Nested Loop",
                                          "Actual Time": 6042.173,
                                          "Actual Rows": 35548,
                                          "Our Qerror": 1.6489261840894185
                                        }
                                      ],
                                      "Postgres Qerror": 1.0,
                                      "Our Estimated Time": 6.820072346479006,
                                      "Postgres Estimated Time": 86.20649672272032,
                                      "Actual Loops": 1,
                                      "Node Type": "Sort",
                                      "Actual Time": 42.277000000000044,
                                      "Actual Rows": 35548,
                                      "Our Qerror": 1.0
                                    },
                                    {
                                      "Nodes": [
                                        {
                                          "Nodes": [
                                            {
                                              "Nodes": [
                                                {
                                                  "Postgres Qerror": 1.0,
                                                  "Our Estimated Time": 44.57564675251888,
                                                  "Postgres Estimated Time": 44.57564675251888,
                                                  "Actual Loops": 1,
                                                  "Node Type": "Seq Scan",
                                                  "Actual Time": 42.381,
                                                  "Actual Rows": 135086,
                                                  "Our Qerror": 1.0
                                                },
                                                {
                                                  "Nodes": [
                                                    {
                                                      "Postgres Qerror": 1.0,
                                                      "Our Estimated Time": 3.06093683763954,
                                                      "Postgres Estimated Time": 3.06093683763954,
                                                      "Actual Loops": 1,
                                                      "Node Type": "Seq Scan",
                                                      "Actual Time": 0.022,
                                                      "Actual Rows": 1,
                                                      "Our Qerror": 1.0
                                                    }
                                                  ],
                                                  "Postgres Qerror": 0,
                                                  "Our Estimated Time": 4.0162358000000005,