{
  "Actual Rows": 1,
  "Our Estimated Plan Time": 15143038.50971533,
  "Actual Time": 9.014000000432134,
  "Postgres Qerror": 1.5592495054366813,
  "Our Weighted Qerror": 1.0825111595005863,
  "Our Estimated Time": 0.8395095797567372,
  "Postgres Estimated Plan Time": 23461905.923850246,
  "Actual Plan Time": 15046922.152,
  "Node Type": "Aggregate",
  "Actual Loops": 1,
  "Postgres Weighted Qerror": 1.559316057521981,
  "Our Qerror": 1.00638777530344,
  "Nodes": [
    {
      "Nodes": [
        {
          "Our Qerror": 2.323706799887129,
          "Actual Rows": 4167491,
          "Actual Time": 739.446,
          "Postgres Qerror": 2.323706799887129,
          "Our Estimated Time": 2323.706799887129,
          "Postgres Estimated Time": 2323.706799887129,
          "Node Type": "Seq Scan",
          "Actual Loops": 1
        },
        {
          "Nodes": [
            {
              "Nodes": [
                {
                  "Our Qerror": 1.1065375489897404,
                  "Actual Rows": 180152,
                  "Actual Time": 1904.345,
                  "Postgres Qerror": 1.1065375489897404,
                  "Our Estimated Time": 2107.2292487308673,
                  "Postgres Estimated Time": 2107.2292487308673,
                  "Node Type": "Seq Scan",
                  "Actual Loops": 1
                },
                {
                  "Nodes": [
                    {
                      "Nodes": [
                        {
                          "Our Qerror": 2.9008691211621063,
                          "Actual Rows": 36244344,
                          "Actual Time": 4460.688,
                          "Postgres Qerror": 2.9008691211621063,
                          "Our Estimated Time": 12939.872078338354,
                          "Postgres Estimated Time": 12939.872078338354,
                          "Node Type": "Seq Scan",
                          "Actual Loops": 1
                        },
                        {
                          "Nodes": [
                            {
                              "Nodes": [
                                {
                                  "Nodes": [
                                    {
                                      "Nodes": [
                                        {
                                          "Nodes": [
                                            {
                                              "Our Qerror": 1.3955691526106655,
                                              "Actual Rows": 4523930,
                                              "Actual Time": 496.847,
                                              "Postgres Qerror": 1.3955691526106655,
                                              "Our Estimated Time": 1395.5691526106655,
                                              "Postgres Estimated Time": 1395.5691526106655,
                                              "Node Type": "Seq Scan",
                                              "Actual Loops": 1
                                            },
                                            {
                                              "Nodes": [
                                                {
                                                  "Our Qerror": 1.0,
                                                  "Actual Rows": 10,
                                                  "Actual Time": 84.305,
                                                  "Postgres Qerror": 1.0,
                                                  "Our Estimated Time": 52.42783830317131,
                                                  "Postgres Estimated Time": 52.42783830317131,
                                                  "Node Type": "Seq Scan",
                                                  "Actual Loops": 1
                                                }
                                              ],
                                              "Actual Rows": 10,
                                              "Actual Time": 4439.625,
                                              "Postgres Qerror": 1.2639979527678167,
                                              "Our Qerror": 2.2508363628060093,
                                              "Our Estimated Time": 1972.4334800000001,
                                              "Postgres Estimated Time": 3512.367239423459,
                                              "Node Type": "Materialize",
                                              "Actual Loops": 4523930
                                            }
                                          ],
                                          "Actual Rows": 24091,
                                          "Actual Time": 2750.7749999999996,
                                          "Postgres Qerror": 2.413971821724842,
                                          "Our Qerror": 1.6646138159777497,
                                          "Our Estimated Time": 4578.978069646194,
                                          "Postgres Estimated Time": 6640.293337905152,
                                          "Node Type": "Nested Loop",
                                          "Actual Loops": 1
                                        }
                                      ],
                                      "Actual Rows": 24091,
                                      "Actual Time": 37.63200000000052,
                                      "Postgres Qerror": 1.0,
                                      "Our Qerror": 1.0,
                                      "Our Estimated Time": 4.512226483848596,
                                      "Postgres Estimated Time": 56.322800381028685,
                                      "Node Type": "Sort",
                                      "Actual Loops": 1
                                    },
                                    {
                                      "Nodes": [
                                        {
                                          "Nodes": [
                                            {
                                              "Nodes": [
                                                {
                                                  "Our Qerror": 1.0,
                                                  "Actual Rows": 135086,
                                                  "Actual Time": 38.679,
                                                  "Postgres Qerror": 1.0,
                                                  "Our Estimated Time": 44.57564675251888,
                                                  "Postgres Estimated Time": 44.57564675251888,
                                                  "Node Type": "Seq Scan",
                                                  "Actual Loops": 1
                                                },
                                                {
                                                  "Nodes": [
                                                    {
                                                      "Our Qerror": 1.0,
                                                      "Actual Rows": 1,
                                                      "Actual Time": 0.022,
                                                      "Postgres Qerror": 1.0,
                                                      "Our Estimated Time": 3.06093683763954,
                                                      "Postgres Estimated Time": 3.06093683763954,
                                                      "Node Type": "Seq Scan",
                                                      "Actual Loops": 1
                                                    }
                                                  ],
                                                  "Actual Rows": 1,
                                                  "Actual Time": 0,