{
  "Actual Plan Time": 9385573.009,
  "Actual Loops": 1,
  "Our Estimated Plan Time": 9354993.745473174,
  "Node Type": "Aggregate",
  "Actual Rows": 1,
  "Postgres Weighted Qerror": 1.5436260302981282,
  "Actual Time": 12.163999998942018,
  "Nodes": [
    {
      "Actual Rows": 4407,
      "Actual Time": 1168070.5220000008,
      "Nodes": [
        {
          "Actual Rows": 2528312,
          "Actual Time": 476.323,
          "Postgres Estimated Time": 1481.7712940524057,
          "Actual Loops": 1,
          "Our Estimated Time": 1481.7712940524057,
          "Node Type": "Seq Scan",
          "Our Qerror": 1.4817712940524057,
          "Postgres Qerror": 1.4817712940524057
        },
        {
          "Actual Rows": 4407,
          "Actual Time": 490797.55200000014,
          "Nodes": [
            {
              "Actual Rows": 4407,
              "Actual Time": 80.03299999982119,
              "Nodes": [
                {
                  "Actual Rows": 128590,
                  "Actual Time": 2305786.1730000004,
                  "Nodes": [
                    {
                      "Actual Rows": 4523930,
                      "Actual Time": 553.512,
                      "Postgres Estimated Time": 1395.5691526106655,
                      "Actual Loops": 1,
                      "Our Estimated Time": 1395.5691526106655,
                      "Node Type": "Seq Scan",
                      "Our Qerror": 1.3955691526106655,
                      "Postgres Qerror": 1.3955691526106655
                    },
                    {
                      "Actual Rows": 4851,
                      "Actual Time": 968477.8300000001,
                      "Nodes": [
                        {
                          "Actual Rows": 4851,
                          "Actual Time": 1107108.5209999997,
                          "Nodes": [
                            {
                              "Actual Rows": 8650,
                              "Actual Time": 1935759.7959999996,
                              "Nodes": [
                                {
                                  "Actual Rows": 16480,
                                  "Actual Time": 92.11100000000079,
                                  "Nodes": [
                                    {
                                      "Actual Rows": 30413,
                                      "Actual Time": 34.085000000000946,
                                      "Nodes": [
                                        {
                                          "Actual Rows": 30413,
                                          "Actual Time": 20.13299999999981,
                                          "Nodes": [
                                            {
                                              "Actual Rows": 30801,
                                              "Actual Time": 8324.124,
                                              "Postgres Estimated Time": 7260.773022004831,
                                              "Actual Loops": 1,
                                              "Our Estimated Time": 7260.773022004831,
                                              "Node Type": "Seq Scan",
                                              "Our Qerror": 1.146451483164744,
                                              "Postgres Qerror": 1.146451483164744
                                            },
                                            {
                                              "Actual Rows": 1,
                                              "Actual Time": 0,
                                              "Nodes": [
                                                {
                                                  "Actual Rows": 1,
                                                  "Actual Time": 0.022,
                                                  "Postgres Estimated Time": 3.0769360236090764,
                                                  "Actual Loops": 1,
                                                  "Our Estimated Time": 3.0769360236090764,
                                                  "Node Type": "Seq Scan",
                                                  "Our Qerror": 1.0,
                                                  "Postgres Qerror": 1.0
                                                }
                                              ],
                                              "Postgres Estimated Time": 2.391535683470946,
                                              "Actual Loops": 30801,
                                              "Our Estimated Time": 1.3429236,
                                              "Node Type": "Materialize",
                                              "Our Qerror": 0,
                                              "Postgres Qerror": 0
                                            }
                                          ],
                                          "Postgres Estimated Time": 4.521017679336696,
                                          "Actual Loops": 1,
                                          "Our Estimated Time": 5.219255428130447,
                                          "Node Type": "Nested Loop",
                                          "Our Qerror": 1.0,
                                          "Postgres Qerror": 1.0
                                        }
                                      ],
                                      "Postgres Estimated Time": 72.69080230263054,
                                      "Actual Loops": 1,
                                      "Our Estimated Time": 9.05519112487723,
                                      "Node Type": "Sort",
                                      "Our Qerror": 1.0,
                                      "Postgres Qerror": 1.0
                                    },
                                    {
                                      "Actual Rows": 459996,
                                      "Actual Time": 200.5229999999999,
                                      "Nodes": [
                                        {
                                          "Actual Rows": 459925,
                                          "Actual Time": 513.241,
                                          "Nodes": [
                                            {
                                              "Actual Rows": 1380035,
                                              "Actual Time": 171.536,
                                              "Postgres Estimated Time": 458.94776691884636,
                                              "Actual Loops": 1,
                                              "Our Estimated Time": 458.94776691884636,
                                              "Node Type": "Seq Scan",
                                              "Our Qerror": 1.0,
                                              "Postgres Qerror": 1.0
                                            },
                                            {
                                              "Actual Rows": 1,
                                              "Actual Time": 0,
                                              "Nodes": [
                                                {
                                                  "Actual Rows": 1,
                                                  "Actual Time": 0.052,
                                                  "Postgres Estimated Time": 3.0769360236090764,
                                                  "Actual Loops": 1,
                                                  "Our Estimated Time": 0,
                                                  "Node Type": "Seq Scan",
                                                  "Our Qerror": 0,