{
  "Actual Time": 0.056000000004132744,
  "Actual Plan Time": 35276.896,
  "Actual Loops": 1,
  "Our Estimated Plan Time": 34707.883832378815,
  "Our Weighted Qerror": 1.2917175193452006,
  "Postgres Weighted Qerror": 1.2089953971776801,
  "Actual Rows": 1,
  "Postgres Estimated Plan Time": 39143.80458514692,
  "Nodes": [
    {
      "Our Estimated Time": 1056.0640341709352,
      "Actual Time": 2024.8240000000005,
      "Actual Rows": 6,
      "Actual Loops": 1,
      "Nodes": [
        {
          "Our Estimated Time": 2479.3992908866144,
          "Actual Time": 1939.594,
          "Actual Rows": 1739579,
          "Actual Loops": 1,
          "Node Type": "Seq Scan",
          "Our Qerror": 1.278308393863156,
          "Postgres Estimated Time": 2479.3992908866144,
          "Postgres Qerror": 1.278308393863156
        },
        {
          "Our Estimated Time": 455.07386640000004,
          "Actual Time": 0,
          "Actual Rows": 6,
          "Actual Loops": 1739579,
          "Nodes": [
            {
              "Our Estimated Time": 0.0181213509350864,
              "Actual Time": 0.04399999999805004,
              "Actual Rows": 6,
              "Actual Loops": 1,
              "Nodes": [
                {
                  "Our Estimated Time": 52.42749259405874,
                  "Actual Time": 87.433,
                  "Actual Rows": 5,
                  "Actual Loops": 1,
                  "Node Type": "Seq Scan",
                  "Our Qerror": 1.0,
                  "Postgres Estimated Time": 52.42749259405874,
                  "Postgres Qerror": 1.0
                },
                {
                  "Our Estimated Time": 0.00763,
                  "Actual Time": 0.033000000003085006,
                  "Actual Rows": 35,
                  "Actual Loops": 5,
                  "Nodes": [
                    {
                      "Our Estimated Time": 1830.927369563788,
                      "Actual Time": 3796.989999999998,
                      "Actual Rows": 35,
                      "Actual Loops": 1,
                      "Nodes": [
                        {
                          "Our Estimated Time": 1395.5691526106655,
                          "Actual Time": 498.247,
                          "Actual Rows": 4523930,
                          "Actual Loops": 1,
                          "Node Type": "Seq Scan",
                          "Our Qerror": 1.3955691526106655,
                          "Postgres Estimated Time": 1395.5691526106655,
                          "Postgres Qerror": 1.3955691526106655
                        },
                        {
                          "Our Estimated Time": 788.9733920000001,
                          "Actual Time": 491.4380000000019,
                          "Actual Rows": 4,
                          "Actual Loops": 4523930,
                          "Nodes": [
                            {
                              "Our Estimated Time": 1259.40392536729,
                              "Actual Time": 1494.787000000004,
                              "Actual Rows": 4,
                              "Actual Loops": 1,
                              "Nodes": [
                                {
                                  "Our Estimated Time": 13333.965378100047,
                                  "Actual Time": 11465.479,
                                  "Actual Rows": 1244716,
                                  "Actual Loops": 1,
                                  "Node Type": "Seq Scan",
                                  "Our Qerror": 1.162966272765407,
                                  "Postgres Estimated Time": 13333.965378100047,
                                  "Postgres Qerror": 1.162966272765407
                                },
                                {
                                  "Our Estimated Time": 542.696176,
                                  "Actual Time": 956.6309999999976,
                                  "Actual Rows": 10,
                                  "Actual Loops": 1244716,
                                  "Nodes": [
                                    {
                                      "Our Estimated Time": 1070.3105559182252,
                                      "Actual Time": 1060.8410000000003,
                                      "Actual Rows": 10,
                                      "Actual Loops": 1,
                                      "Nodes": [
                                        {
                                          "Our Estimated Time": 224.55132547191783,
                                          "Actual Time": 243.48199999999997,
                                          "Actual Rows": 23,
                                          "Actual Loops": 1,
                                          "Nodes": [
                                            {
                                              "Our Estimated Time": 5.219255428130447,
                                              "Actual Time": 11.972999999999956,
                                              "Actual Rows": 30413,
                                              "Actual Loops": 1,
                                              "Nodes": [
                                                {
                                                  "Our Estimated Time": 7260.773022004831,
                                                  "Actual Time": 8191.127,
                                                  "Actual Rows": 30801,
                                                  "Actual Loops": 1,
                                                  "Node Type": "Seq Scan",
                                                  "Our Qerror": 1.1281342875167144,
                                                  "Postgres Estimated Time": 7260.773022004831,
                                                  "Postgres Qerror": 1.1281342875167144
                                                },
                                                {
                                                  "Our Estimated Time": 1.3429236,
                                                  "Actual Time": 0,
                                                  "Actual Rows": 1,
                                                  "Actual Loops": 30801,
                                                  "Nodes": [
                                                    {
                                                      "Our Estimated Time": 3.0769360236090764,
                                                      "Actual Time": 0.036,
                                                      "Actual Rows": 1,
                                                      "Actual Loops": 1,
                                                      "Node Type": "Seq Scan",
                                                      "Our Qerror": 1.0,
                                                      "Postgres Estimated Time": 3.0769360236090764,
                                                      "Postgres Qerror": 1.0
                                                    }
                                                  ],
                                                  "Node Type": "Materialize",
                                                  "Our Qerror": 0,
                                                  "Postgres Estimated Time": 2.391535683470946,
                                                  "Postgres Qerror": 0
                                                }
                                              ],
                                              "Node Type": "Nested Loop",
                                              "Our Qerror": 1.0,
                                              "Postgres Estimated Time": 4.521017679336696,