{
  "Postgres Estimated Plan Time": 51996917.49017769,
  "Our Estimated Time": 4.061091297444736,
  "Postgres Qerror": 1.5452665313746654,
  "Nodes": [
    {
      "Our Estimated Time": 6690321.255474564,
      "Actual Rows": 26153,
      "Postgres Qerror": 1.3981674256088887,
      "Nodes": [
        {
          "Our Estimated Time": 1481.7712940524057,
          "Actual Rows": 2528312,
          "Postgres Qerror": 1.4817712940524057,
          "Postgres Estimated Time": 1481.7712940524057,
          "Node Type": "Seq Scan",
          "Our Qerror": 1.4817712940524057,
          "Actual Loops": 1,
          "Actual Time": 880.008
        },
        {
          "Our Estimated Time": 2882960.3468896,
          "Actual Rows": 26153,
          "Postgres Qerror": 1.7564886858982738,
          "Nodes": [
            {
              "Our Estimated Time": 7550856.686404085,
              "Actual Rows": 26153,
              "Postgres Qerror": 1.4926247301125541,
              "Nodes": [
                {
                  "Our Estimated Time": 2479.3992908866144,
                  "Actual Rows": 1739579,
                  "Postgres Qerror": 1.033101448973972,
                  "Postgres Estimated Time": 2479.3992908866144,
                  "Node Type": "Seq Scan",
                  "Our Qerror": 1.033101448973972,
                  "Actual Loops": 1,
                  "Actual Time": 2561.471
                },
                {
                  "Our Estimated Time": 3253778.14476,
                  "Actual Rows": 42900,
                  "Postgres Qerror": 1.7531398396674278,
                  "Nodes": [
                    {
                      "Our Estimated Time": 7982858.934467866,
                      "Actual Rows": 42900,
                      "Postgres Qerror": 1.4638095385121268,
                      "Nodes": [
                        {
                          "Our Estimated Time": 13333.965378100047,
                          "Actual Rows": 1244716,
                          "Postgres Qerror": 1.2334166477361646,
                          "Postgres Estimated Time": 13333.965378100047,
                          "Node Type": "Seq Scan",
                          "Our Qerror": 1.2334166477361646,
                          "Actual Loops": 1,
                          "Actual Time": 10810.593
                        },
                        {
                          "Our Estimated Time": 3439933.9811936,
                          "Actual Rows": 63386,
                          "Postgres Qerror": 1.7536655222291295,
                          "Nodes": [
                            {
                              "Our Estimated Time": 1202652.566808482,
                              "Actual Rows": 63386,
                              "Postgres Qerror": 1.4678464864349474,
                              "Nodes": [
                                {
                                  "Our Estimated Time": 108.3854886300507,
                                  "Actual Rows": 63701,
                                  "Postgres Qerror": 1.0,
                                  "Nodes": [
                                    {
                                      "Our Estimated Time": 122.13113245962245,
                                      "Actual Rows": 459917,
                                      "Postgres Qerror": 1.3791341264483938,
                                      "Nodes": [
                                        {
                                          "Our Estimated Time": 171.43199401993542,
                                          "Actual Rows": 459925,
                                          "Postgres Qerror": 1.0,
                                          "Nodes": [
                                            {
                                              "Our Estimated Time": 458.94776691884636,
                                              "Actual Rows": 1380035,
                                              "Postgres Qerror": 1.0,
                                              "Postgres Estimated Time": 458.94776691884636,
                                              "Node Type": "Seq Scan",
                                              "Our Qerror": 1.0,
                                              "Actual Loops": 1,
                                              "Actual Time": 188.471
                                            },
                                            {
                                              "Our Estimated Time": 60.169526000000005,
                                              "Actual Rows": 1,
                                              "Postgres Qerror": 0,
                                              "Nodes": [
                                                {
                                                  "Our Estimated Time": 3.0769360236090764,
                                                  "Actual Rows": 1,
                                                  "Postgres Qerror": 1.0,
                                                  "Postgres Estimated Time": 3.0769360236090764,
                                                  "Node Type": "Seq Scan",
                                                  "Our Qerror": 1.0,
                                                  "Actual Loops": 1,
                                                  "Actual Time": 0.019
                                                }
                                              ],
                                              "Postgres Estimated Time": 107.14565886472725,
                                              "Node Type": "Materialize",
                                              "Our Qerror": 0,
                                              "Actual Loops": 1380035,
                                              "Actual Time": 0
                                            }
                                          ],
                                          "Postgres Estimated Time": 202.56363861898694,
                                          "Node Type": "Nested Loop",
                                          "Our Qerror": 1.0,
                                          "Actual Loops": 1,
                                          "Actual Time": 511.496
                                        }
                                      ],
                                      "Postgres Estimated Time": 1379.1341264483938,
                                      "Node Type": "Sort",
                                      "Our Qerror": 1.0,
                                      "Actual Loops": 1,
                                      "Actual Time": 202.33299999999997
                                    },
                                    {
                                      "Our Estimated Time": 19.81342830949716,
                                      "Actual Rows": 76714,
                                      "Postgres Qerror": 1.0,
                                      "Nodes": [
                                        {
                                          "Our Estimated Time": 3209.4228075723695,
                                          "Actual Rows": 76714,
                                          "Postgres Qerror": 1.169762866813207,
                                          "Nodes": [
                                            {
                                              "Our Estimated Time": 1395.5691526106655,
                                              "Actual Rows": 4523930,
                                              "Postgres Qerror": 1.3955691526106655,
                                              "Postgres Estimated Time": 1395.5691526106655,
                                              "Node Type": "Seq Scan",
                                              "Our Qerror": 1.3955691526106655,
                                              "Actual Loops": 1,