{
  "Our Estimated Time": 1.2165279636458037,
  "Postgres Estimated Time": 1.2165279636458037,
  "Our Estimated Plan Time": 18677450.622741435,
  "Postgres Estimated Plan Time": 28949704.39105407,
  "Actual Plan Time": 17711443.136,
  "Our Qerror": 1.0545414328648322,
  "Our Weighted Qerror": 1.0567691956267138,
  "Node Type": "Aggregate",
  "Postgres Qerror": 1.634519794279855,
  "Actual Rows": 1,
  "Actual Time": 12.017000000923872,
  "Actual Loops": 1,
  "Nodes": [
    {
      "Postgres Qerror": 1.5558703122573647,
      "Our Estimated Time": 2004052.1819824777,
      "Actual Rows": 7834,
      "Actual Time": 1868582.2869999986,
      "Actual Loops": 1,
      "Nodes": [
        {
          "Postgres Qerror": 1.4817712940524057,
          "Our Estimated Time": 1481.7712940524057,
          "Actual Rows": 2528312,
          "Actual Time": 445.84,
          "Actual Loops": 1,
          "Our Qerror": 1.4817712940524057,
          "Postgres Estimated Time": 1481.7712940524057,
          "Node Type": "Seq Scan"
        },
        {
          "Postgres Qerror": 1.7420327082882814,
          "Our Estimated Time": 863576.3146688001,
          "Actual Rows": 7834,
          "Actual Time": 882758.9330000002,
          "Actual Loops": 2528312,
          "Nodes": [
            {
              "Postgres Qerror": 1.0,
              "Our Estimated Time": 35.89827963257013,
              "Actual Rows": 7834,
              "Actual Time": 17.854000000283122,
              "Actual Loops": 1,
              "Nodes": [
                {
                  "Postgres Qerror": 1.0,
                  "Our Estimated Time": 50.986489474058644,
                  "Actual Rows": 148552,
                  "Actual Time": 192.5800000000745,
                  "Actual Loops": 1,
                  "Nodes": [
                    {
                      "Postgres Qerror": 1.568588790526739,
                      "Our Estimated Time": 11045421.836840818,
                      "Actual Rows": 148552,
                      "Actual Time": 10215261.986000001,
                      "Actual Loops": 1,
                      "Nodes": [
                        {
                          "Postgres Qerror": 1.0,
                          "Our Estimated Time": 953.0893913896143,
                          "Actual Rows": 2609129,
                          "Actual Time": 624.098,
                          "Actual Loops": 1,
                          "Our Qerror": 1.0,
                          "Postgres Estimated Time": 953.0893913896143,
                          "Node Type": "Seq Scan"
                        },
                        {
                          "Postgres Qerror": 1.787671591063191,
                          "Our Estimated Time": 4759635.7408960005,
                          "Actual Rows": 41840,
                          "Actual Time": 4741149.736,
                          "Actual Loops": 2609129,
                          "Nodes": [
                            {
                              "Postgres Qerror": 1.7176350000000002,
                              "Our Estimated Time": 460.6241312540025,
                              "Actual Rows": 41840,
                              "Actual Time": 1717.6350000000002,
                              "Actual Loops": 1,
                              "Nodes": [
                                {
                                  "Postgres Qerror": 1.3955691526106655,
                                  "Our Estimated Time": 1395.5691526106655,
                                  "Actual Rows": 4523930,
                                  "Actual Time": 529.151,
                                  "Actual Loops": 1,
                                  "Our Qerror": 1.3955691526106655,
                                  "Postgres Estimated Time": 1395.5691526106655,
                                  "Node Type": "Seq Scan"
                                },
                                {
                                  "Postgres Qerror": 0,
                                  "Our Estimated Time": 197.24334800000003,
                                  "Actual Rows": 1,
                                  "Actual Time": 0,
                                  "Actual Loops": 4523930,
                                  "Nodes": [
                                    {
                                      "Postgres Qerror": 1.0,
                                      "Our Estimated Time": 52.42721602676868,
                                      "Actual Rows": 1,
                                      "Actual Time": 83.164,
                                      "Actual Loops": 1,
                                      "Our Qerror": 1.0,
                                      "Postgres Estimated Time": 52.42721602676868,
                                      "Node Type": "Seq Scan"
                                    }
                                  ],
                                  "Our Qerror": 0,
                                  "Postgres Estimated Time": 351.236723942346,
                                  "Node Type": "Materialize"
                                }
                              ],
                              "Our Qerror": 1.7176350000000002,
                              "Postgres Estimated Time": 664.0293337905152,
                              "Node Type": "Nested Loop"
                            }
                          ],
                          "Our Qerror": 1.0038990552767475,
                          "Postgres Estimated Time": 8475618.692023948,
                          "Node Type": "Materialize"
                        }
                      ],
                      "Our Qerror": 1.081266623604813,
                      "Postgres Estimated Time": 16023545.443533517,
                      "Node Type": "Nested Loop"
                    }
                  ],
                  "Our Qerror": 1.0,
                  "Postgres Estimated Time": 407.83975390914844,
                  "Node Type": "Sort"
                },
                {
                  "Postgres Qerror": 1.0,
                  "Our Estimated Time": 3.6744431073285724,
                  "Actual Rows": 9766,
                  "Actual Time": 6.385999999999996,
                  "Actual Loops": 1,
                  "Nodes": [
                    {
                      "Postgres Qerror": 1.0,
                      "Our Estimated Time": 132.04807982587118,
                      "Actual Rows": 9775,
                      "Actual Time": 144.633,
                      "Actual Loops": 1,
                      "Our Qerror": 1.0,
                      "Postgres Estimated Time": 132.04807982587118,
                      "Node Type": "Seq Scan"
                    }
                  ],
                  "Our Qerror": 1.0,
                  "Postgres Estimated Time": 20.87793053059542,
                  "Node Type": "Sort"
                }
              ],
              "Our Qerror": 1.0,
              "Postgres Estimated Time": 13.50891962618989,
              "Node Type": "Merge Join"
            }
          ],
          "Our Qerror": 1.0222129972827672,
          "Postgres Estimated Time": 1537794.9348196639,
          "Node Type": "Materialize"
        }
      ],
      "Our Qerror": 1.0724987579754786,
      "Postgres Estimated Time": 2907271.7063532686,
      "Node Type": "Nested Loop"
    }
  ],
  "Postgres Weighted Qerror": 1.634517337528946
}
