{
  "Actual Loops": 1,
  "Postgres Estimated Plan Time": 369675.4339185669,
  "Postgres Estimated Time": 5684.434814380712,
  "Postgres Qerror": 5.170820661652874,
  "Node Type": "Aggregate",
  "Our Qerror": 1.2335891194209792,
  "Actual Time": 8122.626000000004,
  "Our Estimated Time": 5684.434814380712,
  "Nodes": [
    {
      "Nodes": [
        {
          "Nodes": [
            {
              "Nodes": [
                {
                  "Nodes": [
                    {
                      "Nodes": [
                        {
                          "Nodes": [
                            {
                              "Nodes": [
                                {
                                  "Postgres Estimated Time": 3.060833704306515,
                                  "Actual Rows": 4,
                                  "Our Qerror": 1.0,
                                  "Node Type": "Seq Scan",
                                  "Postgres Qerror": 1.0,
                                  "Our Estimated Time": 3.060833704306515,
                                  "Actual Time": 0.011,
                                  "Actual Loops": 1
                                }
                              ],
                              "Postgres Estimated Time": 0.001552794002838,
                              "Actual Rows": 3,
                              "Our Qerror": 1.0,
                              "Node Type": "Sort",
                              "Postgres Qerror": 1.0,
                              "Our Estimated Time": 0.0004216007300576,
                              "Actual Time": 41.148999999999994,
                              "Actual Loops": 1
                            },
                            {
                              "Nodes": [
                                {
                                  "Postgres Estimated Time": 953.0893913896143,
                                  "Actual Rows": 2609129,
                                  "Our Qerror": 1.0,
                                  "Node Type": "Seq Scan",
                                  "Postgres Qerror": 1.0,
                                  "Our Estimated Time": 953.0893913896143,
                                  "Actual Time": 561.571,
                                  "Actual Loops": 1
                                }
                              ],
                              "Postgres Estimated Time": 8838.271504739252,
                              "Actual Rows": 2609129,
                              "Our Qerror": 1.0,
                              "Node Type": "Sort",
                              "Postgres Qerror": 8.838271504739252,
                              "Our Estimated Time": 727.42835123382,
                              "Actual Time": 641.629,
                              "Actual Loops": 1
                            }
                          ],
                          "Postgres Estimated Time": 607.7162124937066,
                          "Actual Rows": 2609129,
                          "Our Qerror": 1.308039194516954,
                          "Node Type": "Merge Join",
                          "Postgres Qerror": 1.0,
                          "Our Estimated Time": 1308.039194516954,
                          "Actual Time": 459.4069999999999,
                          "Actual Loops": 1
                        }
                      ],
                      "Postgres Estimated Time": 8838.271504739252,
                      "Actual Rows": 2609129,
                      "Our Qerror": 1.1550759999999998,
                      "Node Type": "Sort",
                      "Postgres Qerror": 7.6516796338416295,
                      "Our Estimated Time": 779.4005894735888,
                      "Actual Time": 1155.0759999999998,
                      "Actual Loops": 1
                    },
                    {
                      "Nodes": [
                        {
                          "Postgres Estimated Time": 129.3752427619633,
                          "Actual Rows": 234997,
                          "Our Qerror": 1.0,
                          "Node Type": "Seq Scan",
                          "Postgres Qerror": 1.0,
                          "Our Estimated Time": 129.3752427619633,
                          "Actual Time": 95.131,
                          "Actual Loops": 1
                        }
                      ],
                      "Postgres Estimated Time": 853.6403407018029,
                      "Actual Rows": 234997,
                      "Our Qerror": 1.0,
                      "Node Type": "Sort",
                      "Postgres Qerror": 1.0,
                      "Our Estimated Time": 209.11876307680643,
                      "Actual Time": 136.387,
                      "Actual Loops": 1
                    }
                  ],
                  "Postgres Estimated Time": 625.9610761888523,
                  "Actual Rows": 2609129,
                  "Our Qerror": 1.2859494637638635,
                  "Node Type": "Merge Join",
                  "Postgres Qerror": 1.0,
                  "Our Estimated Time": 1285.9494637638636,
                  "Actual Time": 592.7330000000002,
                  "Actual Loops": 1
                }
              ],
              "Postgres Estimated Time": 8838.271504739252,
              "Actual Rows": 2609129,
              "Our Qerror": 1.1837795409062057,
              "Node Type": "Sort",
              "Postgres Qerror": 6.432142187413718,
              "Our Estimated Time": 1160.755827008225,
              "Actual Time": 1374.0789999999997,
              "Actual Loops": 1
            },
            {
              "Nodes": [
                {
                  "Postgres Estimated Time": 1481.7712940524057,
                  "Actual Rows": 2528312,
                  "Our Qerror": 1.4817712940524057,
                  "Node Type": "Seq Scan",
                  "Postgres Qerror": 1.4817712940524057,
                  "Our Estimated Time": 1481.7712940524057,
                  "Actual Time": 996.186,
                  "Actual Loops": 1
                }
              ],
              "Postgres Estimated Time": 8552.961907259034,
              "Actual Rows": 2525745,
              "Our Qerror": 1.4488943956188869,
              "Node Type": "Sort",
              "Postgres Qerror": 5.113652315089816,
              "Our Estimated Time": 1154.3795083047235,
              "Actual Time": 1672.574,
              "Actual Loops": 1
            }
          ],
          "Postgres Estimated Time": 804.0133651197738,
          "Actual Rows": 2609129,
          "Our Qerror": 1.0964951593934398,
          "Node Type": "Merge Join",
          "Postgres Qerror": 1.1441009999999996,
          "Our Estimated Time": 1254.5012083571935,
          "Actual Time": 1144.1009999999997,
          "Actual Loops": 1
        },
        {
          "Nodes": [
            {
              "Nodes": [
                {
                  "Nodes": [
                    {
                      "Nodes": [
                        {
                          "Nodes": [
                            {
                              "Postgres Estimated Time": 1580.457037982559,
                              "Actual Rows": 3140339,
                              "Our Qerror": 1.580457037982559,
                              "Node Type": "Seq Scan",
                              "Postgres Qerror": 1.580457037982559,
                              "Our Estimated Time": 1580.457037982559,
                              "Actual Time": 936.837,
                              "Actual Loops": 1
                            }
                          ],
                          "Postgres Estimated Time": 10768.083092378885,
                          "Actual Rows": 3140339,
                          "Our Qerror": 1.377912792668262,
                          "Node Type": "Sort",