{
  "Actual Plan Time": 12842.329,
  "Postgres Estimated Time": 642.8220037310911,
  "Nodes": [
    {
      "Actual Rows": 4139776,
      "Postgres Estimated Time": 974.6498204519414,
      "Nodes": [
        {
          "Actual Rows": 4139776,
          "Postgres Estimated Time": 14451.357870422398,
          "Nodes": [
            {
              "Actual Rows": 4139776,
              "Postgres Estimated Time": 1005.5581074387317,
              "Nodes": [
                {
                  "Actual Rows": 148115,
                  "Postgres Estimated Time": 406.54224616279,
                  "Nodes": [
                    {
                      "Actual Rows": 148115,
                      "Postgres Estimated Time": 52.74390917379863,
                      "Nodes": [
                        {
                          "Actual Rows": 148115,
                          "Postgres Estimated Time": 406.54224616279,
                          "Nodes": [
                            {
                              "Actual Rows": 148115,
                              "Postgres Estimated Time": 34.499123118353126,
                              "Nodes": [
                                {
                                  "Actual Rows": 148115,
                                  "Postgres Estimated Time": 406.54224616279,
                                  "Nodes": [
                                    {
                                      "Actual Rows": 148115,
                                      "Postgres Estimated Time": 227.90015964972704,
                                      "Nodes": [
                                        {
                                          "Actual Rows": 29997,
                                          "Postgres Estimated Time": 203.28425980063722,
                                          "Nodes": [
                                            {
                                              "Actual Rows": 29997,
                                              "Postgres Estimated Time": 71.60395887692121,
                                              "Nodes": [
                                                {
                                                  "Actual Rows": 29997,
                                                  "Postgres Estimated Time": 6.988271770072277,
                                                  "Nodes": [
                                                    {
                                                      "Actual Rows": 18,
                                                      "Postgres Estimated Time": 0.013052576764697149,
                                                      "Nodes": [
                                                        {
                                                          "Actual Rows": 18,
                                                          "Postgres Estimated Time": 3.0627696753369182,
                                                          "Actual Time": 0.021,
                                                          "Our Estimated Time": 3.0627696753369182,
                                                          "Our Qerror": 1.0,
                                                          "Postgres Qerror": 1.0,
                                                          "Node Type": "Seq Scan",
                                                          "Actual Loops": 1
                                                        }
                                                      ],
                                                      "Actual Time": 0.029,
                                                      "Our Estimated Time": 0.0026053045821368627,
                                                      "Our Qerror": 1.0,
                                                      "Postgres Qerror": 1.0,
                                                      "Node Type": "Sort",
                                                      "Actual Loops": 1
                                                    },
                                                    {
                                                      "Actual Rows": 29997,
                                                      "Postgres Estimated Time": 71.60395887692121,
                                                      "Nodes": [
                                                        {
                                                          "Actual Rows": 29997,
                                                          "Postgres Estimated Time": 12.227096324695312,
                                                          "Actual Time": 21.897,
                                                          "Our Estimated Time": 12.227096324695312,
                                                          "Our Qerror": 1.0,
                                                          "Postgres Qerror": 1.0,
                                                          "Node Type": "Seq Scan",
                                                          "Actual Loops": 1
                                                        }
                                                      ],
                                                      "Actual Time": 13.685000000000002,
                                                      "Our Estimated Time": 9.960018607187,
                                                      "Our Qerror": 1.0,
                                                      "Postgres Qerror": 1.0,
                                                      "Node Type": "Sort",
                                                      "Actual Loops": 1
                                                    }
                                                  ],
                                                  "Actual Time": 7.270000000000003,
                                                  "Our Estimated Time": 473.42685554986895,
                                                  "Our Qerror": 1.0,
                                                  "Postgres Qerror": 1.0,
                                                  "Node Type": "Merge Join",
                                                  "Actual Loops": 1
                                                }
                                              ],
                                              "Actual Time": 12.235,
                                              "Our Estimated Time": 8.98952131286033,
                                              "Our Qerror": 1.0,
                                              "Postgres Qerror": 1.0,
                                              "Node Type": "Sort",
                                              "Actual Loops": 1
                                            },
                                            {
                                              "Actual Rows": 186175,
                                              "Postgres Estimated Time": 8546.687299612666,
                                              "Nodes": [
                                                {
                                                  "Actual Rows": 2528312,
                                                  "Postgres Estimated Time": 1481.7712940524057,
                                                  "Actual Time": 1291.252,
                                                  "Our Estimated Time": 1481.7712940524057,
                                                  "Our Qerror": 1.1475461753804879,
                                                  "Postgres Qerror": 1.1475461753804879,
                                                  "Node Type": "Seq Scan",
                                                  "Actual Loops": 1
                                                }
                                              ],
                                              "Actual Time": 1343.98,