{
  "Our Weighted Qerror": 1.2024327039877742,
  "Our Estimated Time": 528.8270481595455,
  "Actual Plan Time": 11275.262,
  "Actual Time": 1202.661,
  "Our Qerror": 1.2937493624381753,
  "Our Estimated Plan Time": 14587.363023823385,
  "Postgres Qerror": 4.33133878399061,
  "Postgres Estimated Plan Time": 48836.97960025553,
  "Actual Rows": 1,
  "Postgres Weighted Qerror": 3.9919385585344944,
  "Actual Loops": 1,
  "Nodes": [
    {
      "Actual Rows": 3405648,
      "Our Estimated Time": 1557.3989612589544,
      "Nodes": [
        {
          "Actual Rows": 3405648,
          "Our Estimated Time": 1795.0413838934319,
          "Nodes": [
            {
              "Actual Rows": 3405648,
              "Our Estimated Time": 1527.6687322698303,
              "Nodes": [
                {
                  "Actual Rows": 104935,
                  "Our Estimated Time": 50.88709078369969,
                  "Nodes": [
                    {
                      "Actual Rows": 104935,
                      "Our Estimated Time": 193.42810051143476,
                      "Nodes": [
                        {
                          "Actual Rows": 104935,
                          "Our Estimated Time": 46.939441013133525,
                          "Nodes": [
                            {
                              "Actual Rows": 104935,
                              "Our Estimated Time": 497.92851117141674,
                              "Nodes": [
                                {
                                  "Actual Rows": 104935,
                                  "Our Estimated Time": 37.07124902429813,
                                  "Nodes": [
                                    {
                                      "Actual Rows": 104935,
                                      "Our Estimated Time": 156.8196469636099,
                                      "Nodes": [
                                        {
                                          "Actual Rows": 29726,
                                          "Our Estimated Time": 173.7332369884627,
                                          "Nodes": [
                                            {
                                              "Actual Rows": 29997,
                                              "Our Estimated Time": 8.98952131286033,
                                              "Nodes": [
                                                {
                                                  "Actual Rows": 29997,
                                                  "Our Estimated Time": 473.42685554986895,
                                                  "Nodes": [
                                                    {
                                                      "Actual Rows": 18,
                                                      "Our Estimated Time": 0.0026053045821368627,
                                                      "Nodes": [
                                                        {
                                                          "Actual Rows": 18,
                                                          "Our Estimated Time": 3.0627696753369182,
                                                          "Our Qerror": 1.0,
                                                          "Actual Loops": 1,
                                                          "Actual Time": 0.021,
                                                          "Postgres Estimated Time": 3.0627696753369182,
                                                          "Node Type": "Seq Scan",
                                                          "Postgres Qerror": 1.0
                                                        }
                                                      ],
                                                      "Actual Loops": 1,
                                                      "Actual Time": 0.027,
                                                      "Our Qerror": 1.0,
                                                      "Postgres Estimated Time": 0.013052576764697149,
                                                      "Node Type": "Sort",
                                                      "Postgres Qerror": 1.0
                                                    },
                                                    {
                                                      "Actual Rows": 29997,
                                                      "Our Estimated Time": 9.960018607187,
                                                      "Nodes": [
                                                        {
                                                          "Actual Rows": 29997,
                                                          "Our Estimated Time": 12.227096324695312,
                                                          "Our Qerror": 1.0,
                                                          "Actual Loops": 1,
                                                          "Actual Time": 22.951,
                                                          "Postgres Estimated Time": 12.227096324695312,
                                                          "Node Type": "Seq Scan",
                                                          "Postgres Qerror": 1.0
                                                        }
                                                      ],
                                                      "Actual Loops": 1,
                                                      "Actual Time": 15.238,
                                                      "Our Qerror": 1.0,
                                                      "Postgres Estimated Time": 71.60395887692121,
                                                      "Node Type": "Sort",
                                                      "Postgres Qerror": 1.0
                                                    }
                                                  ],
                                                  "Actual Loops": 1,
                                                  "Actual Time": 6.277999999999999,
                                                  "Our Qerror": 1.0,
                                                  "Postgres Estimated Time": 6.988271770072277,
                                                  "Node Type": "Merge Join",
                                                  "Postgres Qerror": 1.0
                                                }
                                              ],
                                              "Actual Loops": 1,
                                              "Actual Time": 11.460999999999999,
                                              "Our Qerror": 1.0,
                                              "Postgres Estimated Time": 71.60395887692121,
                                              "Node Type": "Sort",
                                              "Postgres Qerror": 1.0
                                            },
                                            {
                                              "Actual Rows": 177924,
                                              "Our Estimated Time": 1036.8903537995948,
                                              "Nodes": [
                                                {
                                                  "Actual Rows": 2287271,
                                                  "Our Estimated Time": 1661.4026655568798,
                                                  "Our Qerror": 1.2481051321099808,
                                                  "Actual Loops": 1,
                                                  "Actual Time": 1331.14,
                                                  "Postgres Estimated Time": 1661.4026655568798,