{
  "Postgres Estimated Time": 27544.78726451649,
  "Our Estimated Plan Time": 126314.30824979543,
  "Nodes": [
    {
      "Actual Rows": 177388547,
      "Postgres Estimated Time": 29012.860602138426,
      "Our Estimated Time": 50779.59357147455,
      "Nodes": [
        {
          "Actual Rows": 4073078,
          "Postgres Estimated Time": 942.1808202128987,
          "Our Estimated Time": 1785.5789685740965,
          "Nodes": [
            {
              "Actual Rows": 1380012,
              "Postgres Estimated Time": 517.7285391618386,
              "Our Estimated Time": 785.0750871187279,
              "Nodes": [
                {
                  "Actual Rows": 1380012,
                  "Postgres Estimated Time": 4477.883478561319,
                  "Our Estimated Time": 533.4797086871157,
                  "Nodes": [
                    {
                      "Actual Rows": 1380035,
                      "Postgres Estimated Time": 321.4452840420969,
                      "Our Estimated Time": 910.4038933531692,
                      "Nodes": [
                        {
                          "Actual Rows": 113,
                          "Postgres Estimated Time": 0.12844404891569294,
                          "Our Estimated Time": 0.021784826424854915,
                          "Nodes": [
                            {
                              "Actual Rows": 113,
                              "Postgres Estimated Time": 3.0759066216146547,
                              "Our Estimated Time": 3.0759066216146547,
                              "Actual Loops": 1,
                              "Postgres Qerror": 1.0,
                              "Our Qerror": 1.0,
                              "Node Type": "Seq Scan",
                              "Actual Time": 0.059
                            }
                          ],
                          "Actual Loops": 1,
                          "Postgres Qerror": 1.0,
                          "Our Qerror": 1.0,
                          "Node Type": "Sort",
                          "Actual Time": 0.088
                        },
                        {
                          "Actual Rows": 1380035,
                          "Postgres Estimated Time": 4477.883478561319,
                          "Our Estimated Time": 520.6404527550037,
                          "Nodes": [
                            {
                              "Actual Rows": 1380035,
                              "Postgres Estimated Time": 458.94776691884636,
                              "Our Estimated Time": 458.94776691884636,
                              "Actual Loops": 1,
                              "Postgres Qerror": 1.0,
                              "Our Qerror": 1.0,
                              "Node Type": "Seq Scan",
                              "Actual Time": 300.015
                            }
                          ],
                          "Actual Loops": 1,
                          "Postgres Qerror": 4.477883478561319,
                          "Our Qerror": 1.0,
                          "Node Type": "Sort",
                          "Actual Time": 411.95000000000005
                        }
                      ],
                      "Actual Loops": 1,
                      "Postgres Qerror": 1.0,
                      "Our Qerror": 1.0,
                      "Node Type": "Merge Join",
                      "Actual Time": 250.47199999999987
                    }
                  ],
                  "Actual Loops": 1,
                  "Postgres Qerror": 4.477883478561319,
                  "Our Qerror": 1.0,
                  "Node Type": "Sort",
                  "Actual Time": 681.2500000000001
                },
                {
                  "Actual Rows": 2525757,
                  "Postgres Estimated Time": 8546.687299612666,
                  "Our Estimated Time": 1245.9371221434656,
                  "Nodes": [
                    {
                      "Actual Rows": 2528312,
                      "Postgres Estimated Time": 1481.7712940524057,
                      "Our Estimated Time": 1481.7712940524057,
                      "Actual Loops": 1,
                      "Postgres Qerror": 1.475554781756864,
                      "Our Qerror": 1.475554781756864,
                      "Node Type": "Seq Scan",
                      "Actual Time": 1004.213
                    }
                  ],
                  "Actual Loops": 1,
                  "Postgres Qerror": 5.124991709653929,
                  "Our Qerror": 1.3384696309000221,
                  "Node Type": "Sort",
                  "Actual Time": 1667.6490000000001
                }
              ],
              "Actual Loops": 1,
              "Postgres Qerror": 1.0,
              "Our Qerror": 1.0,
              "Node Type": "Merge Join",
              "Actual Time": 799.0439999999999
            },
            {
              "Actual Rows": 5327324,
              "Postgres Estimated Time": 8951.932066122286,
              "Our Estimated Time": 1230.657927809225,
              "Nodes": [
                {
                  "Actual Rows": 2609129,
                  "Postgres Estimated Time": 625.9610761888523,
                  "Our Estimated Time": 1285.9494637638636,
                  "Nodes": [
                    {
                      "Actual Rows": 2609129,
                      "Postgres Estimated Time": 8838.271504739252,
                      "Our Estimated Time": 779.4005894735888,
                      "Nodes": [
                        {
                          "Actual Rows": 2609129,
                          "Postgres Estimated Time": 607.7162124937066,
                          "Our Estimated Time": 1308.039194516954,
                          "Nodes": [
                            {
                              "Actual Rows": 3,
                              "Postgres Estimated Time": 0.001552794002838,
                              "Our Estimated Time": 0.0004216007300576,
                              "Nodes": [
                                {
                                  "Actual Rows": 4,
                                  "Postgres Estimated Time": 3.060833704306515,
                                  "Our Estimated Time": 3.060833704306515,
                                  "Actual Loops": 1,
                                  "Postgres Qerror": 1.0,
                                  "Our Qerror": 1.0,
                                  "Node Type": "Seq Scan",
                                  "Actual Time": 0.012
                                }
                              ],
                              "Actual Loops": 1,
                              "Postgres Qerror": 1.0,
                              "Our Qerror": 1.0,
                              "Node Type": "Sort",
                              "Actual Time": 0.005000000000000001
                            },
                            {
                              "Actual Rows": 2609129,
                              "Postgres Estimated Time": 8838.271504739252,
                              "Our Estimated Time": 727.42835123382,
                              "Nodes": [
                                {
                                  "Actual Rows": 2609129,
                                  "Postgres Estimated Time": 953.0893913896143,
                                  "Our Estimated Time": 953.0893913896143,
                                  "Actual Loops": 1,
                                  "Postgres Qerror": 1.0,
                                  "Our Qerror": 1.0,
                                  "Node Type": "Seq Scan",
                                  "Actual Time": 541.425
                                }
                              ],
                              "Actual Loops": 1,
                              "Postgres Qerror": 8.838271504739252,