{
  "Postgres Estimated Plan Time": 242861.48617478763,
  "Postgres Weighted Qerror": 2.4518449894105165,
  "Postgres Qerror": 2.118086056393994,
  "Our Estimated Time": 27544.78726451649,
  "Our Estimated Plan Time": 126314.30856035423,
  "Postgres Estimated Time": 27544.78726451649,
  "Actual Time": 42017.704,
  "Actual Rows": 1,
  "Actual Loops": 1,
  "Our Qerror": 1.1016344332677874,
  "Our Weighted Qerror": 1.4197858078133672,
  "Nodes": [
    {
      "Our Estimated Time": 50779.59357147455,
      "Postgres Estimated Time": 29012.860602138426,
      "Actual Loops": 1,
      "Postgres Qerror": 1.1611567870531507,
      "Nodes": [
        {
          "Our Estimated Time": 1785.5789685740965,
          "Postgres Estimated Time": 942.1808202128987,
          "Actual Loops": 1,
          "Postgres Qerror": 1.222764000000001,
          "Nodes": [
            {
              "Our Estimated Time": 785.0750871187279,
              "Postgres Estimated Time": 517.7285391618386,
              "Actual Loops": 1,
              "Postgres Qerror": 1.0,
              "Nodes": [
                {
                  "Our Estimated Time": 533.4797086871157,
                  "Postgres Estimated Time": 4477.883478561319,
                  "Actual Loops": 1,
                  "Postgres Qerror": 4.477883478561319,
                  "Nodes": [
                    {
                      "Our Estimated Time": 910.4038933531692,
                      "Postgres Estimated Time": 321.4452840420969,
                      "Actual Loops": 1,
                      "Postgres Qerror": 1.0,
                      "Nodes": [
                        {
                          "Our Estimated Time": 0.021784826424854915,
                          "Postgres Estimated Time": 0.12844404891569294,
                          "Actual Loops": 1,
                          "Postgres Qerror": 1.0,
                          "Nodes": [
                            {
                              "Our Estimated Time": 3.0759066216146547,
                              "Postgres Estimated Time": 3.0759066216146547,
                              "Actual Loops": 1,
                              "Postgres Qerror": 1.0,
                              "Node Type": "Seq Scan",
                              "Actual Rows": 113,
                              "Our Qerror": 1.0,
                              "Actual Time": 0.059
                            }
                          ],
                          "Node Type": "Sort",
                          "Actual Rows": 113,
                          "Our Qerror": 1.0,
                          "Actual Time": 0.096
                        },
                        {
                          "Our Estimated Time": 520.6404527550037,
                          "Postgres Estimated Time": 4477.883478561319,
                          "Actual Loops": 1,
                          "Postgres Qerror": 4.477883478561319,
                          "Nodes": [
                            {
                              "Our Estimated Time": 458.94776691884636,
                              "Postgres Estimated Time": 458.94776691884636,
                              "Actual Loops": 1,
                              "Postgres Qerror": 1.0,
                              "Node Type": "Seq Scan",
                              "Actual Rows": 1380035,
                              "Our Qerror": 1.0,
                              "Actual Time": 344.171
                            }
                          ],
                          "Node Type": "Sort",
                          "Actual Rows": 1380035,
                          "Our Qerror": 1.0,
                          "Actual Time": 371.52000000000004
                        }
                      ],
                      "Node Type": "Merge Join",
                      "Actual Rows": 1380035,
                      "Our Qerror": 1.0,
                      "Actual Time": 227.514
                    }
                  ],
                  "Node Type": "Sort",
                  "Actual Rows": 1380012,
                  "Our Qerror": 1.0,
                  "Actual Time": 632.9240000000001
                },
                {
                  "Our Estimated Time": 1245.9371221434656,
                  "Postgres Estimated Time": 8546.687299612666,
                  "Actual Loops": 1,
                  "Postgres Qerror": 5.092876623939045,
                  "Nodes": [
                    {
                      "Our Estimated Time": 1481.7712940524057,
                      "Postgres Estimated Time": 1481.7712940524057,
                      "Actual Loops": 1,
                      "Postgres Qerror": 1.3974979737418507,
                      "Node Type": "Seq Scan",
                      "Actual Rows": 2528312,
                      "Our Qerror": 1.3974979737418507,
                      "Actual Time": 1060.303
                    }
                  ],
                  "Node Type": "Sort",
                  "Actual Rows": 2525757,
                  "Our Qerror": 1.346909864209636,
                  "Actual Time": 1678.1649999999997
                }
              ],
              "Node Type": "Merge Join",
              "Actual Rows": 1380012,
              "Our Qerror": 1.0,
              "Actual Time": 766.5649999999996
            },
            {
              "Our Estimated Time": 1230.657927809225,
              "Postgres Estimated Time": 8951.932066122286,
              "Actual Loops": 1,
              "Postgres Qerror": 6.116679739726391,
              "Nodes": [
                {
                  "Our Estimated Time": 1285.9494637638636,
                  "Postgres Estimated Time": 625.9610761888523,
                  "Actual Loops": 1,
                  "Postgres Qerror": 1.0,
                  "Nodes": [
                    {
                      "Our Estimated Time": 779.4005894735888,
                      "Postgres Estimated Time": 8838.271504739252,
                      "Actual Loops": 1,
                      "Postgres Qerror": 7.712076913116805,
                      "Nodes": [
                        {
                          "Our Estimated Time": 1308.039194516954,
                          "Postgres Estimated Time": 607.7162124937066,
                          "Actual Loops": 1,
                          "Postgres Qerror": 1.0,
                          "Nodes": [
                            {
                              "Our Estimated Time": 0.0004216007300576,
                              "Postgres Estimated Time": 0.001552794002838,
                              "Actual Loops": 1,
                              "Postgres Qerror": 1.0,
                              "Nodes": [
                                {
                                  "Our Estimated Time": 3.061144263107083,
                                  "Postgres Estimated Time": 3.061144263107083,
                                  "Actual Loops": 1,
                                  "Postgres Qerror": 1.0,
                                  "Node Type": "Seq Scan",
                                  "Actual Rows": 4,
                                  "Our Qerror": 1.0,
                                  "Actual Time": 0.015
                                }
                              ],
                              "Node Type": "Sort",
                              "Actual Rows": 3,
                              "Our Qerror": 1.0,
                              "Actual Time": 0.005000000000000001
                            },
                            {
                              "Our Estimated Time": 727.42835123382,
                              "Postgres Estimated Time": 8838.271504739252,
                              "Actual Loops": 1,
                              "Postgres Qerror": 8.838271504739252,