{
  "Our Estimated Time": 27544.78726451649,
  "Nodes": [
    {
      "Actual Loops": 1,
      "Our Estimated Time": 50779.59357147455,
      "Nodes": [
        {
          "Actual Loops": 1,
          "Our Estimated Time": 1785.5789685740965,
          "Nodes": [
            {
              "Actual Loops": 1,
              "Our Estimated Time": 785.0750871187279,
              "Nodes": [
                {
                  "Actual Loops": 1,
                  "Our Estimated Time": 533.4797086871157,
                  "Nodes": [
                    {
                      "Actual Loops": 1,
                      "Our Estimated Time": 910.4038933531692,
                      "Nodes": [
                        {
                          "Actual Loops": 1,
                          "Our Estimated Time": 0.021784826424854915,
                          "Nodes": [
                            {
                              "Actual Loops": 1,
                              "Our Estimated Time": 3.0759066216146547,
                              "Postgres Qerror": 1.0,
                              "Actual Time": 0.059,
                              "Node Type": "Seq Scan",
                              "Actual Rows": 113,
                              "Postgres Estimated Time": 3.0759066216146547,
                              "Our Qerror": 1.0
                            }
                          ],
                          "Postgres Qerror": 1.0,
                          "Actual Time": 0.086,
                          "Node Type": "Sort",
                          "Actual Rows": 113,
                          "Postgres Estimated Time": 0.12844404891569294,
                          "Our Qerror": 1.0
                        },
                        {
                          "Actual Loops": 1,
                          "Our Estimated Time": 520.6404527550037,
                          "Nodes": [
                            {
                              "Actual Loops": 1,
                              "Our Estimated Time": 458.94776691884636,
                              "Postgres Qerror": 1.0,
                              "Actual Time": 426.78,
                              "Node Type": "Seq Scan",
                              "Actual Rows": 1380035,
                              "Postgres Estimated Time": 458.94776691884636,
                              "Our Qerror": 1.0
                            }
                          ],
                          "Postgres Qerror": 4.477883478561319,
                          "Actual Time": 455.18600000000004,
                          "Node Type": "Sort",
                          "Actual Rows": 1380035,
                          "Postgres Estimated Time": 4477.883478561319,
                          "Our Qerror": 1.0
                        }
                      ],
                      "Postgres Qerror": 1.0,
                      "Actual Time": 251.8449999999999,
                      "Node Type": "Merge Join",
                      "Actual Rows": 1380035,
                      "Postgres Estimated Time": 321.4452840420969,
                      "Our Qerror": 1.0
                    }
                  ],
                  "Postgres Qerror": 4.477883478561319,
                  "Actual Time": 682.0120000000002,
                  "Node Type": "Sort",
                  "Actual Rows": 1380012,
                  "Postgres Estimated Time": 4477.883478561319,
                  "Our Qerror": 1.0
                },
                {
                  "Actual Loops": 1,
                  "Our Estimated Time": 1245.9371221434656,
                  "Nodes": [
                    {
                      "Actual Loops": 1,
                      "Our Estimated Time": 1481.7712940524057,
                      "Postgres Qerror": 1.4390376325171756,
                      "Actual Time": 1029.696,
                      "Node Type": "Seq Scan",
                      "Actual Rows": 2528312,
                      "Postgres Estimated Time": 1481.7712940524057,
                      "Our Qerror": 1.4390376325171756
                    }
                  ],
                  "Postgres Qerror": 5.179691194755918,
                  "Actual Time": 1650.038,
                  "Node Type": "Sort",
                  "Actual Rows": 2525757,
                  "Postgres Estimated Time": 8546.687299612666,
                  "Our Qerror": 1.3243348887151976
                }
              ],
              "Postgres Qerror": 1.0,
              "Actual Time": 798.79,
              "Node Type": "Merge Join",
              "Actual Rows": 1380012,
              "Postgres Estimated Time": 517.7285391618386,
              "Our Qerror": 1.0
            },
            {
              "Actual Loops": 1,
              "Our Estimated Time": 1230.657927809225,
              "Nodes": [
                {
                  "Actual Loops": 1,
                  "Our Estimated Time": 1285.9494637638636,
                  "Nodes": [
                    {
                      "Actual Loops": 1,
                      "Our Estimated Time": 779.4005894735888,
                      "Nodes": [
                        {
                          "Actual Loops": 1,
                          "Our Estimated Time": 1308.039194516954,
                          "Nodes": [
                            {
                              "Actual Loops": 1,
                              "Our Estimated Time": 0.0004216007300576,
                              "Nodes": [
                                {
                                  "Actual Loops": 1,
                                  "Our Estimated Time": 3.060833704306515,
                                  "Postgres Qerror": 1.0,
                                  "Actual Time": 0.013,
                                  "Node Type": "Seq Scan",
                                  "Actual Rows": 4,
                                  "Postgres Estimated Time": 3.060833704306515,
                                  "Our Qerror": 1.0
                                }
                              ],
                              "Postgres Qerror": 1.0,
                              "Actual Time": 0.004999999999999999,
                              "Node Type": "Sort",
                              "Actual Rows": 3,
                              "Postgres Estimated Time": 0.001552794002838,
                              "Our Qerror": 1.0
                            },
                            {
                              "Actual Loops": 1,
                              "Our Estimated Time": 727.42835123382,
                              "Nodes": [
                                {
                                  "Actual Loops": 1,
                                  "Our Estimated Time": 953.0893913896143,
                                  "Postgres Qerror": 1.0,
                                  "Actual Time": 552.322,
                                  "Node Type": "Seq Scan",
                                  "Actual Rows": 2609129,
                                  "Postgres Estimated Time": 953.0893913896143,
                                  "Our Qerror": 1.0
                                }
                              ],
                              "Postgres Qerror": 8.838271504739252,
                              "Actual Time": 642.5089999999999,
                              "Node Type": "Sort",
                              "Actual Rows": 2609129,
                              "Postgres Estimated Time": 8838.271504739252,
                              "Our Qerror": 1.0
                            }
                          ],
                          "Postgres Qerror": 1.0,
                          "Actual Time": 486.789,
                          "Node Type": "Merge Join",
                          "Actual Rows": 2609129,
                          "Postgres Estimated Time": 607.7162124937066,