{
  "Node Type": "Aggregate",
  "Actual Time": 59797.40000000001,
  "Postgres Qerror": 1.9253203074846388,
  "Postgres Estimated Plan Time": 252000.13070745877,
  "Postgres Estimated Time": 27544.78726451649,
  "Nodes": [
    {
      "Node Type": "Merge Join",
      "Postgres Estimated Time": 29012.860602138426,
      "Our Qerror": 1.6021841362078986,
      "Actual Rows": 177388547,
      "Postgres Qerror": 1.0924114458973397,
      "Our Estimated Time": 50779.59357147455,
      "Actual Loops": 1,
      "Nodes": [
        {
          "Node Type": "Merge Join",
          "Postgres Estimated Time": 942.1808202128987,
          "Our Qerror": 1.3140242751286166,
          "Actual Rows": 4073078,
          "Postgres Qerror": 1.3588629999999993,
          "Our Estimated Time": 1785.5789685740965,
          "Actual Loops": 1,
          "Nodes": [
            {
              "Node Type": "Merge Join",
              "Postgres Estimated Time": 517.7285391618386,
              "Our Qerror": 1.0,
              "Actual Rows": 1380012,
              "Postgres Qerror": 1.0,
              "Our Estimated Time": 785.0750871187279,
              "Actual Loops": 1,
              "Nodes": [
                {
                  "Node Type": "Sort",
                  "Postgres Estimated Time": 4477.883478561319,
                  "Our Qerror": 1.0,
                  "Actual Rows": 1380012,
                  "Postgres Qerror": 4.477883478561319,
                  "Our Estimated Time": 533.4797086871157,
                  "Actual Loops": 1,
                  "Nodes": [
                    {
                      "Node Type": "Merge Join",
                      "Postgres Estimated Time": 321.4452840420969,
                      "Our Qerror": 1.0,
                      "Actual Rows": 1380035,
                      "Postgres Qerror": 1.0,
                      "Our Estimated Time": 910.4038933531692,
                      "Actual Loops": 1,
                      "Nodes": [
                        {
                          "Node Type": "Sort",
                          "Postgres Estimated Time": 0.12844404891569294,
                          "Our Qerror": 1.0,
                          "Actual Rows": 113,
                          "Postgres Qerror": 1.0,
                          "Our Estimated Time": 0.021784826424854915,
                          "Actual Loops": 1,
                          "Nodes": [
                            {
                              "Node Type": "Seq Scan",
                              "Postgres Estimated Time": 3.0759066216146547,
                              "Our Qerror": 1.0,
                              "Actual Rows": 113,
                              "Postgres Qerror": 1.0,
                              "Our Estimated Time": 3.0759066216146547,
                              "Actual Loops": 1,
                              "Actual Time": 0.019
                            }
                          ],
                          "Actual Time": 0.032
                        },
                        {
                          "Node Type": "Sort",
                          "Postgres Estimated Time": 4477.883478561319,
                          "Our Qerror": 1.0,
                          "Actual Rows": 1380035,
                          "Postgres Qerror": 4.477883478561319,
                          "Our Estimated Time": 520.6404527550037,
                          "Actual Loops": 1,
                          "Nodes": [
                            {
                              "Node Type": "Seq Scan",
                              "Postgres Estimated Time": 458.94776691884636,
                              "Our Qerror": 1.0,
                              "Actual Rows": 1380035,
                              "Postgres Qerror": 1.0,
                              "Our Estimated Time": 458.94776691884636,
                              "Actual Loops": 1,
                              "Actual Time": 304.237
                            }
                          ],
                          "Actual Time": 412.349
                        }
                      ],
                      "Actual Time": 246.09699999999998
                    }
                  ],
                  "Actual Time": 684.3539999999999
                },
                {
                  "Node Type": "Sort",
                  "Postgres Estimated Time": 8546.687299612666,
                  "Our Qerror": 1.512147,
                  "Actual Rows": 3445851,
                  "Postgres Qerror": 5.652021463265586,
                  "Our Estimated Time": 874.9666953759227,
                  "Actual Loops": 1,
                  "Nodes": [
                    {
                      "Node Type": "Merge Join",
                      "Postgres Estimated Time": 588.8927001134034,
                      "Our Qerror": 1.281894845137992,
                      "Actual Rows": 2528312,
                      "Postgres Qerror": 1.0,
                      "Our Estimated Time": 1281.894845137992,
                      "Actual Loops": 1,
                      "Nodes": [
                        {
                          "Node Type": "Sort",
                          "Postgres Estimated Time": 0.0035949486217594522,
                          "Our Qerror": 1.0,
                          "Actual Rows": 7,
                          "Postgres Qerror": 1.0,
                          "Our Estimated Time": 0.0008402580565418778,
                          "Actual Loops": 1,
                          "Nodes": [
                            {
                              "Node Type": "Seq Scan",
                              "Postgres Estimated Time": 3.061248555241601,
                              "Our Qerror": 1.0,
                              "Actual Rows": 7,
                              "Postgres Qerror": 1.0,
                              "Our Estimated Time": 3.061248555241601,
                              "Actual Loops": 1,
                              "Actual Time": 0.014
                            }
                          ],
                          "Actual Time": 0.009
                        },
                        {
                          "Node Type": "Sort",
                          "Postgres Estimated Time": 8546.687299612666,
                          "Our Qerror": 1.0,
                          "Actual Rows": 2528312,
                          "Postgres Qerror": 8.546687299612666,
                          "Our Estimated Time": 954.0520481742176,
                          "Actual Loops": 1,
                          "Nodes": [
                            {
                              "Node Type": "Seq Scan",
                              "Postgres Estimated Time": 1481.7712940524057,
                              "Our Qerror": 1.4817712940524057,
                              "Actual Rows": 2528312,
                              "Postgres Qerror": 1.4817712940524057,
                              "Our Estimated Time": 1481.7712940524057,
                              "Actual Loops": 1,
                              "Actual Time": 979.574
                            }
                          ],
                          "Actual Time": 955.849
                        }
                      ],
                      "Actual Time": 465.9810000000002
                    }
                  ],
                  "Actual Time": 1512.147
                }
              ],
              "Actual Time": 940.777
            },
            {
              "Node Type": "Sort",
              "Postgres Estimated Time": 8951.932066122286,
              "Our Qerror": 1.297765174148036,
              "Actual Rows": 5327324,
              "Postgres Qerror": 5.60509926781413,
              "Our Estimated Time": 1230.657927809225,
              "Actual Loops": 1,
              "Nodes": [
                {
                  "Node Type": "Merge Join",