{
  "Our Qerror": 1.012315839381895,
  "Our Estimated Plan Time": 128182.34680515339,
  "Actual Plan Time": 129761.02,
  "Our Weighted Qerror": 1.7686709269650198,
  "Nodes": [
    {
      "Our Qerror": 1.6462471140267547,
      "Nodes": [
        {
          "Our Qerror": 1.3326896963677481,
          "Nodes": [
            {
              "Our Qerror": 1.0,
              "Nodes": [
                {
                  "Our Qerror": 1.0,
                  "Nodes": [
                    {
                      "Our Qerror": 1.0,
                      "Nodes": [
                        {
                          "Our Qerror": 1.0,
                          "Nodes": [
                            {
                              "Our Qerror": 1.0,
                              "Actual Loops": 1,
                              "Actual Time": 0.019,
                              "Node Type": "Seq Scan",
                              "Actual Rows": 113,
                              "Our Estimated Time": 3.0759066216146547,
                              "Postgres Qerror": 1.0,
                              "Postgres Estimated Time": 3.0759066216146547
                            }
                          ],
                          "Actual Loops": 1,
                          "Actual Time": 0.033,
                          "Node Type": "Sort",
                          "Actual Rows": 113,
                          "Our Estimated Time": 0.021784826424854915,
                          "Postgres Qerror": 1.0,
                          "Postgres Estimated Time": 0.12844404891569294
                        },
                        {
                          "Our Qerror": 1.0,
                          "Nodes": [
                            {
                              "Our Qerror": 1.0,
                              "Actual Loops": 1,
                              "Actual Time": 348.704,
                              "Node Type": "Seq Scan",
                              "Actual Rows": 1380035,
                              "Our Estimated Time": 458.94776691884636,
                              "Postgres Qerror": 1.0,
                              "Postgres Estimated Time": 458.94776691884636
                            }
                          ],
                          "Actual Loops": 1,
                          "Actual Time": 427.388,
                          "Node Type": "Sort",
                          "Actual Rows": 1380035,
                          "Our Estimated Time": 520.6404527550037,
                          "Postgres Qerror": 4.477883478561319,
                          "Postgres Estimated Time": 4477.883478561319
                        }
                      ],
                      "Actual Loops": 1,
                      "Actual Time": 250.64599999999996,
                      "Node Type": "Merge Join",
                      "Actual Rows": 1380035,
                      "Our Estimated Time": 910.4038933531692,
                      "Postgres Qerror": 1.0,
                      "Postgres Estimated Time": 321.4452840420969
                    }
                  ],
                  "Actual Loops": 1,
                  "Actual Time": 687.954,
                  "Node Type": "Sort",
                  "Actual Rows": 1380012,
                  "Our Estimated Time": 533.4797086871157,
                  "Postgres Qerror": 4.477883478561319,
                  "Postgres Estimated Time": 4477.883478561319
                },
                {
                  "Our Qerror": 1.5126410000000001,
                  "Nodes": [
                    {
                      "Our Qerror": 1.281894845137992,
                      "Nodes": [
                        {
                          "Our Qerror": 1.0,
                          "Nodes": [
                            {
                              "Our Qerror": 1.0,
                              "Actual Loops": 1,
                              "Actual Time": 0.015,
                              "Node Type": "Seq Scan",
                              "Actual Rows": 7,
                              "Our Estimated Time": 3.061248555241601,
                              "Postgres Qerror": 1.0,
                              "Postgres Estimated Time": 3.061248555241601
                            }
                          ],
                          "Actual Loops": 1,
                          "Actual Time": 0.008,
                          "Node Type": "Sort",
                          "Actual Rows": 7,
                          "Our Estimated Time": 0.0008402580565418778,
                          "Postgres Qerror": 1.0,
                          "Postgres Estimated Time": 0.0035949486217594522
                        },
                        {
                          "Our Qerror": 1.0,
                          "Nodes": [
                            {
                              "Our Qerror": 1.4817712940524057,
                              "Actual Loops": 1,
                              "Actual Time": 980.497,
                              "Node Type": "Seq Scan",
                              "Actual Rows": 2528312,
                              "Our Estimated Time": 1481.7712940524057,
                              "Postgres Qerror": 1.4817712940524057,
                              "Postgres Estimated Time": 1481.7712940524057
                            }
                          ],
                          "Actual Loops": 1,
                          "Actual Time": 948.1899999999999,
                          "Node Type": "Sort",
                          "Actual Rows": 2528312,
                          "Our Estimated Time": 954.0520481742176,
                          "Postgres Qerror": 8.546687299612666,
                          "Postgres Estimated Time": 8546.687299612666
                        }
                      ],
                      "Actual Loops": 1,
                      "Actual Time": 467.6600000000001,
                      "Node Type": "Merge Join",
                      "Actual Rows": 2528312,
                      "Our Estimated Time": 1281.894845137992,
                      "Postgres Qerror": 1.0,
                      "Postgres Estimated Time": 588.8927001134034
                    }
                  ],
                  "Actual Loops": 1,
                  "Actual Time": 1512.641,
                  "Node Type": "Sort",
                  "Actual Rows": 3445851,
                  "Our Estimated Time": 874.9666953759227,
                  "Postgres Qerror": 5.650175619735724,
                  "Postgres Estimated Time": 8546.687299612666
                }
              ],
              "Actual Loops": 1,
              "Actual Time": 939.8029999999999,
              "Node Type": "Merge Join",
              "Actual Rows": 1380012,
              "Our Estimated Time": 785.0750871187279,
              "Postgres Qerror": 1.0,
              "Postgres Estimated Time": 517.7285391618386
            },
            {
              "Our Qerror": 1.303641705584253,
              "Nodes": [
                {
                  "Our Qerror": 1.2859494637638635,
                  "Nodes": [
                    {
                      "Our Qerror": 1.1611059999999997,
                      "Nodes": [
                        {
                          "Our Qerror": 1.308039194516954,
                          "Nodes": [
                            {
                              "Our Qerror": 1.0,
                              "Nodes": [
                                {
                                  "Our Qerror": 1.0,
                                  "Actual Loops": 1,
                                  "Actual Time": 0.014,
                                  "Node Type": "Seq Scan",
                                  "Actual Rows": 4,
                                  "Our Estimated Time": 3.060833704306515,