{
  "Postgres Estimated Plan Time": 252000.13070745877,
  "Our Weighted Qerror": 1.7711089169929204,
  "Our Qerror": 1.013694375540767,
  "Postgres Weighted Qerror": 2.6909106028255985,
  "Nodes": [
    {
      "Our Estimated Time": 50779.59357147455,
      "Actual Rows": 177388547,
      "Actual Time": 30690.472999999998,
      "Our Qerror": 1.6545718787545096,
      "Actual Loops": 1,
      "Node Type": "Merge Join",
      "Nodes": [
        {
          "Our Estimated Time": 1785.5789685740965,
          "Actual Rows": 4073078,
          "Actual Time": 1355.1320000000014,
          "Our Qerror": 1.317642095806235,
          "Actual Loops": 1,
          "Node Type": "Merge Join",
          "Nodes": [
            {
              "Our Estimated Time": 785.0750871187279,
              "Actual Rows": 1380012,
              "Actual Time": 944.1989999999996,
              "Our Qerror": 1.0,
              "Actual Loops": 1,
              "Node Type": "Merge Join",
              "Nodes": [
                {
                  "Our Estimated Time": 533.4797086871157,
                  "Actual Rows": 1380012,
                  "Actual Time": 690.6109999999999,
                  "Our Qerror": 1.0,
                  "Actual Loops": 1,
                  "Node Type": "Sort",
                  "Nodes": [
                    {
                      "Our Estimated Time": 910.4038933531692,
                      "Actual Rows": 1380035,
                      "Actual Time": 249.23000000000002,
                      "Our Qerror": 1.0,
                      "Actual Loops": 1,
                      "Node Type": "Merge Join",
                      "Nodes": [
                        {
                          "Our Estimated Time": 0.021784826424854915,
                          "Actual Rows": 113,
                          "Actual Time": 0.031000000000000003,
                          "Our Qerror": 1.0,
                          "Actual Loops": 1,
                          "Node Type": "Sort",
                          "Nodes": [
                            {
                              "Our Estimated Time": 3.0759066216146547,
                              "Actual Rows": 113,
                              "Actual Time": 0.018,
                              "Our Qerror": 1.0,
                              "Actual Loops": 1,
                              "Node Type": "Seq Scan",
                              "Postgres Estimated Time": 3.0759066216146547,
                              "Postgres Qerror": 1.0
                            }
                          ],
                          "Postgres Estimated Time": 0.12844404891569294,
                          "Postgres Qerror": 1.0
                        },
                        {
                          "Our Estimated Time": 520.6404527550037,
                          "Actual Rows": 1380035,
                          "Actual Time": 415.53400000000005,
                          "Our Qerror": 1.0,
                          "Actual Loops": 1,
                          "Node Type": "Sort",
                          "Nodes": [
                            {
                              "Our Estimated Time": 458.94776691884636,
                              "Actual Rows": 1380035,
                              "Actual Time": 303.378,
                              "Our Qerror": 1.0,
                              "Actual Loops": 1,
                              "Node Type": "Seq Scan",
                              "Postgres Estimated Time": 458.94776691884636,
                              "Postgres Qerror": 1.0
                            }
                          ],
                          "Postgres Estimated Time": 4477.883478561319,
                          "Postgres Qerror": 4.477883478561319
                        }
                      ],
                      "Postgres Estimated Time": 321.4452840420969,
                      "Postgres Qerror": 1.0
                    }
                  ],
                  "Postgres Estimated Time": 4477.883478561319,
                  "Postgres Qerror": 4.477883478561319
                },
                {
                  "Our Estimated Time": 874.9666953759227,
                  "Actual Rows": 3445851,
                  "Actual Time": 1513.8909999999996,
                  "Our Qerror": 1.5138909999999997,
                  "Actual Loops": 1,
                  "Node Type": "Sort",
                  "Nodes": [
                    {
                      "Our Estimated Time": 1281.894845137992,
                      "Actual Rows": 2528312,
                      "Actual Time": 471.2850000000003,
                      "Our Qerror": 1.281894845137992,
                      "Actual Loops": 1,
                      "Node Type": "Merge Join",
                      "Nodes": [
                        {
                          "Our Estimated Time": 0.0008402580565418778,
                          "Actual Rows": 7,
                          "Actual Time": 0.009000000000000001,
                          "Our Qerror": 1.0,
                          "Actual Loops": 1,
                          "Node Type": "Sort",
                          "Nodes": [
                            {
                              "Our Estimated Time": 3.061248555241601,
                              "Actual Rows": 7,
                              "Actual Time": 0.015,
                              "Our Qerror": 1.0,
                              "Actual Loops": 1,
                              "Node Type": "Seq Scan",
                              "Postgres Estimated Time": 3.061248555241601,
                              "Postgres Qerror": 1.0
                            }
                          ],
                          "Postgres Estimated Time": 0.0035949486217594522,
                          "Postgres Qerror": 1.0
                        },
                        {
                          "Our Estimated Time": 954.0520481742176,
                          "Actual Rows": 2528312,
                          "Actual Time": 944.653,
                          "Our Qerror": 1.0,
                          "Actual Loops": 1,
                          "Node Type": "Sort",
                          "Nodes": [
                            {
                              "Our Estimated Time": 1481.7712940524057,
                              "Actual Rows": 2528312,
                              "Actual Time": 990.26,
                              "Our Qerror": 1.4817712940524057,
                              "Actual Loops": 1,
                              "Node Type": "Seq Scan",
                              "Postgres Estimated Time": 1481.7712940524057,
                              "Postgres Qerror": 1.4817712940524057
                            }
                          ],
                          "Postgres Estimated Time": 8546.687299612666,
                          "Postgres Qerror": 8.546687299612666
                        }
                      ],
                      "Postgres Estimated Time": 588.8927001134034,
                      "Postgres Qerror": 1.0
                    }
                  ],
                  "Postgres Estimated Time": 8546.687299612666,
                  "Postgres Qerror": 5.645510343619632
                }
              ],
              "Postgres Estimated Time": 517.7285391618386,
              "Postgres Qerror": 1.0
            },
            {
              "Our Estimated Time": 1230.657927809225,
              "Actual Rows": 5327324,
              "Actual Time": 1604.259,
              "Our Qerror": 1.3035783248525015,
              "Actual Loops": 1,
              "Node Type": "Sort",
              "Nodes": [
                {
                  "Our Estimated Time": 1285.9494637638636,
                  "Actual Rows": 2609129,
                  "Actual Time": 620.0030000000002,
                  "Our Qerror": 1.2859494637638635,