{
  "Our Qerror": 1.1046316550510344,
  "Our Weighted Qerror": 22.609014196973998,
  "Node Type": "Aggregate",
  "Our Estimated Plan Time": 8263736.339855537,
  "Actual Loops": 1,
  "Postgres Qerror": 1.3201002610217496,
  "Nodes": [
    {
      "Actual Loops": 1,
      "Postgres Qerror": 1.0752158811944663,
      "Nodes": [
        {
          "Actual Loops": 1,
          "Postgres Qerror": 5.915649169664765,
          "Nodes": [
            {
              "Actual Loops": 1,
              "Postgres Qerror": 1.064126624556876,
              "Nodes": [
                {
                  "Actual Loops": 1,
                  "Postgres Qerror": 1.0,
                  "Nodes": [
                    {
                      "Actual Loops": 1,
                      "Postgres Qerror": 1.0,
                      "Our Qerror": 1.0,
                      "Postgres Estimated Time": 51.28698664366449,
                      "Actual Rows": 134170,
                      "Actual Time": 36.241,
                      "Node Type": "Seq Scan",
                      "Our Estimated Time": 51.28698664366449
                    }
                  ],
                  "Postgres Estimated Time": 365.2943043577491,
                  "Actual Rows": 134170,
                  "Actual Time": 76.646,
                  "Our Qerror": 1.0,
                  "Node Type": "Sort",
                  "Our Estimated Time": 50.80419741412299
                },
                {
                  "Actual Loops": 1,
                  "Postgres Qerror": 7.509746182914344,
                  "Nodes": [
                    {
                      "Actual Loops": 1,
                      "Postgres Qerror": 1.3955691526106655,
                      "Our Qerror": 1.3955691526106655,
                      "Postgres Estimated Time": 1395.5691526106655,
                      "Actual Rows": 4523930,
                      "Actual Time": 780.646,
                      "Node Type": "Seq Scan",
                      "Our Estimated Time": 1395.5691526106655
                    }
                  ],
                  "Postgres Estimated Time": 15882.31714376845,
                  "Actual Rows": 4523930,
                  "Actual Time": 2114.8940000000002,
                  "Our Qerror": 1.0188039916450538,
                  "Node Type": "Sort",
                  "Our Estimated Time": 2075.8595542849216
                }
              ],
              "Postgres Estimated Time": 1064.1266245568759,
              "Actual Rows": 4523930,
              "Actual Time": 863.056,
              "Our Qerror": 1.923379474701794,
              "Node Type": "Merge Join",
              "Our Estimated Time": 1923.3794747017942
            }
          ],
          "Postgres Estimated Time": 15882.31714376845,
          "Actual Rows": 4523870,
          "Actual Time": 2684.7969999999996,
          "Our Qerror": 1.4272637159978605,
          "Node Type": "Sort",
          "Our Estimated Time": 1881.0798382294363
        },
        {
          "Actual Loops": 1,
          "Postgres Qerror": 30.62474219832135,
          "Nodes": [
            {
              "Actual Loops": 1,
              "Postgres Qerror": 1.387890229100667,
              "Nodes": [
                {
                  "Actual Loops": 1,
                  "Postgres Qerror": 6.137697069537077,
                  "Nodes": [
                    {
                      "Actual Loops": 1,
                      "Postgres Qerror": 1.0,
                      "Nodes": [
                        {
                          "Actual Loops": 1,
                          "Postgres Qerror": 7.706085689196772,
                          "Nodes": [
                            {
                              "Actual Loops": 1,
                              "Postgres Qerror": 1.0,
                              "Nodes": [
                                {
                                  "Actual Loops": 1,
                                  "Postgres Qerror": 1.0,
                                  "Nodes": [
                                    {
                                      "Actual Loops": 1,
                                      "Postgres Qerror": 1.0,
                                      "Our Qerror": 1.0,
                                      "Postgres Estimated Time": 3.060833704306515,
                                      "Actual Rows": 4,
                                      "Actual Time": 0.015,
                                      "Node Type": "Seq Scan",
                                      "Our Estimated Time": 3.060833704306515
                                    }
                                  ],
                                  "Postgres Estimated Time": 0.001552794002838,
                                  "Actual Rows": 3,
                                  "Actual Time": 0.005000000000000001,
                                  "Our Qerror": 1.0,
                                  "Node Type": "Sort",
                                  "Our Estimated Time": 0.0004216007300576
                                },
                                {
                                  "Actual Loops": 1,
                                  "Postgres Qerror": 8.838271504739252,
                                  "Nodes": [
                                    {
                                      "Actual Loops": 1,
                                      "Postgres Qerror": 1.0,
                                      "Our Qerror": 1.0,
                                      "Postgres Estimated Time": 953.0893913896143,
                                      "Actual Rows": 2609129,
                                      "Actual Time": 551.337,
                                      "Node Type": "Seq Scan",
                                      "Our Estimated Time": 953.0893913896143
                                    }
                                  ],
                                  "Postgres Estimated Time": 8838.271504739252,
                                  "Actual Rows": 2609129,
                                  "Actual Time": 635.2170000000001,
                                  "Our Qerror": 1.0,
                                  "Node Type": "Sort",
                                  "Our Estimated Time": 727.42835123382
                                }
                              ],
                              "Postgres Estimated Time": 607.7162124937066,
                              "Actual Rows": 2609129,
                              "Actual Time": 458.3689999999999,
                              "Our Qerror": 1.308039194516954,
                              "Node Type": "Merge Join",
                              "Our Estimated Time": 1308.039194516954
                            }
                          ],
                          "Postgres Estimated Time": 8838.271504739252,
                          "Actual Rows": 2609129,
                          "Actual Time": 1146.921,
                          "Our Qerror": 1.146921,
                          "Node Type": "Sort",
                          "Our Estimated Time": 779.4005894735888
                        },
                        {
                          "Actual Loops": 1,
                          "Postgres Qerror": 1.0,
                          "Nodes": [
                            {
                              "Actual Loops": 1,
                              "Postgres Qerror": 1.0,
                              "Our Qerror": 1.0,
                              "Postgres Estimated Time": 129.3752427619633,
                              "Actual Rows": 234997,
                              "Actual Time": 87.569,
                              "Node Type": "Seq Scan",
                              "Our Estimated Time": 129.3752427619633
                            }
                          ],
                          "Postgres Estimated Time": 853.6403407018029,