{
  "Actual Plan Time": 9246744.404,
  "Node Type": "Aggregate",
  "Actual Time": 4208251.801999999,
  "Postgres Weighted Qerror": 5.163083592515171,
  "Our Qerror": 1.118954432198359,
  "Postgres Estimated Time": 2642530.620909504,
  "Actual Loops": 1,
  "Our Estimated Plan Time": 8263736.339855537,
  "Nodes": [
    {
      "Node Type": "Merge Join",
      "Nodes": [
        {
          "Node Type": "Sort",
          "Nodes": [
            {
              "Node Type": "Merge Join",
              "Nodes": [
                {
                  "Node Type": "Sort",
                  "Nodes": [
                    {
                      "Node Type": "Seq Scan",
                      "Postgres Qerror": 1.0,
                      "Actual Time": 56.753,
                      "Our Qerror": 1.0,
                      "Actual Rows": 134170,
                      "Our Estimated Time": 51.28698664366449,
                      "Postgres Estimated Time": 51.28698664366449,
                      "Actual Loops": 1
                    }
                  ],
                  "Postgres Qerror": 1.0,
                  "Actual Time": 74.347,
                  "Our Qerror": 1.0,
                  "Actual Rows": 134170,
                  "Our Estimated Time": 50.80419741412299,
                  "Postgres Estimated Time": 365.2943043577491,
                  "Actual Loops": 1
                },
                {
                  "Node Type": "Sort",
                  "Nodes": [
                    {
                      "Node Type": "Seq Scan",
                      "Postgres Qerror": 1.3955691526106655,
                      "Actual Time": 778.896,
                      "Our Qerror": 1.3955691526106655,
                      "Actual Rows": 4523930,
                      "Our Estimated Time": 1395.5691526106655,
                      "Postgres Estimated Time": 1395.5691526106655,
                      "Actual Loops": 1
                    }
                  ],
                  "Postgres Qerror": 7.464371821768746,
                  "Actual Time": 2127.75,
                  "Our Qerror": 1.0249970888483124,
                  "Actual Rows": 4523930,
                  "Our Estimated Time": 2075.8595542849216,
                  "Postgres Estimated Time": 15882.31714376845,
                  "Actual Loops": 1
                }
              ],
              "Postgres Qerror": 1.064126624556876,
              "Actual Time": 865.96,
              "Our Qerror": 1.923379474701794,
              "Actual Rows": 4523930,
              "Our Estimated Time": 1923.3794747017942,
              "Postgres Estimated Time": 1064.1266245568759,
              "Actual Loops": 1
            }
          ],
          "Postgres Qerror": 5.926662336916843,
          "Actual Time": 2679.808,
          "Our Qerror": 1.42461151596966,
          "Actual Rows": 4523870,
          "Our Estimated Time": 1881.0798382294363,
          "Postgres Estimated Time": 15882.31714376845,
          "Actual Loops": 1
        },
        {
          "Node Type": "Materialize",
          "Nodes": [
            {
              "Node Type": "Merge Join",
              "Nodes": [
                {
                  "Node Type": "Sort",
                  "Nodes": [
                    {
                      "Node Type": "Merge Join",
                      "Nodes": [
                        {
                          "Node Type": "Sort",
                          "Nodes": [
                            {
                              "Node Type": "Merge Join",
                              "Nodes": [
                                {
                                  "Node Type": "Sort",
                                  "Nodes": [
                                    {
                                      "Node Type": "Seq Scan",
                                      "Postgres Qerror": 1.0,
                                      "Actual Time": 0.014,
                                      "Our Qerror": 1.0,
                                      "Actual Rows": 4,
                                      "Our Estimated Time": 3.060833704306515,
                                      "Postgres Estimated Time": 3.060833704306515,
                                      "Actual Loops": 1
                                    }
                                  ],
                                  "Postgres Qerror": 1.0,
                                  "Actual Time": 0.006,
                                  "Our Qerror": 1.0,
                                  "Actual Rows": 3,
                                  "Our Estimated Time": 0.0004216007300576,
                                  "Postgres Estimated Time": 0.001552794002838,
                                  "Actual Loops": 1
                                },
                                {
                                  "Node Type": "Sort",
                                  "Nodes": [
                                    {
                                      "Node Type": "Seq Scan",
                                      "Postgres Qerror": 1.0,
                                      "Actual Time": 553.556,
                                      "Our Qerror": 1.0,
                                      "Actual Rows": 2609129,
                                      "Our Estimated Time": 953.0893913896143,
                                      "Postgres Estimated Time": 953.0893913896143,
                                      "Actual Loops": 1
                                    }
                                  ],
                                  "Postgres Qerror": 8.838271504739252,
                                  "Actual Time": 646.51,
                                  "Our Qerror": 1.0,
                                  "Actual Rows": 2609129,
                                  "Our Estimated Time": 727.42835123382,
                                  "Postgres Estimated Time": 8838.271504739252,
                                  "Actual Loops": 1
                                }
                              ],
                              "Postgres Qerror": 1.0,
                              "Actual Time": 459.376,
                              "Our Qerror": 1.308039194516954,
                              "Actual Rows": 2609129,
                              "Our Estimated Time": 1308.039194516954,
                              "Postgres Estimated Time": 607.7162124937066,
                              "Actual Loops": 1
                            }
                          ],
                          "Postgres Qerror": 7.708498541499939,
                          "Actual Time": 1146.562,
                          "Our Qerror": 1.1465619999999999,
                          "Actual Rows": 2609129,
                          "Our Estimated Time": 779.4005894735888,
                          "Postgres Estimated Time": 8838.271504739252,
                          "Actual Loops": 1
                        },
                        {
                          "Node Type": "Sort",
                          "Nodes": [
                            {
                              "Node Type": "Seq Scan",
                              "Postgres Qerror": 1.0,
                              "Actual Time": 88.086,
                              "Our Qerror": 1.0,
                              "Actual Rows": 234997,
                              "Our Estimated Time": 129.3752427619633,
                              "Postgres Estimated Time": 129.3752427619633,
                              "Actual Loops": 1
                            }
                          ],
                          "Postgres Qerror": 1.0,
                          "Actual Time": 136.24400000000003,
                          "Our Qerror": 1.0,
                          "Actual Rows": 234997,
                          "Our Estimated Time": 209.11876307680643,