{
  "Actual Plan Time": 9170529.41,
  "Our Qerror": 1.1095769488335319,
  "Our Estimated Plan Time": 8264888.180707727,
  "Postgres Weighted Qerror": 5.197255940009508,
  "Node Type": "Aggregate",
  "Actual Rows": 1,
  "Actual Loops": 1,
  "Our Estimated Time": 2642530.620909504,
  "Our Weighted Qerror": 22.797539178562616,
  "Nodes": [
    {
      "Actual Rows": 17017908467,
      "Postgres Qerror": 1.0655983985485873,
      "Our Qerror": 1.48002002405241,
      "Actual Loops": 1,
      "Nodes": [
        {
          "Actual Rows": 4523870,
          "Postgres Qerror": 5.884691379913844,
          "Our Qerror": 1.4347721692346431,
          "Actual Loops": 1,
          "Nodes": [
            {
              "Actual Rows": 4523930,
              "Postgres Qerror": 1.064126624556876,
              "Our Qerror": 1.923379474701794,
              "Actual Loops": 1,
              "Nodes": [
                {
                  "Actual Rows": 134170,
                  "Postgres Qerror": 1.0,
                  "Our Qerror": 1.0,
                  "Actual Loops": 1,
                  "Nodes": [
                    {
                      "Actual Rows": 134170,
                      "Postgres Qerror": 1.0,
                      "Our Qerror": 1.0,
                      "Actual Loops": 1,
                      "Postgres Estimated Time": 51.28698664366449,
                      "Node Type": "Seq Scan",
                      "Our Estimated Time": 51.28698664366449,
                      "Actual Time": 52.395
                    }
                  ],
                  "Postgres Estimated Time": 365.2943043577491,
                  "Node Type": "Sort",
                  "Our Estimated Time": 50.80419741412299,
                  "Actual Time": 84.76999999999998
                },
                {
                  "Actual Rows": 4523930,
                  "Postgres Qerror": 7.4979120057521795,
                  "Our Qerror": 1.020412000237499,
                  "Actual Loops": 1,
                  "Nodes": [
                    {
                      "Actual Rows": 4523930,
                      "Postgres Qerror": 1.3955691526106655,
                      "Our Qerror": 1.3955691526106655,
                      "Actual Loops": 1,
                      "Postgres Estimated Time": 1395.5691526106655,
                      "Node Type": "Seq Scan",
                      "Our Estimated Time": 1395.5691526106655,
                      "Actual Time": 782.963
                    }
                  ],
                  "Postgres Estimated Time": 15882.31714376845,
                  "Node Type": "Sort",
                  "Our Estimated Time": 2075.8595542849216,
                  "Actual Time": 2118.232
                }
              ],
              "Postgres Estimated Time": 1064.1266245568759,
              "Node Type": "Merge Join",
              "Our Estimated Time": 1923.3794747017942,
              "Actual Time": 864.0389999999998
            }
          ],
          "Postgres Estimated Time": 15882.31714376845,
          "Node Type": "Sort",
          "Our Estimated Time": 1881.0798382294363,
          "Actual Time": 2698.921
        },
        {
          "Actual Rows": 17021470215,
          "Postgres Qerror": 30.83532231007688,
          "Our Qerror": 164.7278792155877,
          "Actual Loops": 1,
          "Nodes": [
            {
              "Actual Rows": 166417455,
              "Postgres Qerror": 1.3980527763322315,
              "Our Qerror": 1.2966683367210323,
              "Actual Loops": 1,
              "Nodes": [
                {
                  "Actual Rows": 2608959,
                  "Postgres Qerror": 6.121598094411045,
                  "Our Qerror": 1.2438317916708332,
                  "Actual Loops": 1,
                  "Nodes": [
                    {
                      "Actual Rows": 2609129,
                      "Postgres Qerror": 1.0,
                      "Our Qerror": 1.2859494637638635,
                      "Actual Loops": 1,
                      "Nodes": [
                        {
                          "Actual Rows": 2609129,
                          "Postgres Qerror": 7.667099113807774,
                          "Our Qerror": 1.152753,
                          "Actual Loops": 1,
                          "Nodes": [
                            {
                              "Actual Rows": 2609129,
                              "Postgres Qerror": 1.0,
                              "Our Qerror": 1.308039194516954,
                              "Actual Loops": 1,
                              "Nodes": [
                                {
                                  "Actual Rows": 3,
                                  "Postgres Qerror": 1.0,
                                  "Our Qerror": 1.0,
                                  "Actual Loops": 1,
                                  "Nodes": [
                                    {
                                      "Actual Rows": 4,
                                      "Postgres Qerror": 1.0,
                                      "Our Qerror": 1.0,
                                      "Actual Loops": 1,
                                      "Postgres Estimated Time": 3.060833704306515,
                                      "Node Type": "Seq Scan",
                                      "Our Estimated Time": 3.060833704306515,
                                      "Actual Time": 0.015
                                    }
                                  ],
                                  "Postgres Estimated Time": 0.001552794002838,
                                  "Node Type": "Sort",
                                  "Our Estimated Time": 0.0004216007300576,
                                  "Actual Time": 0.005000000000000001
                                },
                                {
                                  "Actual Rows": 2609129,
                                  "Postgres Qerror": 8.838271504739252,
                                  "Our Qerror": 1.0,
                                  "Actual Loops": 1,
                                  "Nodes": [
                                    {
                                      "Actual Rows": 2609129,
                                      "Postgres Qerror": 1.0,
                                      "Our Qerror": 1.0,
                                      "Actual Loops": 1,
                                      "Postgres Estimated Time": 953.0893913896143,
                                      "Node Type": "Seq Scan",
                                      "Our Estimated Time": 953.0893913896143,
                                      "Actual Time": 599.1
                                    }
                                  ],
                                  "Postgres Estimated Time": 8838.271504739252,
                                  "Node Type": "Sort",
                                  "Our Estimated Time": 727.42835123382,
                                  "Actual Time": 630.474
                                }
                              ],
                              "Postgres Estimated Time": 607.7162124937066,
                              "Node Type": "Merge Join",
                              "Our Estimated Time": 1308.039194516954,
                              "Actual Time": 461.85799999999995
                            }
                          ],
                          "Postgres Estimated Time": 8838.271504739252,
                          "Node Type": "Sort",
                          "Our Estimated Time": 779.4005894735888,
                          "Actual Time": 1152.753
                        },
                        {
                          "Actual Rows": 234997,
                          "Postgres Qerror": 1.0,
                          "Our Qerror": 1.0,
                          "Actual Loops": 1,