{
  "Postgres Estimated Plan Time": 1676870.1333969464,
  "Our Qerror": 1.0575175635932252,
  "Node Type": "Aggregate",
  "Nodes": [
    {
      "Our Qerror": 1.8700553207027835,
      "Node Type": "Merge Join",
      "Postgres Qerror": 1.3473304414019414,
      "Actual Time": 552299.306,
      "Nodes": [
        {
          "Our Qerror": 1.2579025809898596,
          "Node Type": "Merge Join",
          "Postgres Qerror": 1.2312046857660082,
          "Actual Time": 1539.0100000000002,
          "Nodes": [
            {
              "Our Qerror": 1.3318180063840719,
              "Node Type": "Sort",
              "Postgres Qerror": 6.3395984856511465,
              "Actual Time": 2505.2560000000003,
              "Nodes": [
                {
                  "Our Qerror": 1.923379474701794,
                  "Node Type": "Merge Join",
                  "Postgres Qerror": 1.064126624556876,
                  "Actual Time": 896.5990000000002,
                  "Nodes": [
                    {
                      "Our Qerror": 1.0,
                      "Node Type": "Sort",
                      "Postgres Qerror": 1.0,
                      "Actual Time": 88.27799999999999,
                      "Nodes": [
                        {
                          "Our Qerror": 1.0,
                          "Node Type": "Seq Scan",
                          "Postgres Qerror": 1.0,
                          "Actual Time": 47.276,
                          "Actual Rows": 134170,
                          "Actual Loops": 1,
                          "Postgres Estimated Time": 51.28698664366449,
                          "Our Estimated Time": 51.28698664366449
                        }
                      ],
                      "Actual Rows": 134170,
                      "Actual Loops": 1,
                      "Postgres Estimated Time": 365.2943043577491,
                      "Our Estimated Time": 50.80419741412299
                    },
                    {
                      "Our Qerror": 1.03219218062086,
                      "Node Type": "Sort",
                      "Postgres Qerror": 7.4123399993132235,
                      "Actual Time": 2142.6859999999997,
                      "Nodes": [
                        {
                          "Our Qerror": 1.3955691526106655,
                          "Node Type": "Seq Scan",
                          "Postgres Qerror": 1.3955691526106655,
                          "Actual Time": 826.139,
                          "Actual Rows": 4523930,
                          "Actual Loops": 1,
                          "Postgres Estimated Time": 1395.5691526106655,
                          "Our Estimated Time": 1395.5691526106655
                        }
                      ],
                      "Actual Rows": 4523930,
                      "Actual Loops": 1,
                      "Postgres Estimated Time": 15882.31714376845,
                      "Our Estimated Time": 2075.8595542849216
                    }
                  ],
                  "Actual Rows": 4523930,
                  "Actual Loops": 1,
                  "Postgres Estimated Time": 1064.1266245568759,
                  "Our Estimated Time": 1923.3794747017942
                }
              ],
              "Actual Rows": 4523914,
              "Actual Loops": 1,
              "Postgres Estimated Time": 15882.31714376845,
              "Our Estimated Time": 1881.0798382294363
            },
            {
              "Our Qerror": 1.331607463833374,
              "Node Type": "Sort",
              "Postgres Qerror": 5.245330261768588,
              "Actual Time": 1658.928,
              "Nodes": [
                {
                  "Our Qerror": 1.3135315465120492,
                  "Node Type": "Seq Scan",
                  "Postgres Qerror": 1.3135315465120492,
                  "Actual Time": 1128.082,
                  "Actual Rows": 2528312,
                  "Actual Loops": 1,
                  "Postgres Estimated Time": 1481.7712940524057,
                  "Our Estimated Time": 1481.7712940524057
                }
              ],
              "Actual Rows": 2525756,
              "Actual Loops": 1,
              "Postgres Estimated Time": 8701.625240495241,
              "Our Estimated Time": 1245.8085772697234
            }
          ],
          "Actual Rows": 4523914,
          "Actual Loops": 1,
          "Postgres Estimated Time": 1250.0033648283977,
          "Our Estimated Time": 1935.924651169204
        },
        {
          "Our Qerror": 43.75272712485813,
          "Node Type": "Materialize",
          "Postgres Qerror": 8.190049245241418,
          "Actual Time": 166420.40600000002,
          "Nodes": [
            {
              "Our Qerror": 1.354857769338618,
              "Node Type": "Merge Join",
              "Postgres Qerror": 1.1543448904153024,
              "Actual Time": 19135.076999999997,
              "Nodes": [
                {
                  "Our Qerror": 1.261209545676278,
                  "Node Type": "Sort",
                  "Postgres Qerror": 6.037252147427417,
                  "Actual Time": 1463.9560000000001,
                  "Nodes": [
                    {
                      "Our Qerror": 1.2859494637638635,
                      "Node Type": "Merge Join",
                      "Postgres Qerror": 1.0,
                      "Actual Time": 538.8430000000001,
                      "Nodes": [
                        {
                          "Our Qerror": 1.0,
                          "Node Type": "Sort",
                          "Postgres Qerror": 1.0,
                          "Actual Time": 132.71,
                          "Nodes": [
                            {
                              "Our Qerror": 1.0,
                              "Node Type": "Seq Scan",
                              "Postgres Qerror": 1.0,
                              "Actual Time": 92.779,
                              "Actual Rows": 234997,
                              "Actual Loops": 1,
                              "Postgres Estimated Time": 129.3752427619633,
                              "Our Estimated Time": 129.3752427619633
                            }
                          ],
                          "Actual Rows": 234997,
                          "Actual Loops": 1,
                          "Postgres Estimated Time": 669.3134441245136,
                          "Our Estimated Time": 95.75633420880645
                        },
                        {
                          "Our Qerror": 1.158561,
                          "Node Type": "Sort",
                          "Postgres Qerror": 7.628663061107057,
                          "Actual Time": 1158.561,
                          "Nodes": [
                            {
                              "Our Qerror": 1.0,
                              "Node Type": "Seq Scan",
                              "Postgres Qerror": 1.0,
                              "Actual Time": 504.603,
                              "Actual Rows": 2609129,
                              "Actual Loops": 1,
                              "Postgres Estimated Time": 953.0893913896143,
                              "Our Estimated Time": 953.0893913896143
                            }
                          ],
                          "Actual Rows": 2609129,
                          "Actual Loops": 1,
                          "Postgres Estimated Time": 8838.271504739252,
                          "Our Estimated Time": 959.8002999484131
                        }
                      ],
                      "Actual Rows": 2609129,
                      "Actual Loops": 1,
                      "Postgres Estimated Time": 625.9610761888523,
                      "Our Estimated Time": 1285.9494637638636
                    }
                  ],
                  "Actual Rows": 2609129,
                  "Actual Loops": 1,