{
  "Node Type": "Aggregate",
  "Actual Time": 18330.733999999997,
  "Our Weighted Qerror": 1.8292011242657311,
  "Postgres Weighted Qerror": 3.4610998065549015,
  "Our Estimated Time": 13141.264814559161,
  "Actual Loops": 1,
  "Postgres Estimated Plan Time": 412847.8308011134,
  "Nodes": [
    {
      "Node Type": "Merge Join",
      "Actual Time": 18605.191000000006,
      "Postgres Estimated Time": 21162.889402660046,
      "Actual Rows": 84629801,
      "Postgres Qerror": 1.1374723002123461,
      "Our Estimated Time": 29049.542423970506,
      "Actual Loops": 1,
      "Our Qerror": 1.5613676002557833,
      "Nodes": [
        {
          "Node Type": "Sort",
          "Actual Time": 2303.962,
          "Postgres Estimated Time": 15882.31714376845,
          "Actual Rows": 4523876,
          "Postgres Qerror": 6.893480510428753,
          "Our Estimated Time": 1881.0798382294363,
          "Actual Loops": 1,
          "Our Qerror": 1.2248081943021627,
          "Nodes": [
            {
              "Node Type": "Merge Join",
              "Actual Time": 875.0810000000001,
              "Postgres Estimated Time": 1064.1266245568759,
              "Actual Rows": 4523930,
              "Postgres Qerror": 1.064126624556876,
              "Our Estimated Time": 1923.3794747017942,
              "Actual Loops": 1,
              "Our Qerror": 1.923379474701794,
              "Nodes": [
                {
                  "Node Type": "Sort",
                  "Actual Time": 75.53,
                  "Postgres Estimated Time": 365.2943043577491,
                  "Actual Rows": 134170,
                  "Postgres Qerror": 1.0,
                  "Our Estimated Time": 50.80419741412299,
                  "Actual Loops": 1,
                  "Our Qerror": 1.0,
                  "Nodes": [
                    {
                      "Node Type": "Seq Scan",
                      "Actual Time": 36.523,
                      "Postgres Estimated Time": 51.28698664366449,
                      "Actual Rows": 134170,
                      "Postgres Qerror": 1.0,
                      "Our Estimated Time": 51.28698664366449,
                      "Actual Loops": 1,
                      "Our Qerror": 1.0
                    }
                  ]
                },
                {
                  "Node Type": "Sort",
                  "Actual Time": 2122.926,
                  "Postgres Estimated Time": 15882.31714376845,
                  "Actual Rows": 4523930,
                  "Postgres Qerror": 7.481333378444869,
                  "Our Estimated Time": 2075.8595542849216,
                  "Actual Loops": 1,
                  "Our Qerror": 1.0226732322126153,
                  "Nodes": [
                    {
                      "Node Type": "Seq Scan",
                      "Actual Time": 784.87,
                      "Postgres Estimated Time": 1395.5691526106655,
                      "Actual Rows": 4523930,
                      "Postgres Qerror": 1.3955691526106655,
                      "Our Estimated Time": 1395.5691526106655,
                      "Actual Loops": 1,
                      "Our Qerror": 1.3955691526106655
                    }
                  ]
                }
              ]
            }
          ]
        },
        {
          "Node Type": "Materialize",
          "Actual Time": 9018.892000000007,
          "Postgres Estimated Time": 5373.374469848072,
          "Actual Rows": 98794718,
          "Postgres Qerror": 1.678440996548489,
          "Our Estimated Time": 1005.8390508000001,
          "Actual Loops": 1,
          "Our Qerror": 8.966535941139666,
          "Nodes": [
            {
              "Node Type": "Merge Join",
              "Actual Time": 6973.328999999998,
              "Postgres Estimated Time": 4991.398014707945,
              "Actual Rows": 23069703,
              "Postgres Qerror": 1.397069313938095,
              "Our Estimated Time": 7712.535624272688,
              "Actual Loops": 1,
              "Our Qerror": 1.1060048399082691,
              "Nodes": [
                {
                  "Node Type": "Sort",
                  "Actual Time": 1352.1309999999999,
                  "Postgres Estimated Time": 8838.271504739252,
                  "Actual Rows": 2609129,
                  "Postgres Qerror": 6.536549716513602,
                  "Our Estimated Time": 1160.7555659713998,
                  "Actual Loops": 1,
                  "Our Qerror": 1.1648714334343457,
                  "Nodes": [
                    {
                      "Node Type": "Merge Join",
                      "Actual Time": 544.5920000000001,
                      "Postgres Estimated Time": 625.9610761888523,
                      "Actual Rows": 2609129,
                      "Postgres Qerror": 1.0,
                      "Our Estimated Time": 1285.9494637638636,
                      "Actual Loops": 1,
                      "Our Qerror": 1.2859494637638635,
                      "Nodes": [
                        {
                          "Node Type": "Sort",
                          "Actual Time": 144.90699999999998,
                          "Postgres Estimated Time": 669.3134441245136,
                          "Actual Rows": 234997,
                          "Postgres Qerror": 1.0,
                          "Our Estimated Time": 95.75633420880645,
                          "Actual Loops": 1,
                          "Our Qerror": 1.0,
                          "Nodes": [
                            {
                              "Node Type": "Seq Scan",
                              "Actual Time": 93.557,
                              "Postgres Estimated Time": 129.3752427619633,
                              "Actual Rows": 234997,
                              "Postgres Qerror": 1.0,
                              "Our Estimated Time": 129.3752427619633,
                              "Actual Loops": 1,
                              "Our Qerror": 1.0
                            }
                          ]
                        },
                        {
                          "Node Type": "Sort",
                          "Actual Time": 1193.384,
                          "Postgres Estimated Time": 8838.271504739252,
                          "Actual Rows": 2609129,
                          "Postgres Qerror": 7.406058322165583,
                          "Our Estimated Time": 959.8002999484131,
                          "Actual Loops": 1,
                          "Our Qerror": 1.193384,
                          "Nodes": [
                            {
                              "Node Type": "Seq Scan",
                              "Actual Time": 577.611,
                              "Postgres Estimated Time": 953.0893913896143,
                              "Actual Rows": 2609129,
                              "Postgres Qerror": 1.0,
                              "Our Estimated Time": 953.0893913896143,
                              "Actual Loops": 1,
                              "Our Qerror": 1.0
                            }
                          ]
                        }
                      ]
                    }
                  ]
                },
                {
                  "Node Type": "Sort",
                  "Actual Time": 9923.782999999996,
                  "Postgres Estimated Time": 59440.25677831786,
                  "Actual Rows": 30659775,
                  "Postgres Qerror": 5.98967720055123,
                  "Our Estimated Time": 9851.482576838314,
                  "Actual Loops": 1,
                  "Our Qerror": 1.007339039844791,
                  "Nodes": [
                    {
                      "Node Type": "Merge Join",
                      "Actual Time": 4725.421000000002,
                      "Postgres Estimated Time": 3728.6657763206827,
                      "Actual Rows": 15540714,