{
  "Our Weighted Qerror": 1.6129357209672157,
  "Postgres Estimated Time": 8780.423447531168,
  "Our Estimated Plan Time": 108311.18109666498,
  "Node Type": "Aggregate",
  "Our Estimated Time": 8780.423447531168,
  "Actual Plan Time": 103892.608,
  "Nodes": [
    {
      "Postgres Estimated Time": 14381.818504701765,
      "Our Estimated Time": 19734.608098486915,
      "Node Type": "Merge Join",
      "Actual Loops": 1,
      "Our Qerror": 1.5228004913867974,
      "Actual Rows": 56545964,
      "Nodes": [
        {
          "Postgres Estimated Time": 15882.31714376845,
          "Our Estimated Time": 1881.0798382294363,
          "Node Type": "Sort",
          "Actual Loops": 1,
          "Our Qerror": 1.2342453269741647,
          "Actual Rows": 4523876,
          "Nodes": [
            {
              "Postgres Estimated Time": 1064.1266245568759,
              "Our Estimated Time": 1923.3794747017942,
              "Node Type": "Merge Join",
              "Actual Loops": 1,
              "Our Qerror": 1.923379474701794,
              "Actual Rows": 4523930,
              "Nodes": [
                {
                  "Postgres Estimated Time": 365.2943043577491,
                  "Our Estimated Time": 50.80419741412299,
                  "Node Type": "Sort",
                  "Actual Loops": 1,
                  "Our Qerror": 1.0,
                  "Actual Rows": 134170,
                  "Nodes": [
                    {
                      "Postgres Estimated Time": 51.28698664366449,
                      "Our Estimated Time": 51.28698664366449,
                      "Node Type": "Seq Scan",
                      "Actual Loops": 1,
                      "Our Qerror": 1.0,
                      "Actual Rows": 134170,
                      "Postgres Qerror": 1.0,
                      "Actual Time": 52.425
                    }
                  ],
                  "Postgres Qerror": 1.0,
                  "Actual Time": 75.218
                },
                {
                  "Postgres Estimated Time": 15882.31714376845,
                  "Our Estimated Time": 2075.8595542849216,
                  "Node Type": "Sort",
                  "Actual Loops": 1,
                  "Our Qerror": 1.0201065845851292,
                  "Actual Rows": 4523930,
                  "Nodes": [
                    {
                      "Postgres Estimated Time": 1395.5691526106655,
                      "Our Estimated Time": 1395.5691526106655,
                      "Node Type": "Seq Scan",
                      "Actual Loops": 1,
                      "Our Qerror": 1.3955691526106655,
                      "Actual Rows": 4523930,
                      "Postgres Qerror": 1.3955691526106655,
                      "Actual Time": 793.513
                    }
                  ],
                  "Postgres Qerror": 7.500156849302111,
                  "Actual Time": 2117.598
                }
              ],
              "Postgres Qerror": 1.064126624556876,
              "Actual Time": 867.6060000000002
            }
          ],
          "Postgres Qerror": 6.840772439571994,
          "Actual Time": 2321.7139999999995
        },
        {
          "Postgres Estimated Time": 4110.320570183123,
          "Our Estimated Time": 769.4086768000001,
          "Node Type": "Materialize",
          "Actual Loops": 1,
          "Our Qerror": 6.614994999999995,
          "Actual Rows": 67622141,
          "Nodes": [
            {
              "Postgres Estimated Time": 3855.588130164356,
              "Our Estimated Time": 6051.826270153031,
              "Node Type": "Merge Join",
              "Actual Loops": 1,
              "Our Qerror": 1.1463952525434309,
              "Actual Rows": 17646988,
              "Nodes": [
                {
                  "Postgres Estimated Time": 8838.271504739252,
                  "Our Estimated Time": 1160.7555659713998,
                  "Node Type": "Sort",
                  "Actual Loops": 1,
                  "Our Qerror": 1.1635111125827475,
                  "Actual Rows": 2609129,
                  "Nodes": [
                    {
                      "Postgres Estimated Time": 625.9610761888523,
                      "Our Estimated Time": 1285.9494637638636,
                      "Node Type": "Merge Join",
                      "Actual Loops": 1,
                      "Our Qerror": 1.2859494637638635,
                      "Actual Rows": 2609129,
                      "Nodes": [
                        {
                          "Postgres Estimated Time": 669.3134441245136,
                          "Our Estimated Time": 95.75633420880645,
                          "Node Type": "Sort",
                          "Actual Loops": 1,
                          "Our Qerror": 1.0,
                          "Actual Rows": 234997,
                          "Nodes": [
                            {
                              "Postgres Estimated Time": 129.3752427619633,
                              "Our Estimated Time": 129.3752427619633,
                              "Node Type": "Seq Scan",
                              "Actual Loops": 1,
                              "Our Qerror": 1.0,
                              "Actual Rows": 234997,
                              "Postgres Qerror": 1.0,
                              "Actual Time": 104.748
                            }
                          ],
                          "Postgres Qerror": 1.0,
                          "Actual Time": 146.64799999999997
                        },
                        {
                          "Postgres Estimated Time": 8838.271504739252,
                          "Our Estimated Time": 959.8002999484131,
                          "Node Type": "Sort",
                          "Actual Loops": 1,
                          "Our Qerror": 1.1812600000000002,
                          "Actual Rows": 2609129,
                          "Nodes": [
                            {
                              "Postgres Estimated Time": 953.0893913896143,
                              "Our Estimated Time": 953.0893913896143,
                              "Node Type": "Seq Scan",
                              "Actual Loops": 1,
                              "Our Qerror": 1.0,
                              "Actual Rows": 2609129,
                              "Postgres Qerror": 1.0,
                              "Actual Time": 525.313
                            }
                          ],
                          "Postgres Qerror": 7.482071266900809,
                          "Actual Time": 1181.2600000000002
                        }
                      ],
                      "Postgres Qerror": 1.0,
                      "Actual Time": 542.9569999999999
                    }
                  ],
                  "Postgres Qerror": 6.544191933919798,
                  "Actual Time": 1350.5520000000001
                },
                {
                  "Postgres Estimated Time": 44248.096552619216,
                  "Our Estimated Time": 7354.842287587219,
                  "Node Type": "Sort",
                  "Actual Loops": 1,
                  "Our Qerror": 1.007683334353498,
                  "Actual Rows": 23231633,
                  "Nodes": [
                    {
                      "Postgres Estimated Time": 2803.7656123668676,
                      "Our Estimated Time": 4294.497670512855,
                      "Node Type": "Merge Join",
                      "Actual Loops": 1,
                      "Our Qerror": 1.2089136409595898,
                      "Actual Rows": 11756903,
                      "Nodes": [
                        {
                          "Postgres Estimated Time": 503.5118560291551,
                          "Our Estimated Time": 610.639474312193,
                          "Node Type": "Merge Join",
                          "Actual Loops": 1,