{
  "Actual Plan Time": 1214211.439,
  "Our Estimated Time": 481575.8524560193,
  "Postgres Estimated Time": 481575.8524560193,
  "Actual Rows": 1,
  "Actual Time": 406696.24,
  "Postgres Estimated Plan Time": 1639341.2663101288,
  "Postgres Qerror": 1.350128333217036,
  "Postgres Weighted Qerror": 2.4569470623434757,
  "Actual Loops": 1,
  "Our Estimated Plan Time": 1593854.6461779037,
  "Our Qerror": 1.3126664722336747,
  "Our Weighted Qerror": 7.2998740298559115,
  "Node Type": "Aggregate",
  "Nodes": [
    {
      "Postgres Qerror": 1.2977688926457804,
      "Our Estimated Time": 1005797.5392431611,
      "Actual Loops": 1,
      "Nodes": [
        {
          "Postgres Qerror": 1.1303481572579372,
          "Our Estimated Time": 1935.924651169204,
          "Actual Loops": 1,
          "Nodes": [
            {
              "Postgres Qerror": 6.344889151929716,
              "Our Estimated Time": 1881.0798382294363,
              "Actual Loops": 1,
              "Nodes": [
                {
                  "Postgres Qerror": 1.064126624556876,
                  "Our Estimated Time": 1923.3794747017942,
                  "Actual Loops": 1,
                  "Nodes": [
                    {
                      "Postgres Qerror": 1.0,
                      "Our Estimated Time": 50.80419741412299,
                      "Actual Loops": 1,
                      "Nodes": [
                        {
                          "Postgres Qerror": 1.0,
                          "Our Estimated Time": 51.28698664366449,
                          "Actual Loops": 1,
                          "Postgres Estimated Time": 51.28698664366449,
                          "Actual Rows": 134170,
                          "Our Qerror": 1.0,
                          "Actual Time": 54.628,
                          "Node Type": "Seq Scan"
                        }
                      ],
                      "Postgres Estimated Time": 365.2943043577491,
                      "Actual Rows": 134170,
                      "Our Qerror": 1.0,
                      "Actual Time": 83.229,
                      "Node Type": "Sort"
                    },
                    {
                      "Postgres Qerror": 7.456823004120585,
                      "Our Estimated Time": 2075.8595542849216,
                      "Actual Loops": 1,
                      "Nodes": [
                        {
                          "Postgres Qerror": 1.3955691526106655,
                          "Our Estimated Time": 1395.5691526106655,
                          "Actual Loops": 1,
                          "Postgres Estimated Time": 1395.5691526106655,
                          "Actual Rows": 4523930,
                          "Our Qerror": 1.3955691526106655,
                          "Actual Time": 778.315,
                          "Node Type": "Seq Scan"
                        }
                      ],
                      "Postgres Estimated Time": 15882.31714376845,
                      "Actual Rows": 4523930,
                      "Our Qerror": 1.0260347313013165,
                      "Actual Time": 2129.904,
                      "Node Type": "Sort"
                    }
                  ],
                  "Postgres Estimated Time": 1064.1266245568759,
                  "Actual Rows": 4523930,
                  "Our Qerror": 1.923379474701794,
                  "Actual Time": 861.7130000000002,
                  "Node Type": "Merge Join"
                }
              ],
              "Postgres Estimated Time": 15882.31714376845,
              "Actual Rows": 4523914,
              "Our Qerror": 1.3307074740411349,
              "Actual Time": 2503.167,
              "Node Type": "Sort"
            },
            {
              "Postgres Qerror": 5.42584304065769,
              "Our Estimated Time": 1245.8085772697234,
              "Actual Loops": 1,
              "Nodes": [
                {
                  "Postgres Qerror": 1.3577926087408843,
                  "Our Estimated Time": 1481.7712940524057,
                  "Actual Loops": 1,
                  "Postgres Estimated Time": 1481.7712940524057,
                  "Actual Rows": 2528312,
                  "Our Qerror": 1.3577926087408843,
                  "Actual Time": 1091.309,
                  "Node Type": "Seq Scan"
                }
              ],
              "Postgres Estimated Time": 8701.625240495241,
              "Actual Rows": 2525756,
              "Our Qerror": 1.2873061152899603,
              "Actual Time": 1603.7369999999999,
              "Node Type": "Sort"
            }
          ],
          "Postgres Estimated Time": 1250.0033648283977,
          "Actual Rows": 4523914,
          "Our Qerror": 1.3701402899694917,
          "Actual Time": 1412.9390000000003,
          "Node Type": "Merge Join"
        },
        {
          "Postgres Qerror": 8.52341442645354,
          "Our Estimated Time": 3499.9569076000002,
          "Actual Loops": 1,
          "Nodes": [
            {
              "Postgres Qerror": 1.167557579475592,
              "Our Estimated Time": 24063.04715348061,
              "Actual Loops": 1,
              "Nodes": [
                {
                  "Postgres Qerror": 6.052918265334892,
                  "Our Estimated Time": 1160.7555659713998,
                  "Actual Loops": 1,
                  "Nodes": [
                    {
                      "Postgres Qerror": 1.0,
                      "Our Estimated Time": 1285.9494637638636,
                      "Actual Loops": 1,
                      "Nodes": [
                        {
                          "Postgres Qerror": 1.0,
                          "Our Estimated Time": 95.75633420880645,
                          "Actual Loops": 1,
                          "Nodes": [
                            {
                              "Postgres Qerror": 1.0,
                              "Our Estimated Time": 129.3752427619633,
                              "Actual Loops": 1,
                              "Postgres Estimated Time": 129.3752427619633,
                              "Actual Rows": 234997,
                              "Our Qerror": 1.0,
                              "Actual Time": 81.256,
                              "Node Type": "Seq Scan"
                            }
                          ],
                          "Postgres Estimated Time": 669.3134441245136,
                          "Actual Rows": 234997,
                          "Our Qerror": 1.0,
                          "Actual Time": 142.666,
                          "Node Type": "Sort"
                        },
                        {
                          "Postgres Qerror": 7.373626042949971,
                          "Our Estimated Time": 959.8002999484131,
                          "Actual Loops": 1,
                          "Nodes": [
                            {
                              "Postgres Qerror": 1.0,
                              "Our Estimated Time": 953.0893913896143,
                              "Actual Loops": 1,
                              "Postgres Estimated Time": 953.0893913896143,
                              "Actual Rows": 2609129,
                              "Our Qerror": 1.0,
                              "Actual Time": 655.967,
                              "Node Type": "Seq Scan"
                            }
                          ],
                          "Postgres Estimated Time": 8838.271504739252,
                          "Actual Rows": 2609129,
                          "Our Qerror": 1.1986329999999998,
                          "Actual Time": 1198.6329999999998,
                          "Node Type": "Sort"
                        }
                      ],
                      "Postgres Estimated Time": 625.9610761888523,
                      "Actual Rows": 2609129,
                      "Our Qerror": 1.2859494637638635,