{
  "Actual Plan Time": 147046.712,
  "Postgres Qerror": 2.819259470616014,
  "Postgres Estimated Plan Time": 414562.83542894543,
  "Our Estimated Time": 21142.948801776223,
  "Our Weighted Qerror": 1.5264390552871632,
  "Actual Rows": 1,
  "Actual Loops": 1,
  "Our Estimated Plan Time": 147339.56074611374,
  "Our Qerror": 1.0019915354932503,
  "Nodes": [
    {
      "Actual Rows": 136160680,
      "Our Estimated Time": 39164.82478031292,
      "Our Qerror": 1.438593554282784,
      "Postgres Qerror": 1.199079610324445,
      "Actual Loops": 1,
      "Actual Time": 27224.38500000001,
      "Nodes": [
        {
          "Actual Rows": 6712780,
          "Our Estimated Time": 3783.0623652917975,
          "Our Qerror": 1.0075300462846069,
          "Postgres Qerror": 6.338692504189193,
          "Actual Loops": 1,
          "Actual Time": 3811.548999999999,
          "Nodes": [
            {
              "Actual Rows": 6712780,
              "Our Estimated Time": 2689.1749131018523,
              "Our Qerror": 1.0639991711324241,
              "Postgres Qerror": 1.4253049562583822,
              "Actual Loops": 1,
              "Actual Time": 2527.4219999999987,
              "Nodes": [
                {
                  "Actual Rows": 6712781,
                  "Our Estimated Time": 5430.424264394684,
                  "Our Qerror": 1.0782063637992105,
                  "Postgres Qerror": 6.5782043286780665,
                  "Actual Loops": 1,
                  "Actual Time": 5855.117999999995,
                  "Nodes": [
                    {
                      "Actual Rows": 10416608,
                      "Our Estimated Time": 5309.226423005647,
                      "Our Qerror": 1.1305388999782011,
                      "Postgres Qerror": 1.3471205242169983,
                      "Actual Loops": 1,
                      "Actual Time": 6002.287000000004,
                      "Nodes": [
                        {
                          "Actual Rows": 311149,
                          "Our Estimated Time": 124.42873639769371,
                          "Our Qerror": 1.0,
                          "Postgres Qerror": 1.0,
                          "Actual Loops": 1,
                          "Actual Time": 170.84000000000015,
                          "Nodes": [
                            {
                              "Actual Rows": 311149,
                              "Our Estimated Time": 564.4944297164581,
                              "Our Qerror": 1.0,
                              "Postgres Qerror": 1.0,
                              "Actual Loops": 1,
                              "Actual Time": 75.17699999999968,
                              "Nodes": [
                                {
                                  "Actual Rows": 311149,
                                  "Our Estimated Time": 109.87427647480396,
                                  "Our Qerror": 1.0,
                                  "Postgres Qerror": 1.0,
                                  "Actual Loops": 1,
                                  "Actual Time": 114.39499999999998,
                                  "Nodes": [
                                    {
                                      "Actual Rows": 311149,
                                      "Our Estimated Time": 295.50046936200715,
                                      "Our Qerror": 1.0,
                                      "Postgres Qerror": 1.0,
                                      "Actual Loops": 1,
                                      "Actual Time": 319.27800000000025,
                                      "Nodes": [
                                        {
                                          "Actual Rows": 1380035,
                                          "Our Estimated Time": 389.30311965931037,
                                          "Our Qerror": 1.0,
                                          "Postgres Qerror": 4.477883478561319,
                                          "Actual Loops": 1,
                                          "Actual Time": 612.6379999999999,
                                          "Nodes": [
                                            {
                                              "Actual Rows": 1380035,
                                              "Our Estimated Time": 458.94776691884636,
                                              "Our Qerror": 1.0,
                                              "Postgres Qerror": 1.0,
                                              "Actual Loops": 1,
                                              "Actual Time": 318.295,
                                              "Node Type": "Seq Scan",
                                              "Postgres Estimated Time": 458.94776691884636
                                            }
                                          ],
                                          "Node Type": "Sort",
                                          "Postgres Estimated Time": 4477.883478561319
                                        },
                                        {
                                          "Actual Rows": 784266,
                                          "Our Estimated Time": 354.4672143761554,
                                          "Our Qerror": 1.0,
                                          "Postgres Qerror": 2.4462112578786512,
                                          "Actual Loops": 1,
                                          "Actual Time": 591.624,
                                          "Nodes": [
                                            {
                                              "Actual Rows": 784488,
                                              "Our Estimated Time": 1753.7948956383896,
                                              "Our Qerror": 1.1950405438945226,
                                              "Postgres Qerror": 1.1950405438945226,
                                              "Actual Loops": 1,
                                              "Actual Time": 1467.561,
                                              "Node Type": "Seq Scan",
                                              "Postgres Estimated Time": 1753.7948956383896
                                            }
                                          ],
                                          "Node Type": "Sort",
                                          "Postgres Estimated Time": 2446.2112578786514
                                        }
                                      ],
                                      "Node Type": "Merge Join",
                                      "Postgres Estimated Time": 216.3679467891499
                                    }
                                  ],
                                  "Node Type": "Sort",
                                  "Postgres Estimated Time": 905.773759194975
                                },
                                {
                                  "Actual Rows": 113,
                                  "Our Estimated Time": 14.873442790424853,
                                  "Our Qerror": 1.0,
                                  "Postgres Qerror": 1.0,
                                  "Actual Loops": 1,
                                  "Actual Time": 0.030999999999999996,
                                  "Nodes": [
                                    {
                                      "Actual Rows": 113,
                                      "Our Estimated Time": 3.0759066216146547,
                                      "Our Qerror": 1.0,
                                      "Postgres Qerror": 1.0,
                                      "Actual Loops": 1,
                                      "Actual Time": 0.028,
                                      "Node Type": "Seq Scan",