{
  "Nodes": [
    {
      "Actual Loops": 1,
      "Nodes": [
        {
          "Actual Loops": 1,
          "Nodes": [
            {
              "Actual Loops": 1,
              "Nodes": [
                {
                  "Actual Loops": 1,
                  "Nodes": [
                    {
                      "Actual Loops": 1,
                      "Nodes": [
                        {
                          "Actual Loops": 1,
                          "Nodes": [
                            {
                              "Actual Loops": 1,
                              "Node Type": "Seq Scan",
                              "Postgres Estimated Time": 129.3752427619633,
                              "Actual Time": 98.356,
                              "Postgres Qerror": 1.0,
                              "Actual Rows": 234997,
                              "Our Estimated Time": 129.3752427619633,
                              "Our Qerror": 1.0
                            }
                          ],
                          "Node Type": "Sort",
                          "Postgres Estimated Time": 669.3134441245136,
                          "Actual Time": 133.205,
                          "Postgres Qerror": 1.0,
                          "Actual Rows": 234993,
                          "Our Estimated Time": 95.75633420880645,
                          "Our Qerror": 1.0
                        },
                        {
                          "Actual Loops": 1,
                          "Nodes": [
                            {
                              "Actual Loops": 1,
                              "Node Type": "Seq Scan",
                              "Postgres Estimated Time": 1067.7137469028805,
                              "Actual Time": 683.079,
                              "Postgres Qerror": 1.0677137469028806,
                              "Actual Rows": 1337140,
                              "Our Estimated Time": 1067.7137469028805,
                              "Our Qerror": 1.0677137469028806
                            }
                          ],
                          "Node Type": "Sort",
                          "Postgres Estimated Time": 4329.241004392796,
                          "Actual Time": 605.913,
                          "Postgres Qerror": 4.329241004392796,
                          "Actual Rows": 1337140,
                          "Our Estimated Time": 477.9939841220711,
                          "Our Qerror": 1.0
                        }
                      ],
                      "Node Type": "Merge Join",
                      "Postgres Estimated Time": 329.69023199866604,
                      "Actual Time": 283.0590000000002,
                      "Postgres Qerror": 1.0,
                      "Actual Rows": 1337140,
                      "Our Estimated Time": 843.4496740394552,
                      "Our Qerror": 1.0
                    }
                  ],
                  "Node Type": "Sort",
                  "Postgres Estimated Time": 4329.241004392796,
                  "Actual Time": 726.058,
                  "Postgres Qerror": 4.329241004392796,
                  "Actual Rows": 1337140,
                  "Our Estimated Time": 572.137819266936,
                  "Our Qerror": 1.0
                },
                {
                  "Actual Loops": 1,
                  "Nodes": [
                    {
                      "Actual Loops": 1,
                      "Node Type": "Seq Scan",
                      "Postgres Estimated Time": 1481.7712940524057,
                      "Actual Time": 993.741,
                      "Postgres Qerror": 1.4817712940524057,
                      "Actual Rows": 2528312,
                      "Our Estimated Time": 1481.7712940524057,
                      "Our Qerror": 1.4817712940524057
                    }
                  ],
                  "Node Type": "Sort",
                  "Postgres Estimated Time": 8546.687299612666,
                  "Actual Time": 1698.181,
                  "Postgres Qerror": 5.032848265062833,
                  "Actual Rows": 2525723,
                  "Our Estimated Time": 1242.9728739286284,
                  "Our Qerror": 1.3662253099961936
                }
              ],
              "Node Type": "Merge Join",
              "Postgres Estimated Time": 507.742831488388,
              "Actual Time": 807.7579999999998,
              "Postgres Qerror": 1.0,
              "Actual Rows": 1337140,
              "Our Estimated Time": 767.877084339286,
              "Our Qerror": 1.0
            },
            {
              "Actual Loops": 1,
              "Nodes": [
                {
                  "Actual Loops": 1,
                  "Nodes": [
                    {
                      "Actual Loops": 1,
                      "Nodes": [
                        {
                          "Actual Loops": 1,
                          "Nodes": [
                            {
                              "Actual Loops": 1,
                              "Nodes": [
                                {
                                  "Actual Loops": 1,
                                  "Nodes": [
                                    {
                                      "Actual Loops": 1,
                                      "Node Type": "Seq Scan",
                                      "Postgres Estimated Time": 485.0342293897681,
                                      "Actual Time": 350.123,
                                      "Postgres Qerror": 1.0,
                                      "Actual Rows": 901343,
                                      "Our Estimated Time": 485.0342293897681,
                                      "Our Qerror": 1.0
                                    }
                                  ],
                                  "Node Type": "Sort",
                                  "Postgres Estimated Time": 2838.629078266697,
                                  "Actual Time": 491.488,
                                  "Postgres Qerror": 2.838629078266697,
                                  "Actual Rows": 578866,
                                  "Our Estimated Time": 446.0545495628345,
                                  "Our Qerror": 1.0
                                },
                                {
                                  "Actual Loops": 1,
                                  "Nodes": [
                                    {
                                      "Actual Loops": 1,
                                      "Node Type": "Seq Scan",
                                      "Postgres Estimated Time": 2323.675432879285,
                                      "Actual Time": 1639.088,
                                      "Postgres Qerror": 1.4176636232339477,
                                      "Actual Rows": 4167491,
                                      "Our Estimated Time": 2323.675432879285,
                                      "Our Qerror": 1.4176636232339477
                                    }
                                  ],
                                  "Node Type": "Sort",
                                  "Postgres Estimated Time": 14554.336391532659,
                                  "Actual Time": 2354.2690000000002,
                                  "Postgres Qerror": 6.182104250420261,
                                  "Actual Rows": 2701136,
                                  "Our Estimated Time": 1989.643007629023,
                                  "Our Qerror": 1.1832620178458482
                                }
                              ],
                              "Node Type": "Merge Join",
                              "Postgres Estimated Time": 458.3916995710902,
                              "Actual Time": 571.0140000000001,
                              "Postgres Qerror": 1.0,