{
  "Our Weighted Qerror": 1.3881857929036356,
  "Actual Rows": 1,
  "Postgres Estimated Time": 485870.62461213814,
  "Postgres Weighted Qerror": 1.5770425700192998,
  "Our Qerror": 1.143822574254188,
  "Postgres Estimated Plan Time": 1815448.8484139824,
  "Our Estimated Time": 485870.62461213814,
  "Postgres Qerror": 1.2971405414174257,
  "Actual Plan Time": 1399577.602,
  "Our Estimated Plan Time": 1600868.4555881433,
  "Actual Time": 632117.1279999999,
  "Nodes": [
    {
      "Our Estimated Time": 823744.3692126538,
      "Our Qerror": 1.5953316297792624,
      "Actual Time": 516346.792,
      "Postgres Estimated Time": 490642.48124345124,
      "Node Type": "Merge Join",
      "Actual Rows": 3129008894,
      "Actual Loops": 1,
      "Nodes": [
        {
          "Our Estimated Time": 14395.489970545874,
          "Our Qerror": 1.291500776044511,
          "Actual Time": 11146.32699999999,
          "Postgres Estimated Time": 9039.83780288547,
          "Node Type": "Merge Join",
          "Actual Rows": 46625835,
          "Actual Loops": 1,
          "Nodes": [
            {
              "Our Estimated Time": 1254.5012083571935,
              "Our Qerror": 1.0793506594462177,
              "Actual Time": 1162.2740000000003,
              "Postgres Estimated Time": 804.0133651197738,
              "Node Type": "Merge Join",
              "Actual Rows": 2609129,
              "Actual Loops": 1,
              "Nodes": [
                {
                  "Our Estimated Time": 1160.7555659713998,
                  "Our Qerror": 1.2329417510070868,
                  "Actual Time": 1431.1439999999998,
                  "Postgres Estimated Time": 8838.271504739252,
                  "Node Type": "Sort",
                  "Actual Rows": 2609129,
                  "Actual Loops": 1,
                  "Nodes": [
                    {
                      "Our Estimated Time": 1285.9494637638636,
                      "Our Qerror": 1.2859494637638635,
                      "Actual Time": 534.9680000000001,
                      "Postgres Estimated Time": 625.9610761888523,
                      "Node Type": "Merge Join",
                      "Actual Rows": 2609129,
                      "Actual Loops": 1,
                      "Nodes": [
                        {
                          "Our Estimated Time": 95.75633420880645,
                          "Our Qerror": 1.0,
                          "Actual Time": 144.48,
                          "Postgres Estimated Time": 669.3134441245136,
                          "Node Type": "Sort",
                          "Actual Rows": 234997,
                          "Actual Loops": 1,
                          "Nodes": [
                            {
                              "Our Estimated Time": 129.3752427619633,
                              "Our Qerror": 1.0,
                              "Actual Time": 104.644,
                              "Postgres Estimated Time": 129.3752427619633,
                              "Node Type": "Seq Scan",
                              "Actual Rows": 234997,
                              "Actual Loops": 1,
                              "Postgres Qerror": 1.0
                            }
                          ],
                          "Postgres Qerror": 1.0
                        },
                        {
                          "Our Estimated Time": 959.8002999484131,
                          "Our Qerror": 1.1654390000000001,
                          "Actual Time": 1165.439,
                          "Postgres Estimated Time": 8838.271504739252,
                          "Node Type": "Sort",
                          "Actual Rows": 2609129,
                          "Actual Loops": 1,
                          "Nodes": [
                            {
                              "Our Estimated Time": 953.0893913896143,
                              "Our Qerror": 1.0,
                              "Actual Time": 492.336,
                              "Postgres Estimated Time": 953.0893913896143,
                              "Node Type": "Seq Scan",
                              "Actual Rows": 2609129,
                              "Actual Loops": 1,
                              "Postgres Qerror": 1.0
                            }
                          ],
                          "Postgres Qerror": 7.583641447333796
                        }
                      ],
                      "Postgres Qerror": 1.0
                    }
                  ],
                  "Postgres Qerror": 6.175668908746607
                },
                {
                  "Our Estimated Time": 1154.3795083047235,
                  "Our Qerror": 1.4807625981773551,
                  "Actual Time": 1709.362,
                  "Postgres Estimated Time": 8552.961907259034,
                  "Node Type": "Sort",
                  "Actual Rows": 2525745,
                  "Actual Loops": 1,
                  "Nodes": [
                    {
                      "Our Estimated Time": 1481.7712940524057,
                      "Our Qerror": 1.4817712940524057,
                      "Actual Time": 991.082,
                      "Postgres Estimated Time": 1481.7712940524057,
                      "Node Type": "Seq Scan",
                      "Actual Rows": 2528312,
                      "Actual Loops": 1,
                      "Postgres Qerror": 1.4817712940524057
                    }
                  ],
                  "Postgres Qerror": 5.003598949350128
                }
              ],
              "Postgres Qerror": 1.1622740000000003
            },
            {
              "Our Estimated Time": 15213.372851353992,
              "Our Qerror": 1.1785182339217306,
              "Actual Time": 12908.898999999998,
              "Postgres Estimated Time": 81227.08500852078,
              "Node Type": "Sort",
              "Actual Rows": 55506852,
              "Actual Loops": 1,
              "Nodes": [
                {
                  "Our Estimated Time": 7119.060293236287,
                  "Our Qerror": 1.6455658843116858,
                  "Actual Time": 4326.207999999999,
                  "Postgres Estimated Time": 4791.703271163968,
                  "Node Type": "Merge Join",
                  "Actual Rows": 20572389,
                  "Actual Loops": 1,
                  "Nodes": [
                    {
                      "Our Estimated Time": 12349.42883915459,
                      "Our Qerror": 2.391220820026188,
                      "Actual Time": 5164.487000000001,
                      "Postgres Estimated Time": 79204.30327341761,
                      "Node Type": "Sort",
                      "Actual Rows": 20572389,
                      "Actual Loops": 1,
                      "Nodes": [
                        {
                          "Our Estimated Time": 7013.51454851122,
                          "Our Qerror": 1.3322462665480883,
                          "Actual Time": 5264.428,
                          "Postgres Estimated Time": 4603.658675185085,
                          "Node Type": "Merge Join",
                          "Actual Rows": 20572389,
                          "Actual Loops": 1,
                          "Nodes": [
                            {
                              "Our Estimated Time": 531.9975014833293,
                              "Our Qerror": 1.0,
                              "Actual Time": 568.713999999999,
                              "Postgres Estimated Time": 458.3916995710902,
                              "Node Type": "Merge Join",
                              "Actual Rows": 578866,
                              "Actual Loops": 1,
                              "Nodes": [
                                {
                                  "Our Estimated Time": 446.0545495628345,
                                  "Our Qerror": 1.0,