{
  "Postgres Qerror": 1.2885013432073313,
  "Postgres Estimated Plan Time": 1815448.8484139824,
  "Postgres Weighted Qerror": 1.5838976986634015,
  "Our Qerror": 1.1362045023331884,
  "Node Type": "Aggregate",
  "Our Estimated Plan Time": 1600868.4555881433,
  "Actual Rows": 1,
  "Actual Time": 636108.0120000001,
  "Our Estimated Time": 485870.62461213814,
  "Actual Plan Time": 1408961.549,
  "Postgres Estimated Time": 485870.62461213814,
  "Actual Loops": 1,
  "Our Weighted Qerror": 1.3862791291411793,
  "Nodes": [
    {
      "Postgres Qerror": 1.0656607672350402,
      "Postgres Estimated Time": 490642.48124345124,
      "Actual Loops": 1,
      "Actual Rows": 3129008894,
      "Our Qerror": 1.5754634552447186,
      "Node Type": "Merge Join",
      "Nodes": [
        {
          "Postgres Qerror": 1.2415447317448076,
          "Postgres Estimated Time": 9039.83780288547,
          "Actual Loops": 1,
          "Actual Rows": 46625835,
          "Our Qerror": 1.2826360486198172,
          "Node Type": "Merge Join",
          "Nodes": [
            {
              "Postgres Qerror": 1.1720959999999996,
              "Postgres Estimated Time": 804.0133651197738,
              "Actual Loops": 1,
              "Actual Rows": 2609129,
              "Our Qerror": 1.0703058523851237,
              "Node Type": "Merge Join",
              "Nodes": [
                {
                  "Postgres Qerror": 5.971813140787523,
                  "Postgres Estimated Time": 8838.271504739252,
                  "Actual Loops": 1,
                  "Actual Rows": 2609129,
                  "Our Qerror": 1.275029854163513,
                  "Node Type": "Sort",
                  "Nodes": [
                    {
                      "Postgres Qerror": 1.0,
                      "Postgres Estimated Time": 625.9610761888523,
                      "Actual Loops": 1,
                      "Actual Rows": 2609129,
                      "Our Qerror": 1.2859494637638635,
                      "Node Type": "Merge Join",
                      "Nodes": [
                        {
                          "Postgres Qerror": 1.0,
                          "Postgres Estimated Time": 669.3134441245136,
                          "Actual Loops": 1,
                          "Actual Rows": 234997,
                          "Our Qerror": 1.0,
                          "Node Type": "Sort",
                          "Nodes": [
                            {
                              "Postgres Qerror": 1.0,
                              "Postgres Estimated Time": 129.3752427619633,
                              "Actual Loops": 1,
                              "Actual Rows": 234997,
                              "Our Qerror": 1.0,
                              "Node Type": "Seq Scan",
                              "Actual Time": 197.507,
                              "Our Estimated Time": 129.3752427619633
                            }
                          ],
                          "Actual Time": 141.42199999999997,
                          "Our Estimated Time": 95.75633420880645
                        },
                        {
                          "Postgres Qerror": 7.583726040726098,
                          "Postgres Estimated Time": 8838.271504739252,
                          "Actual Loops": 1,
                          "Actual Rows": 2609129,
                          "Our Qerror": 1.1654259999999999,
                          "Node Type": "Sort",
                          "Nodes": [
                            {
                              "Postgres Qerror": 1.0,
                              "Postgres Estimated Time": 953.0893913896143,
                              "Actual Loops": 1,
                              "Actual Rows": 2609129,
                              "Our Qerror": 1.0,
                              "Node Type": "Seq Scan",
                              "Actual Time": 511.613,
                              "Our Estimated Time": 953.0893913896143
                            }
                          ],
                          "Actual Time": 1165.426,
                          "Our Estimated Time": 959.8002999484131
                        }
                      ],
                      "Actual Time": 534.8690000000001,
                      "Our Estimated Time": 1285.9494637638636
                    }
                  ],
                  "Actual Time": 1479.998,
                  "Our Estimated Time": 1160.7555659713998
                },
                {
                  "Postgres Qerror": 5.103537231438977,
                  "Postgres Estimated Time": 8552.961907259034,
                  "Actual Loops": 1,
                  "Actual Rows": 2525745,
                  "Our Qerror": 1.4517660682154212,
                  "Node Type": "Sort",
                  "Nodes": [
                    {
                      "Postgres Qerror": 1.4568862205197084,
                      "Postgres Estimated Time": 1481.7712940524057,
                      "Actual Loops": 1,
                      "Actual Rows": 2528312,
                      "Our Qerror": 1.4568862205197084,
                      "Node Type": "Seq Scan",
                      "Actual Time": 1017.081,
                      "Our Estimated Time": 1481.7712940524057
                    }
                  ],
                  "Actual Time": 1675.8889999999997,
                  "Our Estimated Time": 1154.3795083047235
                }
              ],
              "Actual Time": 1172.0959999999995,
              "Our Estimated Time": 1254.5012083571935
            },
            {
              "Postgres Qerror": 6.265292398146649,
              "Postgres Estimated Time": 81227.08500852078,
              "Actual Loops": 1,
              "Actual Rows": 55506852,
              "Our Qerror": 1.1734537718023492,
              "Node Type": "Sort",
              "Nodes": [
                {
                  "Postgres Qerror": 1.1074266362222502,
                  "Postgres Estimated Time": 4791.703271163968,
                  "Actual Loops": 1,
                  "Actual Rows": 20572389,
                  "Our Qerror": 1.645309934161879,
                  "Node Type": "Merge Join",
                  "Nodes": [
                    {
                      "Postgres Qerror": 15.184160880751897,
                      "Postgres Estimated Time": 79204.30327341761,
                      "Actual Loops": 1,
                      "Actual Rows": 20572389,
                      "Our Qerror": 2.367494019003057,
                      "Node Type": "Sort",
                      "Nodes": [
                        {
                          "Postgres Qerror": 1.1367940955765146,
                          "Postgres Estimated Time": 4603.658675185085,
                          "Actual Loops": 1,
                          "Actual Rows": 20572389,
                          "Our Qerror": 1.3401418708313457,
                          "Node Type": "Merge Join",
                          "Nodes": [
                            {
                              "Postgres Qerror": 1.0,
                              "Postgres Estimated Time": 458.3916995710902,
                              "Actual Loops": 1,
                              "Actual Rows": 578866,
                              "Our Qerror": 1.0,
                              "Node Type": "Merge Join",
                              "Nodes": [
                                {
                                  "Postgres Qerror": 2.838629078266697,
                                  "Postgres Estimated Time": 2838.629078266697,
                                  "Actual Loops": 1,
                                  "Actual Rows": 578866,
                                  "Our Qerror": 1.0,
                                  "Node Type": "Sort",