{
  "Nodes": [
    {
      "Nodes": [
        {
          "Nodes": [
            {
              "Nodes": [
                {
                  "Nodes": [
                    {
                      "Nodes": [
                        {
                          "Actual Time": 0.018,
                          "Node Type": "Index Scan",
                          "Postgres Qerror": 1.0,
                          "Postgres Estimated Time": 9.19,
                          "Our Estimated Time": 0,
                          "Actual Rows": 1,
                          "Our Qerror": 0,
                          "Actual Loops": 1
                        },
                        {
                          "Actual Time": 1801.105,
                          "Node Type": "Index Scan",
                          "Postgres Qerror": 12.871315109335658,
                          "Postgres Estimated Time": 23182.59,
                          "Our Estimated Time": 2072.799868470348,
                          "Actual Rows": 295628,
                          "Our Qerror": 1.1508489890763436,
                          "Actual Loops": 1
                        }
                      ],
                      "Actual Time": 39.70399999999995,
                      "Node Type": "Merge Join",
                      "Postgres Qerror": 1.0,
                      "Postgres Estimated Time": 23.076459874676225,
                      "Our Estimated Time": 21.895790241527482,
                      "Actual Rows": 798,
                      "Our Qerror": 1.0,
                      "Actual Loops": 1
                    }
                  ],
                  "Actual Time": 10.944999999999936,
                  "Node Type": "Sort",
                  "Postgres Qerror": 1.0,
                  "Postgres Estimated Time": 1.2565077796371018,
                  "Our Estimated Time": 0.14613384095979373,
                  "Actual Rows": 798,
                  "Our Qerror": 1.0,
                  "Actual Loops": 1
                },
                {
                  "Actual Time": 11503.571,
                  "Node Type": "Index Scan",
                  "Postgres Qerror": 2.0200988023631967,
                  "Postgres Estimated Time": 23238.35,
                  "Our Estimated Time": 9605.040419529096,
                  "Actual Rows": 1744819,
                  "Our Qerror": 1.1976598220878683,
                  "Actual Loops": 1
                }
              ],
              "Actual Time": 348.3939999999984,
              "Node Type": "Merge Join",
              "Postgres Qerror": 1.0,
              "Postgres Estimated Time": 135.64827974262076,
              "Our Estimated Time": 121.09410467509588,
              "Actual Rows": 767,
              "Our Qerror": 1.0,
              "Actual Loops": 1
            },
            {
              "Actual Time": 29310.138,
              "Node Type": "Index Scan",
              "Postgres Qerror": 29.310138,
              "Postgres Estimated Time": 247.53,
              "Our Estimated Time": 3993.1651492612336,
              "Actual Rows": 1,
              "Our Qerror": 7.340076581962206,
              "Actual Loops": 767
            }
          ],
          "Actual Time": 3.985000000000582,
          "Node Type": "Nested Loop",
          "Postgres Qerror": 1.0,
          "Postgres Estimated Time": 0.0462558792621336,
          "Our Estimated Time": 0.1056905082621336,
          "Actual Rows": 669,
          "Our Qerror": 1.0,
          "Actual Loops": 1
        },
        {
          "Actual Time": 7.359,
          "Node Type": "Index Scan",
          "Postgres Qerror": 0,
          "Postgres Estimated Time": 0.0,
          "Our Estimated Time": 0,
          "Actual Rows": 1,
          "Our Qerror": 0,
          "Actual Loops": 669
        }
      ],
      "Actual Time": 4.538000000000466,
      "Node Type": "Nested Loop",
      "Postgres Qerror": 1.0,
      "Postgres Estimated Time": 0.0462558792621336,
      "Our Estimated Time": 0.1056905082621336,
      "Actual Rows": 669,
      "Our Qerror": 1.0,
      "Actual Loops": 1
    }
  ],
  "Node Type": "Aggregate",
  "Our Estimated Plan Time": 15814.456798095396,
  "Postgres Qerror": 1.0884178307852763,
  "Our Weighted Qerror": 5.377264411868932,
  "Postgres Estimated Time": 0.1039510606123766,
  "Actual Rows": 1,
  "Our Qerror": 2.7211150878848174,
  "Postgres Estimated Plan Time": 46837.837710216074,
  "Actual Time": 3.2000000000043656,
  "Actual Plan Time": 43032.957,
  "Our Estimated Time": 0.1039510606123766,
  "Postgres Weighted Qerror": 21.051677057169087,
  "Actual Loops": 1
}
