{
  "Node Type": "Aggregate",
  "Actual Loops": 1,
  "Our Estimated Plan Time": 13888.934441448699,
  "Our Weighted Qerror": 19348.431473678625,
  "Actual Time": 0.13700000000062573,
  "Postgres Weighted Qerror": 6.921156473873034,
  "Postgres Estimated Time": 0.0016219358253523998,
  "Postgres Qerror": 6.906935020751313,
  "Actual Plan Time": 13928.892,
  "Our Qerror": 1.0028769347799682,
  "Postgres Estimated Plan Time": 96205.9519550628,
  "Nodes": [
    {
      "Postgres Estimated Time": 0.0007339076132815,
      "Node Type": "Nested Loop",
      "Actual Loops": 1,
      "Actual Rows": 10,
      "Actual Time": 0.029999999998835847,
      "Nodes": [
        {
          "Postgres Estimated Time": 0.001467815226563,
          "Node Type": "Nested Loop",
          "Actual Loops": 1,
          "Actual Rows": 10,
          "Actual Time": 0.04900000000088767,
          "Nodes": [
            {
              "Postgres Estimated Time": 0.0135517972128224,
              "Node Type": "Nested Loop",
              "Actual Loops": 1,
              "Actual Rows": 10,
              "Actual Time": 0.10299999999915599,
              "Nodes": [
                {
                  "Postgres Estimated Time": 0.0,
                  "Node Type": "Nested Loop",
                  "Actual Loops": 1,
                  "Actual Rows": 14,
                  "Actual Time": 0.2640000000010332,
                  "Nodes": [
                    {
                      "Postgres Estimated Time": 0.03111382013148,
                      "Node Type": "Nested Loop",
                      "Actual Loops": 1,
                      "Actual Rows": 31,
                      "Actual Time": 0.16899999999986903,
                      "Nodes": [
                        {
                          "Postgres Estimated Time": 0.0,
                          "Node Type": "Nested Loop",
                          "Actual Loops": 1,
                          "Actual Rows": 15,
                          "Actual Time": 525.4050000000007,
                          "Nodes": [
                            {
                              "Postgres Estimated Time": 13347.277781946836,
                              "Node Type": "Seq Scan",
                              "Actual Loops": 1,
                              "Actual Rows": 1435439,
                              "Actual Time": 11765.203,
                              "Our Estimated Time": 13347.277781946836
                            },
                            {
                              "Postgres Estimated Time": 1.7929376309268454,
                              "Node Type": "Index Scan",
                              "Actual Loops": 1435439,
                              "Actual Rows": 0,
                              "Actual Time": 0.0,
                              "Our Estimated Time": 0.0
                            }
                          ],
                          "Our Estimated Time": 0.001037127337716
                        },
                        {
                          "Postgres Estimated Time": 50191.30433333334,
                          "Node Type": "Index Scan",
                          "Actual Loops": 15,
                          "Actual Rows": 2,
                          "Actual Time": 599.355,
                          "Our Estimated Time": 88.5665090876705
                        }
                      ],
                      "Our Estimated Time": 0.0421218464979464
                    },
                    {
                      "Postgres Estimated Time": 12037.705806451613,
                      "Node Type": "Index Scan",
                      "Actual Loops": 31,
                      "Actual Rows": 0,
                      "Actual Time": 687.115,
                      "Our Estimated Time": 446.87067315239403
                    }
                  ],
                  "Our Estimated Time": 0.0009679855152015999
                },
                {
                  "Postgres Estimated Time": 20621.7,
                  "Node Type": "Index Scan",
                  "Actual Loops": 14,
                  "Actual Rows": 1,
                  "Actual Time": 321.062,
                  "Our Estimated Time": 0.031093585559568614
                }
              ],
              "Our Estimated Time": 0.018104254225144
            },
            {
              "Postgres Estimated Time": 0.0010869558019866,
              "Node Type": "Materialize",
              "Actual Loops": 10,
              "Actual Rows": 1,
              "Actual Time": 0.029999999999997584,
              "Nodes": [
                {
                  "Postgres Estimated Time": 3.060557137016458,
                  "Node Type": "Seq Scan",
                  "Actual Loops": 1,
                  "Actual Rows": 2,
                  "Actual Time": 22.96,
                  "Our Estimated Time": 3.060557137016458
                }
              ],
              "Our Estimated Time": 0.000436
            }
          ],
          "Our Estimated Time": 0.001703218225144
        },
        {
          "Postgres Estimated Time": 0.0005434779009933,
          "Node Type": "Materialize",
          "Actual Loops": 10,
          "Actual Rows": 1,
          "Actual Time": 0.021999999999999353,
          "Nodes": [
            {
              "Postgres Estimated Time": 3.060418853371429,
              "Node Type": "Seq Scan",
              "Actual Loops": 1,
              "Actual Rows": 1,
              "Actual Time": 6.988,
              "Our Estimated Time": 3.060418853371429
            }
          ],
          "Our Estimated Time": 0.000218
        }
      ],
      "Our Estimated Time": 0.001197318225144
    }
  ],
  "Our Estimated Time": 0.0016219358253523998,
  "Actual Rows": 1
}
