{
  "Postgres Estimated Plan Time": 1061.2582120048846,
  "Postgres Estimated Time": 0.0016219358253523998,
  "Node Type": "Aggregate",
  "Nodes": [
    {
      "Our Estimated Time": 0.122613318225144,
      "Actual Time": 1.7720000000003893,
      "Node Type": "Nested Loop",
      "Nodes": [
        {
          "Our Estimated Time": 0.20608940524242397,
          "Actual Time": 1.2329999999997199,
          "Node Type": "Nested Loop",
          "Nodes": [
            {
              "Our Estimated Time": 0.001579828225144,
              "Actual Time": 0.1510000000000673,
              "Node Type": "Nested Loop",
              "Nodes": [
                {
                  "Our Estimated Time": 0.005620620142975199,
                  "Actual Time": 0.07999999999992724,
                  "Node Type": "Nested Loop",
                  "Nodes": [
                    {
                      "Our Estimated Time": 0.005620620142975199,
                      "Actual Time": 0.08699999999998909,
                      "Node Type": "Nested Loop",
                      "Nodes": [
                        {
                          "Our Estimated Time": 0.0003159656450288,
                          "Actual Time": 0.06100000000014916,
                          "Node Type": "Nested Loop",
                          "Nodes": [
                            {
                              "Our Estimated Time": 139.63263271822512,
                              "Actual Time": 620.419,
                              "Node Type": "Nested Loop",
                              "Nodes": [
                                {
                                  "Our Estimated Time": 459.0105009345344,
                                  "Actual Time": 319.216,
                                  "Node Type": "Seq Scan",
                                  "Postgres Estimated Time": 459.0105009345344,
                                  "Actual Loops": 1,
                                  "Actual Rows": 1380035
                                },
                                {
                                  "Our Estimated Time": 60.169526000000005,
                                  "Actual Time": -82.527,
                                  "Node Type": "Materialize",
                                  "Nodes": [
                                    {
                                      "Our Estimated Time": 3.0769360236090764,
                                      "Actual Time": 82.527,
                                      "Node Type": "Seq Scan",
                                      "Postgres Estimated Time": 3.0769360236090764,
                                      "Actual Loops": 1,
                                      "Actual Rows": 1
                                    }
                                  ],
                                  "Postgres Estimated Time": 107.14565886472725,
                                  "Actual Loops": 1380035,
                                  "Actual Rows": 1
                                }
                              ],
                              "Postgres Estimated Time": 202.56363861898694,
                              "Actual Loops": 1,
                              "Actual Rows": 10
                            },
                            {
                              "Our Estimated Time": 0.8093846348131772,
                              "Actual Time": 436.28999999999996,
                              "Node Type": "Index Scan",
                              "Postgres Estimated Time": 268.68600000000004,
                              "Actual Loops": 10,
                              "Actual Rows": 0
                            }
                          ],
                          "Postgres Estimated Time": 0.0001382836450288,
                          "Actual Loops": 1,
                          "Actual Rows": 2
                        },
                        {
                          "Our Estimated Time": 0.14462352689353955,
                          "Actual Time": 125.724,
                          "Node Type": "Index Scan",
                          "Postgres Estimated Time": 4.0425,
                          "Actual Loops": 2,
                          "Actual Rows": 16
                        }
                      ],
                      "Postgres Estimated Time": 0.0048437902476579,
                      "Actual Loops": 1,
                      "Actual Rows": 33
                    },
                    {
                      "Our Estimated Time": 0.0014388,
                      "Actual Time": 0.028000000000002245,
                      "Node Type": "Materialize",
                      "Nodes": [
                        {
                          "Our Estimated Time": 3.061022975217309,
                          "Actual Time": 21.95,
                          "Node Type": "Seq Scan",
                          "Postgres Estimated Time": 3.061022975217309,
                          "Actual Loops": 1,
                          "Actual Rows": 2
                        }
                      ],
                      "Postgres Estimated Time": 0.0028726689052503,
                      "Actual Loops": 33,
                      "Actual Rows": 1
                    }
                  ],
                  "Postgres Estimated Time": 0.0048437902476579,
                  "Actual Loops": 1,
                  "Actual Rows": 33
                },
                {
                  "Our Estimated Time": 555.636652632323,
                  "Actual Time": 317.625,
                  "Node Type": "Index Scan",
                  "Postgres Estimated Time": 0.048484848484848485,
                  "Actual Loops": 33,
                  "Actual Rows": 0
                }
              ],
              "Postgres Estimated Time": 0.000691418225144,
              "Actual Loops": 1,
              "Actual Rows": 10
            },
            {
              "Our Estimated Time": 870.1692888049033,
              "Actual Time": 291.53,
              "Node Type": "Index Scan",
              "Postgres Estimated Time": 10.083333333333334,
              "Actual Loops": 10,
              "Actual Rows": 121
            }
          ],
          "Postgres Estimated Time": 0.177605642414123,
          "Actual Loops": 1,
          "Actual Rows": 1210
        },
        {
          "Our Estimated Time": 0.052538,
          "Actual Time": -0.066,
          "Node Type": "Materialize",
          "Nodes": [
            {
              "Our Estimated Time": 3.0769360236090764,
              "Actual Time": 0.066,
              "Node Type": "Seq Scan",
              "Postgres Estimated Time": 3.0769360236090764,
              "Actual Loops": 1,
              "Actual Rows": 1
            }
          ],
          "Postgres Estimated Time": 0.0937111180712733,
          "Actual Loops": 1210,
          "Actual Rows": 1
        }
      ],
      "Postgres Estimated Time": 0.1768717348008415,
      "Actual Loops": 1,
      "Actual Rows": 10
    }
  ],
  "Postgres Qerror": 2.012976649635732,
  "Actual Loops": 1,
  "Our Weighted Qerror": 164.59331045820875,
  "Our Estimated Time": 0.0016219358253523998,
  "Our Qerror": 1.0196178658949933,
  "Our Estimated Plan Time": 2095.1849427675766,
  "Actual Time": 0.12199999999984357,
  "Actual Plan Time": 2136.288,
  "Postgres Weighted Qerror": 982.4091807051776,
  "Actual Rows": 1
}
