{
  "Postgres Weighted Qerror": 0.2008253060959004,
  "Postgres Qerror": 226.1394342555797,
  "Postgres Estimated Time": 0.7315903965594962,
  "Our Estimated Plan Time": 377976.5905835188,
  "Actual Time": 24.339000000007218,
  "Our Estimated Time": 0.7315903965594962,
  "Actual Rows": 1,
  "Nodes": [
    {
      "Nodes": [
        {
          "Nodes": [
            {
              "Nodes": [
                {
                  "Nodes": [
                    {
                      "Nodes": [
                        {
                          "Nodes": [
                            {
                              "Nodes": [
                                {
                                  "Node Type": "Seq Scan",
                                  "Postgres Estimated Time": 484.07995955133754,
                                  "Actual Time": 816.27,
                                  "Our Estimated Time": 484.07995955133754,
                                  "Actual Rows": 192967,
                                  "Actual Loops": 1
                                },
                                {
                                  "Nodes": [
                                    {
                                      "Node Type": "Seq Scan",
                                      "Postgres Estimated Time": 3.0769360236090764,
                                      "Actual Time": 7.45,
                                      "Our Estimated Time": 3.0769360236090764,
                                      "Actual Rows": 1,
                                      "Actual Loops": 1
                                    }
                                  ],
                                  "Node Type": "Materialize",
                                  "Postgres Estimated Time": 14.9820552966823,
                                  "Actual Time": -7.45,
                                  "Our Estimated Time": 8.4133612,
                                  "Actual Rows": 1,
                                  "Actual Loops": 192967
                                }
                              ],
                              "Node Type": "Nested Loop",
                              "Postgres Estimated Time": 28.32399008241824,
                              "Actual Time": 203.08900000000006,
                              "Our Estimated Time": 27.93011070672064,
                              "Actual Rows": 121572,
                              "Actual Loops": 1
                            },
                            {
                              "Node Type": "Index Scan",
                              "Postgres Estimated Time": 0,
                              "Actual Time": 3282.444,
                              "Our Estimated Time": 268.5637967750164,
                              "Actual Rows": 3,
                              "Actual Loops": 121572
                            }
                          ],
                          "Node Type": "Nested Loop",
                          "Postgres Estimated Time": 26.482424292175427,
                          "Actual Time": 379.78999999999996,
                          "Our Estimated Time": 60.50994874817543,
                          "Actual Rows": 383016,
                          "Actual Loops": 1
                        },
                        {
                          "Nodes": [
                            {
                              "Node Type": "Seq Scan",
                              "Postgres Estimated Time": 3.06093683763954,
                              "Actual Time": 23.586,
                              "Our Estimated Time": 3.06093683763954,
                              "Actual Rows": 1,
                              "Actual Loops": 1
                            }
                          ],
                          "Node Type": "Materialize",
                          "Postgres Estimated Time": 23.739929932238837,
                          "Actual Time": -23.586,
                          "Our Estimated Time": 13.3315066,
                          "Actual Rows": 1,
                          "Actual Loops": 383016
                        }
                      ],
                      "Node Type": "Nested Loop",
                      "Postgres Estimated Time": 44.88116601033286,
                      "Actual Time": 402.89900000000034,
                      "Our Estimated Time": 41.61972269936223,
                      "Actual Rows": 154495,
                      "Actual Loops": 1
                    },
                    {
                      "Node Type": "Index Scan",
                      "Postgres Estimated Time": 0,
                      "Actual Time": 15449.5,
                      "Our Estimated Time": 12514.190070175948,
                      "Actual Rows": 1,
                      "Actual Loops": 154495
                    }
                  ],
                  "Node Type": "Nested Loop",
                  "Postgres Estimated Time": 6.313616381079921,
                  "Actual Time": 223.78499999999985,
                  "Our Estimated Time": 14.42604345507992,
                  "Actual Rows": 91314,
                  "Actual Loops": 1
                },
                {
                  "Node Type": "Index Scan",
                  "Postgres Estimated Time": 0,
                  "Actual Time": 47026.71,
                  "Our Estimated Time": 120242.37947178078,
                  "Actual Rows": 0,
                  "Actual Loops": 91314
                }
              ],
              "Node Type": "Nested Loop",
              "Postgres Estimated Time": 6.213555417086491,
              "Actual Time": 90.81200000000536,
              "Our Estimated Time": 7.210063390679581,
              "Actual Rows": 42332,
              "Actual Loops": 1
            },
            {
              "Node Type": "Index Scan",
              "Postgres Estimated Time": 0,
              "Actual Time": 78144.872,
              "Our Estimated Time": 244282.5371326,
              "Actual Rows": 0,
              "Actual Loops": 42332
            }
          ],
          "Node Type": "Nested Loop",
          "Postgres Estimated Time": 0.6914877532338293,
          "Actual Time": 68.66399999998976,
          "Our Estimated Time": 0.8023861058653383,
          "Actual Rows": 4711,
          "Actual Loops": 1
        },
        {
          "Nodes": [
            {
              "Node Type": "Seq Scan",
              "Postgres Estimated Time": 3.0607900561168835,
              "Actual Time": 0.01,
              "Our Estimated Time": 3.0607900561168835,
              "Actual Rows": 1,
              "Actual Loops": 1
            }
          ],
          "Node Type": "Materialize",
          "Postgres Estimated Time": 0.18303559308452924,
          "Actual Time": -0.01,
          "Our Estimated Time": 0.10269980000000001,
          "Actual Rows": 1,
          "Actual Loops": 4711
        }
      ],
      "Node Type": "Nested Loop",
      "Postgres Estimated Time": 0.34574387661691464,
      "Actual Time": 10.714999999996508,
      "Our Estimated Time": 0.5640566158653384,
      "Actual Rows": 4711,
      "Actual Loops": 1
    }
  ],
  "Postgres Estimated Plan Time": 646.1672175002118,
  "Our Qerror": 2.586685812773015,
  "Node Type": "Aggregate",
  "Actual Plan Time": 146123.889,
  "Our Weighted Qerror": 3.042495864665911,
  "Actual Loops": 1
}
