{
  "Postgres Weighted Qerror": 1.0386619219880464,
  "Our Estimated Plan Time": 3277.070453009648,
  "Postgres Estimated Time": 0.0016219358253523998,
  "Postgres Qerror": 2.136288,
  "Nodes": [
    {
      "Postgres Qerror": 1.0,
      "Postgres Estimated Time": 0.1768717348008415,
      "Our Estimated Time": 0.122613318225144,
      "Node Type": "Nested Loop",
      "Actual Rows": 10,
      "Nodes": [
        {
          "Postgres Qerror": 1.0,
          "Postgres Estimated Time": 0.177605642414123,
          "Our Estimated Time": 0.20608940524242397,
          "Node Type": "Nested Loop",
          "Actual Rows": 1210,
          "Nodes": [
            {
              "Postgres Qerror": 1.0,
              "Postgres Estimated Time": 0.000691418225144,
              "Our Estimated Time": 0.001579828225144,
              "Node Type": "Nested Loop",
              "Actual Rows": 10,
              "Nodes": [
                {
                  "Postgres Qerror": 1.0,
                  "Postgres Estimated Time": 0.0048437902476579,
                  "Our Estimated Time": 0.005620620142975199,
                  "Node Type": "Nested Loop",
                  "Actual Rows": 33,
                  "Nodes": [
                    {
                      "Postgres Qerror": 1.0,
                      "Postgres Estimated Time": 0.0048437902476579,
                      "Our Estimated Time": 0.005620620142975199,
                      "Node Type": "Nested Loop",
                      "Actual Rows": 33,
                      "Nodes": [
                        {
                          "Postgres Qerror": 1.0,
                          "Postgres Estimated Time": 0.0001382836450288,
                          "Our Estimated Time": 0.0003159656450288,
                          "Node Type": "Nested Loop",
                          "Actual Rows": 2,
                          "Nodes": [
                            {
                              "Postgres Qerror": 1.0,
                              "Postgres Estimated Time": 202.56363861898694,
                              "Our Estimated Time": 139.63263271822512,
                              "Node Type": "Nested Loop",
                              "Actual Rows": 10,
                              "Nodes": [
                                {
                                  "Postgres Qerror": 1.0,
                                  "Postgres Estimated Time": 459.0105009345344,
                                  "Our Estimated Time": 459.0105009345344,
                                  "Node Type": "Seq Scan",
                                  "Actual Rows": 1380035,
                                  "Actual Loops": 1,
                                  "Our Qerror": 1.0,
                                  "Actual Time": 319.216
                                },
                                {
                                  "Postgres Qerror": 0,
                                  "Postgres Estimated Time": 107.14565886472725,
                                  "Our Estimated Time": 60.169526000000005,
                                  "Node Type": "Materialize",
                                  "Actual Rows": 1,
                                  "Nodes": [
                                    {
                                      "Postgres Qerror": 1.0,
                                      "Postgres Estimated Time": 3.0769360236090764,
                                      "Our Estimated Time": 3.0769360236090764,
                                      "Node Type": "Seq Scan",
                                      "Actual Rows": 1,
                                      "Actual Loops": 1,
                                      "Our Qerror": 1.0,
                                      "Actual Time": 82.527
                                    }
                                  ],
                                  "Actual Loops": 1380035,
                                  "Our Qerror": 0,
                                  "Actual Time": 0
                                }
                              ],
                              "Actual Loops": 1,
                              "Our Qerror": 1.0,
                              "Actual Time": 620.419
                            },
                            {
                              "Postgres Qerror": 1.0,
                              "Postgres Estimated Time": 0.22,
                              "Our Estimated Time": 0.7651919805577841,
                              "Node Type": "Index Scan",
                              "Actual Rows": 0,
                              "Actual Loops": 10,
                              "Our Qerror": 1.0,
                              "Actual Time": 436.28999999999996
                            }
                          ],
                          "Actual Loops": 1,
                          "Our Qerror": 1.0,
                          "Actual Time": 0.06100000000014916
                        },
                        {
                          "Postgres Qerror": 1.0,
                          "Postgres Estimated Time": 1.155,
                          "Our Estimated Time": 0.7222171643043673,
                          "Node Type": "Index Scan",
                          "Actual Rows": 16,
                          "Actual Loops": 2,
                          "Our Qerror": 1.0,
                          "Actual Time": 125.724
                        }
                      ],
                      "Actual Loops": 1,
                      "Our Qerror": 1.0,
                      "Actual Time": 0.08699999999998909
                    },
                    {
                      "Postgres Qerror": 1.0,
                      "Postgres Estimated Time": 0.0028726689052503,
                      "Our Estimated Time": 0.0014388,
                      "Node Type": "Materialize",
                      "Actual Rows": 1,
                      "Nodes": [
                        {
                          "Postgres Qerror": 1.0,
                          "Postgres Estimated Time": 3.061022975217309,
                          "Our Estimated Time": 3.061022975217309,
                          "Node Type": "Seq Scan",
                          "Actual Rows": 2,
                          "Actual Loops": 1,
                          "Our Qerror": 1.0,
                          "Actual Time": 21.95
                        }
                      ],
                      "Actual Loops": 33,
                      "Our Qerror": 1.0,
                      "Actual Time": 0.028000000000002245
                    }
                  ],
                  "Actual Loops": 1,
                  "Our Qerror": 1.0,
                  "Actual Time": 0.07999999999992724
                },
                {
                  "Postgres Qerror": 1.0,
                  "Postgres Estimated Time": 0.2,
                  "Our Estimated Time": 1652.6770857041665,
                  "Node Type": "Index Scan",
                  "Actual Rows": 0,
                  "Actual Loops": 33,
                  "Our Qerror": 1.6526770857041666,
                  "Actual Time": 317.625
                }
              ],
              "Actual Loops": 1,
              "Our Qerror": 1.0,
              "Actual Time": 0.1510000000000673
            },
            {
              "Postgres Qerror": 1.0,
              "Postgres Estimated Time": 33.611111111111114,
              "Our Estimated Time": 954.4809649919762,
              "Node Type": "Index Scan",
              "Actual Rows": 121,
              "Actual Loops": 10,
              "Our Qerror": 1.0,
              "Actual Time": 291.53
            }
          ],
          "Actual Loops": 1,
          "Our Qerror": 1.0,
          "Actual Time": 1.2329999999997199
        },
        {
          "Postgres Qerror": 0,
          "Postgres Estimated Time": 0.0937111180712733,
          "Our Estimated Time": 0.052538,