{
  "Postgres Estimated Plan Time": 65603.3335649231,
  "Node Type": "Aggregate",
  "Our Qerror": 1.0696781853991089,
  "Postgres Estimated Time": 17.25176579275298,
  "Nodes": [
    {
      "Actual Rows": 111101,
      "Node Type": "Nested Loop",
      "Our Qerror": 1.0,
      "Actual Loops": 1,
      "Our Estimated Time": 54.30309189317235,
      "Postgres Estimated Time": 67.63347627424062,
      "Nodes": [
        {
          "Actual Rows": 516327,
          "Node Type": "Nested Loop",
          "Our Qerror": 1.0,
          "Actual Loops": 1,
          "Our Estimated Time": 87.94175565339259,
          "Postgres Estimated Time": 75.78726324855941,
          "Nodes": [
            {
              "Actual Rows": 16470,
              "Node Type": "Nested Loop",
              "Our Qerror": 1.0,
              "Actual Loops": 1,
              "Our Estimated Time": 3.4937303168121683,
              "Postgres Estimated Time": 3.4163399398253826,
              "Nodes": [
                {
                  "Actual Rows": 31510,
                  "Node Type": "Nested Loop",
                  "Our Qerror": 1.0,
                  "Actual Loops": 1,
                  "Our Estimated Time": 4.978038737428744,
                  "Postgres Estimated Time": 2.1786588274287437,
                  "Nodes": [
                    {
                      "Actual Rows": 31510,
                      "Node Type": "Nested Loop",
                      "Our Qerror": 1.0,
                      "Actual Loops": 1,
                      "Our Estimated Time": 4.978038737428744,
                      "Postgres Estimated Time": 2.1786588274287437,
                      "Nodes": [
                        {
                          "Actual Rows": 584222,
                          "Node Type": "Nested Loop",
                          "Our Qerror": 1.143916000000001,
                          "Actual Loops": 1,
                          "Our Estimated Time": 147.92544479300778,
                          "Postgres Estimated Time": 155.99529239648126,
                          "Nodes": [
                            {
                              "Actual Rows": 1354883,
                              "Node Type": "Nested Loop",
                              "Our Qerror": 1.0,
                              "Actual Loops": 1,
                              "Our Estimated Time": 214.0482405167778,
                              "Postgres Estimated Time": 93.67907991377781,
                              "Nodes": [
                                {
                                  "Actual Rows": 459925,
                                  "Node Type": "Nested Loop",
                                  "Our Qerror": 1.2563780000000002,
                                  "Actual Loops": 1,
                                  "Our Estimated Time": 171.43199401993542,
                                  "Postgres Estimated Time": 202.56363861898694,
                                  "Nodes": [
                                    {
                                      "Actual Rows": 1380035,
                                      "Node Type": "Seq Scan",
                                      "Our Qerror": 1.0,
                                      "Actual Loops": 1,
                                      "Our Estimated Time": 459.0105009345344,
                                      "Postgres Estimated Time": 459.0105009345344,
                                      "Actual Time": 387.781,
                                      "Postgres Qerror": 1.0
                                    },
                                    {
                                      "Actual Rows": 1,
                                      "Node Type": "Materialize",
                                      "Our Qerror": 0,
                                      "Actual Loops": 1380035,
                                      "Our Estimated Time": 60.169526000000005,
                                      "Postgres Estimated Time": 107.14565886472725,
                                      "Nodes": [
                                        {
                                          "Actual Rows": 1,
                                          "Node Type": "Seq Scan",
                                          "Our Qerror": 1.0,
                                          "Actual Loops": 1,
                                          "Our Estimated Time": 3.0769360236090764,
                                          "Postgres Estimated Time": 3.0769360236090764,
                                          "Actual Time": 7.522,
                                          "Postgres Qerror": 1.0
                                        }
                                      ],
                                      "Actual Time": 0,
                                      "Postgres Qerror": 0
                                    }
                                  ],
                                  "Actual Time": 1256.3780000000002,
                                  "Postgres Qerror": 1.2563780000000002
                                },
                                {
                                  "Actual Rows": 3,
                                  "Node Type": "Index Scan",
                                  "Our Qerror": 2.3365809537957416,
                                  "Actual Loops": 459925,
                                  "Our Estimated Time": 13970.475937268582,
                                  "Postgres Estimated Time": 47420.905000000006,
                                  "Actual Time": 5979.025,
                                  "Postgres Qerror": 7.931210356203563
                                }
                              ],
                              "Actual Time": 770.7160000000003,
                              "Postgres Qerror": 1.0
                            },
                            {
                              "Actual Rows": 1,
                              "Node Type": "Materialize",
                              "Our Qerror": 0,
                              "Actual Loops": 1354883,
                              "Our Estimated Time": 46.336859200000006,
                              "Postgres Estimated Time": 82.51345467860764,
                              "Nodes": [
                                {
                                  "Actual Rows": 1,
                                  "Node Type": "Seq Scan",
                                  "Our Qerror": 1.0,
                                  "Actual Loops": 1,
                                  "Our Estimated Time": 3.06093683763954,
                                  "Postgres Estimated Time": 3.06093683763954,
                                  "Actual Time": 23.59,
                                  "Postgres Qerror": 1.0
                                }
                              ],
                              "Actual Time": 0,
                              "Postgres Qerror": 0
                            }
                          ],
                          "Actual Time": 1143.916000000001,
                          "Postgres Qerror": 1.143916000000001
                        },
                        {
                          "Actual Rows": 0,
                          "Node Type": "Index Scan",
                          "Our Qerror": 6.499099462243476,
                          "Actual Loops": 584222,
                          "Our Estimated Time": 1618.0697127490798,
                          "Postgres Estimated Time": 630.2,
                          "Actual Time": 10515.996,
                          "Postgres Qerror": 10.515996
                        }
                      ],
                      "Actual Time": 696.872000000003,
                      "Postgres Qerror": 1.0
                    },
                    {
                      "Actual Rows": 1,
                      "Node Type": "Index Scan",