{
  "Node Type": "Aggregate",
  "Postgres Estimated Time": 0.022118816662813998,
  "Actual Rows": 1,
  "Our Estimated Time": 0.022118816662813998,
  "Our Estimated Plan Time": 3485.2619084720213,
  "Actual Loops": 1,
  "Our Qerror": 3.1268683060831397,
  "Postgres Qerror": 10.897955,
  "Our Weighted Qerror": 4.425698680910264,
  "Postgres Weighted Qerror": 5.147677103364439,
  "Actual Time": 0.9130000000004657,
  "Postgres Estimated Plan Time": 800.7752741969317,
  "Nodes": [
    {
      "Node Type": "Nested Loop",
      "Postgres Estimated Time": 0.0208429762171946,
      "Actual Rows": 142,
      "Our Estimated Time": 0.024185698797044797,
      "Postgres Qerror": 1.0,
      "Actual Time": 1.260999999998603,
      "Actual Loops": 1,
      "Our Qerror": 1.0,
      "Nodes": [
        {
          "Node Type": "Nested Loop",
          "Postgres Estimated Time": 0.011155395721878798,
          "Actual Rows": 142,
          "Our Estimated Time": 0.0175078187970448,
          "Postgres Qerror": 1.0,
          "Actual Time": 0.5300000000006548,
          "Actual Loops": 1,
          "Our Qerror": 1.0,
          "Nodes": [
            {
              "Node Type": "Nested Loop",
              "Postgres Estimated Time": 0.010163847909616799,
              "Actual Rows": 147,
              "Our Estimated Time": 0.0232234749096168,
              "Postgres Qerror": 1.0,
              "Actual Time": 1.555000000000291,
              "Actual Loops": 1,
              "Our Qerror": 1.0,
              "Nodes": [
                {
                  "Node Type": "Nested Loop",
                  "Postgres Estimated Time": 202.56363861898694,
                  "Actual Rows": 250,
                  "Our Estimated Time": 139.6492267556286,
                  "Postgres Qerror": 1.0,
                  "Actual Time": 511.74299999999994,
                  "Actual Loops": 1,
                  "Our Qerror": 1.0,
                  "Nodes": [
                    {
                      "Node Type": "Seq Scan",
                      "Postgres Estimated Time": 458.94776691884636,
                      "Actual Rows": 1380035,
                      "Our Estimated Time": 458.94776691884636,
                      "Postgres Qerror": 1.0,
                      "Actual Time": 159.692,
                      "Actual Loops": 1,
                      "Our Qerror": 1.0
                    },
                    {
                      "Node Type": "Materialize",
                      "Postgres Estimated Time": 107.14565886472725,
                      "Actual Rows": 1,
                      "Our Estimated Time": 60.169526000000005,
                      "Postgres Qerror": 0,
                      "Actual Time": 0,
                      "Actual Loops": 1380035,
                      "Our Qerror": 0,
                      "Nodes": [
                        {
                          "Node Type": "Seq Scan",
                          "Postgres Estimated Time": 3.0769360236090764,
                          "Actual Rows": 1,
                          "Our Estimated Time": 3.0769360236090764,
                          "Postgres Qerror": 1.0,
                          "Actual Time": 0.072,
                          "Actual Loops": 1,
                          "Our Qerror": 1.0
                        }
                      ]
                    }
                  ]
                },
                {
                  "Node Type": "Index Scan",
                  "Postgres Estimated Time": 10.290000000000001,
                  "Actual Rows": 1,
                  "Our Estimated Time": 1034.1998903031765,
                  "Postgres Qerror": 6.3715,
                  "Actual Time": 6371.5,
                  "Actual Loops": 250,
                  "Our Qerror": 6.160801272307416
                }
              ]
            },
            {
              "Node Type": "Materialize",
              "Postgres Estimated Time": 0.0060558966110682,
              "Actual Rows": 1,
              "Our Estimated Time": 0.0033136000000000003,
              "Postgres Qerror": 1.0,
              "Actual Time": 0.124,
              "Actual Loops": 147,
              "Our Qerror": 1.0,
              "Nodes": [
                {
                  "Node Type": "Seq Scan",
                  "Postgres Estimated Time": 3.06093683763954,
                  "Actual Rows": 1,
                  "Our Estimated Time": 3.06093683763954,
                  "Postgres Qerror": 1.0,
                  "Actual Time": 0.023,
                  "Actual Loops": 1,
                  "Our Qerror": 1.0
                }
              ]
            }
          ]
        },
        {
          "Node Type": "Index Scan",
          "Postgres Estimated Time": 15.62,
          "Actual Rows": 1,
          "Our Estimated Time": 1786.0672762239553,
          "Postgres Qerror": 3.850614,
          "Actual Time": 3850.614,
          "Actual Loops": 142,
          "Our Qerror": 2.1559176696528706
        }
      ]
    }
  ],
  "Actual Plan Time": 10897.955
}
