{
  "Postgres Estimated Time": 0.1039510606123766,
  "Nodes": [
    {
      "Postgres Estimated Time": 0.0462558792621336,
      "Nodes": [
        {
          "Postgres Estimated Time": 0.0462558792621336,
          "Nodes": [
            {
              "Postgres Estimated Time": 0.053031777868544794,
              "Nodes": [
                {
                  "Postgres Estimated Time": 43.39272797983666,
                  "Nodes": [
                    {
                      "Postgres Estimated Time": 1198.3678032673301,
                      "Node Type": "Seq Scan",
                      "Our Estimated Time": 1198.3678032673301,
                      "Actual Loops": 1,
                      "Actual Rows": 295628,
                      "Actual Time": 1645.704,
                      "Postgres Qerror": 1.373287896681649,
                      "Our Qerror": 1.373287896681649
                    },
                    {
                      "Postgres Estimated Time": 22.9526245529499,
                      "Nodes": [
                        {
                          "Postgres Estimated Time": 3.06093683763954,
                          "Node Type": "Seq Scan",
                          "Our Estimated Time": 3.06093683763954,
                          "Actual Loops": 1,
                          "Actual Rows": 1,
                          "Actual Time": 23.585,
                          "Postgres Qerror": 1.0,
                          "Our Qerror": 1.0
                        }
                      ],
                      "Node Type": "Materialize",
                      "Our Estimated Time": 12.889380800000001,
                      "Actual Loops": 295628,
                      "Actual Rows": 1,
                      "Actual Time": 0,
                      "Postgres Qerror": 0,
                      "Our Qerror": 0
                    }
                  ],
                  "Node Type": "Nested Loop",
                  "Our Estimated Time": 29.96681621436649,
                  "Actual Loops": 1,
                  "Actual Rows": 798,
                  "Actual Time": 133.19000000000005,
                  "Postgres Qerror": 1.0,
                  "Our Qerror": 1.0
                },
                {
                  "Postgres Estimated Time": 590.59,
                  "Node Type": "Index Scan",
                  "Our Estimated Time": 4911.45668710812,
                  "Actual Loops": 798,
                  "Actual Rows": 1,
                  "Actual Time": 9741.984,
                  "Postgres Qerror": 9.741984,
                  "Our Qerror": 1.9835223276164347
                }
              ],
              "Node Type": "Nested Loop",
              "Our Estimated Time": 0.12117282486854479,
              "Actual Loops": 1,
              "Actual Rows": 767,
              "Actual Time": 3.852999999999156,
              "Postgres Qerror": 1.0,
              "Our Qerror": 1.0
            },
            {
              "Postgres Estimated Time": 247.53,
              "Node Type": "Index Scan",
              "Our Estimated Time": 3993.5769195304833,
              "Actual Loops": 767,
              "Actual Rows": 1,
              "Actual Time": 29518.762,
              "Postgres Qerror": 29.518762,
              "Our Qerror": 7.391559645599729
            }
          ],
          "Node Type": "Nested Loop",
          "Our Estimated Time": 0.1056905082621336,
          "Actual Loops": 1,
          "Actual Rows": 669,
          "Actual Time": 5.601999999998952,
          "Postgres Qerror": 1.0,
          "Our Qerror": 1.0
        },
        {
          "Postgres Estimated Time": 0.0,
          "Node Type": "Index Scan",
          "Our Estimated Time": 0,
          "Actual Loops": 669,
          "Actual Rows": 1,
          "Actual Time": 30.774,
          "Postgres Qerror": 0,
          "Our Qerror": 0
        }
      ],
      "Node Type": "Nested Loop",
      "Our Estimated Time": 0.1056905082621336,
      "Actual Loops": 1,
      "Actual Rows": 669,
      "Actual Time": 4.88300000000163,
      "Postgres Qerror": 1.0,
      "Our Qerror": 1.0
    }
  ],
  "Our Estimated Plan Time": 10149.755048659943,
  "Postgres Estimated Plan Time": 2106.143587234761,
  "Our Weighted Qerror": 5.839851519228475,
  "Actual Rows": 1,
  "Postgres Weighted Qerror": 23.576210776350482,
  "Our Qerror": 4.048170404410379,
  "Postgres Qerror": 19.50861197167757,
  "Node Type": "Aggregate",
  "Actual Plan Time": 41087.938,
  "Our Estimated Time": 0.1039510606123766,
  "Actual Loops": 1,
  "Actual Time": 3.1860000000015134
}
