{
  "Postgres Weighted Qerror": 1.6423027545726885,
  "Actual Plan Time": 613582.044,
  "Postgres Qerror": 1.6456318199934044,
  "Actual Rows": 1,
  "Our Estimated Time": 0.0162181994520296,
  "Nodes": [
    {
      "Postgres Estimated Time": 0.015265278356255199,
      "Actual Rows": 104,
      "Actual Loops": 1,
      "Our Qerror": 1.0,
      "Postgres Qerror": 1.0,
      "Node Type": "Nested Loop",
      "Our Estimated Time": 0.0177134695414976,
      "Actual Time": 0.07099999999627471,
      "Nodes": [
        {
          "Postgres Estimated Time": 51625.698888619794,
          "Actual Rows": 104,
          "Actual Loops": 1,
          "Our Qerror": 1.1081685708733306,
          "Postgres Qerror": 1.6076164985717756,
          "Node Type": "Nested Loop",
          "Our Estimated Time": 35586.83119298954,
          "Actual Time": 32113.193000000087,
          "Nodes": [
            {
              "Postgres Estimated Time": 1580.519771998247,
              "Actual Rows": 3140339,
              "Actual Loops": 1,
              "Our Qerror": 1.5805197719982471,
              "Postgres Qerror": 1.5805197719982471,
              "Node Type": "Seq Scan",
              "Our Estimated Time": 1580.519771998247,
              "Actual Time": 484.007
            },
            {
              "Postgres Estimated Time": 27307.294961331216,
              "Actual Rows": 112,
              "Actual Loops": 3140339,
              "Our Qerror": 1.0299635793634125,
              "Postgres Qerror": 1.7289234660841157,
              "Node Type": "Materialize",
              "Our Estimated Time": 15334.903404800003,
              "Actual Time": 15794.391999999993,
              "Nodes": [
                {
                  "Postgres Estimated Time": 40886.43348048034,
                  "Actual Rows": 112,
                  "Actual Loops": 1,
                  "Our Qerror": 1.0203265225072884,
                  "Postgres Qerror": 1.421796426284464,
                  "Node Type": "Nested Loop",
                  "Our Estimated Time": 28184.00028388412,
                  "Actual Time": 28756.882999999914,
                  "Nodes": [
                    {
                      "Postgres Estimated Time": 1573.3230819016756,
                      "Actual Rows": 1012920,
                      "Actual Loops": 1,
                      "Our Qerror": 1.5733230819016755,
                      "Postgres Qerror": 1.5733230819016755,
                      "Node Type": "Seq Scan",
                      "Our Estimated Time": 1573.3230819016756,
                      "Actual Time": 576.76
                    },
                    {
                      "Postgres Estimated Time": 21626.81409546175,
                      "Actual Rows": 275,
                      "Actual Loops": 1012920,
                      "Our Qerror": 1.0175978402410388,
                      "Postgres Qerror": 1.749935498172867,
                      "Node Type": "Materialize",
                      "Our Estimated Time": 12144.910800000001,
                      "Actual Time": 12358.635000000068,
                      "Nodes": [
                        {
                          "Postgres Estimated Time": 33382.882780268046,
                          "Actual Rows": 275,
                          "Actual Loops": 1,
                          "Our Qerror": 1.08918392348145,
                          "Postgres Qerror": 1.580074546774455,
                          "Node Type": "Nested Loop",
                          "Our Estimated Time": 23011.635316801192,
                          "Actual Time": 21127.409999999974,
                          "Nodes": [
                            {
                              "Postgres Estimated Time": 521224.79322775145,
                              "Actual Rows": 8790,
                              "Actual Loops": 1,
                              "Our Qerror": 1.093042401295868,
                              "Postgres Qerror": 1.5856706523337156,
                              "Node Type": "Nested Loop",
                              "Our Estimated Time": 359293.2736480399,
                              "Actual Time": 328709.365,
                              "Nodes": [
                                {
                                  "Postgres Estimated Time": 953.1834924131463,
                                  "Actual Rows": 2609129,
                                  "Actual Loops": 1,
                                  "Our Qerror": 1.0,
                                  "Postgres Qerror": 1.0,
                                  "Node Type": "Seq Scan",
                                  "Our Estimated Time": 953.1834924131463,
                                  "Actual Time": 343.578
                                },
                                {
                                  "Postgres Estimated Time": 275700.6940689435,
                                  "Actual Rows": 1358,
                                  "Actual Loops": 2609129,
                                  "Our Qerror": 1.0240294143832371,
                                  "Postgres Qerror": 1.8235182938799914,
                                  "Node Type": "Materialize",
                                  "Our Estimated Time": 154824.67120840002,
                                  "Actual Time": 151191.62500000003,
                                  "Nodes": [
                                    {
                                      "Postgres Estimated Time": 131.52905454692302,
                                      "Actual Rows": 1361,
                                      "Actual Loops": 1,
                                      "Our Qerror": 1.0,
                                      "Postgres Qerror": 1.0,
                                      "Node Type": "Seq Scan",
                                      "Our Estimated Time": 131.52905454692302,
                                      "Actual Time": 137.857
                                    }
                                  ]
                                }
                              ]
                            },
                            {
                              "Postgres Estimated Time": 17661.805696137613,
                              "Actual Rows": 25874,
                              "Actual Loops": 8790,
                              "Our Qerror": 1.02131864686127,
                              "Postgres Qerror": 1.8191035678014515,
                              "Node Type": "Materialize",
                              "Our Estimated Time": 9916.055256000001,
                              "Actual Time": 9709.071000000004,
                              "Nodes": [
                                {
                                  "Postgres Estimated Time": 4.739281803526614,
                                  "Actual Rows": 25874,
                                  "Actual Loops": 1,
                                  "Our Qerror": 1.0,
                                  "Postgres Qerror": 1.0,
                                  "Node Type": "Nested Loop",
                                  "Our Estimated Time": 5.0558753557375855,
                                  "Actual Time": 9.955999999998312,
                                  "Nodes": [
                                    {
                                      "Postgres Estimated Time": 3.06211108982079,
                                      "Actual Rows": 1,
                                      "Actual Loops": 1,
                                      "Our Qerror": 1.0,
                                      "Postgres Qerror": 1.0,
                                      "Node Type": "Seq Scan",
                                      "Our Estimated Time": 3.06211108982079,