{
  "Our Estimated Plan Time": 658610.31488597,
  "Postgres Weighted Qerror": 1.6461599350858604,
  "Postgres Estimated Time": 0.0162181994520296,
  "Actual Time": 0.21799999999348074,
  "Our Estimated Time": 0.0162181994520296,
  "Actual Loops": 1,
  "Actual Rows": 1,
  "Nodes": [
    {
      "Nodes": [
        {
          "Nodes": [
            {
              "Actual Loops": 1,
              "Postgres Estimated Time": 1580.519771998247,
              "Actual Time": 484.007,
              "Our Estimated Time": 1580.519771998247,
              "Node Type": "Seq Scan",
              "Actual Rows": 3140339
            },
            {
              "Nodes": [
                {
                  "Nodes": [
                    {
                      "Actual Loops": 1,
                      "Postgres Estimated Time": 1573.3230819016756,
                      "Actual Time": 576.76,
                      "Our Estimated Time": 1573.3230819016756,
                      "Node Type": "Seq Scan",
                      "Actual Rows": 1012920
                    },
                    {
                      "Nodes": [
                        {
                          "Nodes": [
                            {
                              "Nodes": [
                                {
                                  "Actual Loops": 1,
                                  "Postgres Estimated Time": 953.1834924131463,
                                  "Actual Time": 343.578,
                                  "Our Estimated Time": 953.1834924131463,
                                  "Node Type": "Seq Scan",
                                  "Actual Rows": 2609129
                                },
                                {
                                  "Nodes": [
                                    {
                                      "Actual Loops": 1,
                                      "Postgres Estimated Time": 131.52905454692302,
                                      "Actual Time": 137.857,
                                      "Our Estimated Time": 131.52905454692302,
                                      "Node Type": "Seq Scan",
                                      "Actual Rows": 1361
                                    }
                                  ],
                                  "Actual Loops": 2609129,
                                  "Postgres Estimated Time": 275700.6940689435,
                                  "Actual Time": 151191.62500000003,
                                  "Our Estimated Time": 154824.67120840002,
                                  "Node Type": "Materialize",
                                  "Actual Rows": 1358
                                }
                              ],
                              "Actual Loops": 1,
                              "Postgres Estimated Time": 521224.79322775145,
                              "Actual Time": 328709.365,
                              "Our Estimated Time": 359293.2736480399,
                              "Node Type": "Nested Loop",
                              "Actual Rows": 8790
                            },
                            {
                              "Nodes": [
                                {
                                  "Nodes": [
                                    {
                                      "Actual Loops": 1,
                                      "Postgres Estimated Time": 3.06211108982079,
                                      "Actual Time": 20.87,
                                      "Our Estimated Time": 3.06211108982079,
                                      "Node Type": "Seq Scan",
                                      "Actual Rows": 1
                                    },
                                    {
                                      "Actual Loops": 1,
                                      "Postgres Estimated Time": 16064.261364543805,
                                      "Actual Time": 12226.313,
                                      "Our Estimated Time": 16064.261364543805,
                                      "Node Type": "Seq Scan",
                                      "Actual Rows": 32288
                                    }
                                  ],
                                  "Actual Loops": 1,
                                  "Postgres Estimated Time": 4.739281803526614,
                                  "Actual Time": 9.955999999998312,
                                  "Our Estimated Time": 5.0558753557375855,
                                  "Node Type": "Nested Loop",
                                  "Actual Rows": 25874
                                }
                              ],
                              "Actual Loops": 8790,
                              "Postgres Estimated Time": 17661.805696137613,
                              "Actual Time": 9709.071000000004,
                              "Our Estimated Time": 9916.055256000001,
                              "Node Type": "Materialize",
                              "Actual Rows": 25874
                            }
                          ],
                          "Actual Loops": 1,
                          "Postgres Estimated Time": 33382.882780268046,
                          "Actual Time": 21127.409999999974,
                          "Our Estimated Time": 23011.635316801192,
                          "Node Type": "Nested Loop",
                          "Actual Rows": 275
                        }
                      ],
                      "Actual Loops": 1012920,
                      "Postgres Estimated Time": 21626.81409546175,
                      "Actual Time": 12358.635000000068,
                      "Our Estimated Time": 12144.910800000001,
                      "Node Type": "Materialize",
                      "Actual Rows": 275
                    }
                  ],
                  "Actual Loops": 1,
                  "Postgres Estimated Time": 40886.43348048034,
                  "Actual Time": 28756.882999999914,
                  "Our Estimated Time": 28184.00028388412,
                  "Node Type": "Nested Loop",
                  "Actual Rows": 112
                }
              ],
              "Actual Loops": 3140339,
              "Postgres Estimated Time": 27307.294961331216,
              "Actual Time": 15794.391999999993,
              "Our Estimated Time": 15334.903404800003,
              "Node Type": "Materialize",
              "Actual Rows": 112
            }
          ],
          "Actual Loops": 1,
          "Postgres Estimated Time": 51625.698888619794,
          "Actual Time": 32113.193000000087,
          "Our Estimated Time": 35586.83119298954,
          "Node Type": "Nested Loop",
          "Actual Rows": 104
        },
        {
          "Nodes": [
            {
              "Actual Loops": 1,
              "Postgres Estimated Time": 3.060557137016458,
              "Actual Time": 21.815,
              "Our Estimated Time": 3.060557137016458,
              "Node Type": "Seq Scan",
              "Actual Rows": 2
            }
          ],
          "Actual Loops": 104,
          "Postgres Estimated Time": 0.008385087615325202,
          "Actual Time": 0.02499999999999858,
          "Our Estimated Time": 0.0045344,
          "Node Type": "Materialize",
          "Actual Rows": 1
        }
      ],
      "Actual Loops": 1,
      "Postgres Estimated Time": 0.015265278356255199,
      "Actual Time": 0.07099999999627471,
      "Our Estimated Time": 0.0177134695414976,
      "Node Type": "Nested Loop",
      "Actual Rows": 104
    }
  ],
  "Our Qerror": 1.0733859005919182,
  "Our Weighted Qerror": 1.0780206507481156,
  "Actual Plan Time": 613582.044,
  "Node Type": "Aggregate",
  "Postgres Estimated Plan Time": 1009730.1357829932,
  "Postgres Qerror": 1.6456318199934044
}
