{
  "Actual Plan Time": 498083.235,
  "Node Type": "Aggregate",
  "Postgres Weighted Qerror": 1.6343177953264687,
  "Actual Rows": 1,
  "Our Weighted Qerror": 1.0665260638094358,
  "Our Estimated Time": 6.91418225144e-05,
  "Actual Time": 0.013999999966472387,
  "Our Estimated Plan Time": 531828.7284937075,
  "Our Qerror": 1.0677507113719809,
  "Postgres Estimated Plan Time": 814712.1937476567,
  "Nodes": [
    {
      "Node Type": "Nested Loop",
      "Nodes": [
        {
          "Node Type": "Nested Loop",
          "Nodes": [
            {
              "Node Type": "Seq Scan",
              "Our Qerror": 1.5805197719982471,
              "Actual Rows": 3140339,
              "Our Estimated Time": 1580.519771998247,
              "Actual Time": 930.97,
              "Actual Loops": 1,
              "Postgres Qerror": 1.5805197719982471,
              "Postgres Estimated Time": 1580.519771998247
            },
            {
              "Node Type": "Materialize",
              "Nodes": [
                {
                  "Node Type": "Nested Loop",
                  "Nodes": [
                    {
                      "Node Type": "Seq Scan",
                      "Our Qerror": 1.0244036342680207,
                      "Actual Rows": 391666,
                      "Our Estimated Time": 1530.3684480973145,
                      "Actual Time": 1567.715,
                      "Actual Loops": 1,
                      "Postgres Qerror": 1.0244036342680207,
                      "Postgres Estimated Time": 1530.3684480973145
                    },
                    {
                      "Node Type": "Materialize",
                      "Nodes": [
                        {
                          "Node Type": "Nested Loop",
                          "Nodes": [
                            {
                              "Node Type": "Nested Loop",
                              "Nodes": [
                                {
                                  "Node Type": "Seq Scan",
                                  "Our Qerror": 1.0,
                                  "Actual Rows": 1,
                                  "Our Estimated Time": 3.06211108982079,
                                  "Actual Time": 0.124,
                                  "Actual Loops": 1,
                                  "Postgres Qerror": 1.0,
                                  "Postgres Estimated Time": 3.06211108982079
                                },
                                {
                                  "Node Type": "Seq Scan",
                                  "Our Qerror": 1.1448210796009202,
                                  "Actual Rows": 1435439,
                                  "Our Estimated Time": 13347.277781946836,
                                  "Actual Time": 11658.833,
                                  "Actual Loops": 1,
                                  "Postgres Qerror": 1.1448210796009202,
                                  "Postgres Estimated Time": 13347.277781946836
                                }
                              ],
                              "Actual Rows": 13,
                              "Our Estimated Time": 145.23861686369267,
                              "Our Qerror": 1.0,
                              "Actual Time": 182.8140000000003,
                              "Actual Loops": 1,
                              "Postgres Qerror": 1.0,
                              "Postgres Estimated Time": 210.6959221002366
                            },
                            {
                              "Node Type": "Materialize",
                              "Nodes": [
                                {
                                  "Node Type": "Nested Loop",
                                  "Nodes": [
                                    {
                                      "Node Type": "Seq Scan",
                                      "Our Qerror": 1.0,
                                      "Actual Rows": 2609129,
                                      "Our Estimated Time": 953.1834924131463,
                                      "Actual Time": 330.578,
                                      "Actual Loops": 1,
                                      "Postgres Qerror": 1.0,
                                      "Postgres Estimated Time": 953.1834924131463
                                    },
                                    {
                                      "Node Type": "Materialize",
                                      "Nodes": [
                                        {
                                          "Node Type": "Seq Scan",
                                          "Our Qerror": 1.0,
                                          "Actual Rows": 1361,
                                          "Our Estimated Time": 131.52905454692302,
                                          "Actual Time": 137.87,
                                          "Actual Loops": 1,
                                          "Postgres Qerror": 1.0,
                                          "Postgres Estimated Time": 131.52905454692302
                                        }
                                      ],
                                      "Actual Rows": 1358,
                                      "Our Estimated Time": 154824.67120840002,
                                      "Our Qerror": 1.0066575115421583,
                                      "Actual Time": 153800.741,
                                      "Actual Loops": 2609129,
                                      "Postgres Qerror": 1.7925836525647394,
                                      "Postgres Estimated Time": 275700.6940689435
                                    }
                                  ],
                                  "Actual Rows": 8790,
                                  "Our Estimated Time": 359293.2736480399,
                                  "Our Qerror": 1.0938152111373671,
                                  "Actual Time": 328477.12299999996,
                                  "Actual Loops": 1,
                                  "Postgres Qerror": 1.5867917633574484,
                                  "Postgres Estimated Time": 521224.79322775145
                                }
                              ],
                              "Actual Rows": 8790,
                              "Our Estimated Time": 4.982172,
                              "Our Qerror": 1.0,
                              "Actual Time": 9.286000000021886,
                              "Actual Loops": 13,
                              "Postgres Qerror": 1.0,
                              "Postgres Estimated Time": 10.236794463709517
                            }
                          ],
                          "Actual Rows": 0,
                          "Our Estimated Time": 11.561838600000002,
                          "Our Qerror": 1.0,
                          "Actual Time": 15.4539999999688,
                          "Actual Loops": 1,
                          "Postgres Qerror": 1.0,
                          "Postgres Estimated Time": 16.7727245939354
                        }
                      ],
                      "Actual Rows": 0,
                      "Our Estimated Time": 0.0,
                      "Our Qerror": 0,
                      "Actual Time": 61.33499999996275,
                      "Actual Loops": 391666,
                      "Postgres Qerror": 0,
                      "Postgres Estimated Time": 0.0
                    }
                  ],
                  "Actual Rows": 0,
                  "Our Estimated Time": 0.0,
                  "Our Qerror": 0,
                  "Actual Time": 92.99300000001676,
                  "Actual Loops": 1,
                  "Postgres Qerror": 0,
                  "Postgres Estimated Time": 0.0
                }
              ],
              "Actual Rows": 0,