{
  "Actual Plan Time": 498083.235,
  "Postgres Estimated Time": 6.91418225144e-05,
  "Our Estimated Plan Time": 531828.7284937075,
  "Our Qerror": 1.0677507113719809,
  "Actual Loops": 1,
  "Our Estimated Time": 6.91418225144e-05,
  "Actual Time": 0.013999999966472387,
  "Postgres Estimated Plan Time": 814712.1937476567,
  "Nodes": [
    {
      "Our Estimated Time": 0.0,
      "Actual Time": 0.0010000000474974513,
      "Postgres Estimated Time": 0.0,
      "Node Type": "Nested Loop",
      "Nodes": [
        {
          "Our Estimated Time": 0.0,
          "Actual Time": 978.6880000000237,
          "Postgres Estimated Time": 0.0,
          "Node Type": "Nested Loop",
          "Nodes": [
            {
              "Our Estimated Time": 1580.519771998247,
              "Actual Time": 930.97,
              "Postgres Estimated Time": 1580.519771998247,
              "Node Type": "Seq Scan",
              "Actual Rows": 3140339,
              "Actual Loops": 1
            },
            {
              "Our Estimated Time": 0.0,
              "Actual Time": -161.30400000000373,
              "Postgres Estimated Time": 0.0,
              "Node Type": "Materialize",
              "Nodes": [
                {
                  "Our Estimated Time": 0.0,
                  "Actual Time": 92.99300000001676,
                  "Postgres Estimated Time": 0.0,
                  "Node Type": "Nested Loop",
                  "Nodes": [
                    {
                      "Our Estimated Time": 1530.3684480973145,
                      "Actual Time": 1567.715,
                      "Postgres Estimated Time": 1530.3684480973145,
                      "Node Type": "Seq Scan",
                      "Actual Rows": 391666,
                      "Actual Loops": 1
                    },
                    {
                      "Our Estimated Time": 0.0,
                      "Actual Time": 61.33499999996275,
                      "Postgres Estimated Time": 0.0,
                      "Node Type": "Materialize",
                      "Nodes": [
                        {
                          "Our Estimated Time": 11.561838600000002,
                          "Actual Time": 15.4539999999688,
                          "Postgres Estimated Time": 16.7727245939354,
                          "Node Type": "Nested Loop",
                          "Nodes": [
                            {
                              "Our Estimated Time": 145.23861686369267,
                              "Actual Time": 182.8140000000003,
                              "Postgres Estimated Time": 210.6959221002366,
                              "Node Type": "Nested Loop",
                              "Nodes": [
                                {
                                  "Our Estimated Time": 3.06211108982079,
                                  "Actual Time": 0.124,
                                  "Postgres Estimated Time": 3.06211108982079,
                                  "Node Type": "Seq Scan",
                                  "Actual Rows": 1,
                                  "Actual Loops": 1
                                },
                                {
                                  "Our Estimated Time": 13347.277781946836,
                                  "Actual Time": 11658.833,
                                  "Postgres Estimated Time": 13347.277781946836,
                                  "Node Type": "Seq Scan",
                                  "Actual Rows": 1435439,
                                  "Actual Loops": 1
                                }
                              ],
                              "Actual Rows": 13,
                              "Actual Loops": 1
                            },
                            {
                              "Our Estimated Time": 4.982172,
                              "Actual Time": 9.286000000021886,
                              "Postgres Estimated Time": 10.236794463709517,
                              "Node Type": "Materialize",
                              "Nodes": [
                                {
                                  "Our Estimated Time": 359293.2736480399,
                                  "Actual Time": 328477.12299999996,
                                  "Postgres Estimated Time": 521224.79322775145,
                                  "Node Type": "Nested Loop",
                                  "Nodes": [
                                    {
                                      "Our Estimated Time": 953.1834924131463,
                                      "Actual Time": 330.578,
                                      "Postgres Estimated Time": 953.1834924131463,
                                      "Node Type": "Seq Scan",
                                      "Actual Rows": 2609129,
                                      "Actual Loops": 1
                                    },
                                    {
                                      "Our Estimated Time": 154824.67120840002,
                                      "Actual Time": 153800.741,
                                      "Postgres Estimated Time": 275700.6940689435,
                                      "Node Type": "Materialize",
                                      "Nodes": [
                                        {
                                          "Our Estimated Time": 131.52905454692302,
                                          "Actual Time": 137.87,
                                          "Postgres Estimated Time": 131.52905454692302,
                                          "Node Type": "Seq Scan",
                                          "Actual Rows": 1361,
                                          "Actual Loops": 1
                                        }
                                      ],
                                      "Actual Rows": 1358,
                                      "Actual Loops": 2609129
                                    }
                                  ],
                                  "Actual Rows": 8790,
                                  "Actual Loops": 1
                                }
                              ],
                              "Actual Rows": 8790,
                              "Actual Loops": 13
                            }
                          ],
                          "Actual Rows": 0,
                          "Actual Loops": 1
                        }
                      ],
                      "Actual Rows": 0,
                      "Actual Loops": 391666
                    }
                  ],
                  "Actual Rows": 0,
                  "Actual Loops": 1
                }
              ],
              "Actual Rows": 0,
              "Actual Loops": 3140339
            }
          ],
          "Actual Rows": 0,
          "Actual Loops": 1
        },
        {
          "Our Estimated Time": 0.0,
          "Actual Time": 0.0,
          "Postgres Estimated Time": 0.0,
          "Node Type": "Materialize",
          "Nodes": [
            {
              "Our Estimated Time": 3.0602805697264,
              "Actual Time": 0.0,
              "Postgres Estimated Time": 3.0602805697264,
              "Node Type": "Seq Scan",
              "Actual Rows": 0,
              "Actual Loops": 0
            }
          ],
          "Actual Rows": 0,
          "Actual Loops": 0
        }
      ],
      "Actual Rows": 0,
      "Actual Loops": 1
    }
  ],
  "Node Type": "Aggregate",
  "Our Weighted Qerror": 1.0681415268394092,
  "Postgres Qerror": 1.6356948728612732,
  "Actual Rows": 1,
  "Postgres Weighted Qerror": 1.6358722859463273
}
