{
  "Our Estimated Plan Time": 105447.26894926367,
  "Actual Loops": 1,
  "Actual Time": 16.770000000004075,
  "Our Qerror": 1.0274644955682046,
  "Node Type": "Aggregate",
  "Our Estimated Time": 0.0482057559104924,
  "Actual Plan Time": 108343.325,
  "Postgres Estimated Time": 0.0482057559104924,
  "Postgres Qerror": 1.4859891111370447,
  "Nodes": [
    {
      "Postgres Estimated Time": 53729.89920412232,
      "Postgres Qerror": 1.3032238783496883,
      "Actual Loops": 1,
      "Nodes": [
        {
          "Postgres Estimated Time": 1762.5445624725417,
          "Postgres Qerror": 1.7625445624725418,
          "Actual Loops": 1,
          "Actual Time": 625.693,
          "Our Estimated Time": 1762.5445624725417,
          "Node Type": "Seq Scan",
          "Actual Rows": 910581,
          "Our Qerror": 1.7625445624725418
        },
        {
          "Postgres Estimated Time": 28420.351211873316,
          "Postgres Qerror": 1.772459943297781,
          "Actual Loops": 910581,
          "Nodes": [
            {
              "Postgres Estimated Time": 0.0324387165070423,
              "Postgres Qerror": 1.0,
              "Actual Loops": 1,
              "Nodes": [
                {
                  "Postgres Estimated Time": 7238.72777059884,
                  "Postgres Qerror": 1.341325089762992,
                  "Actual Loops": 1,
                  "Nodes": [
                    {
                      "Postgres Estimated Time": 171.26483406606363,
                      "Postgres Qerror": 1.0,
                      "Actual Loops": 1,
                      "Actual Time": 101.535,
                      "Our Estimated Time": 171.26483406606363,
                      "Node Type": "Seq Scan",
                      "Actual Rows": 48302,
                      "Our Qerror": 1.0
                    },
                    {
                      "Postgres Estimated Time": 3829.064545243079,
                      "Postgres Qerror": 1.6479826197545773,
                      "Actual Loops": 48302,
                      "Nodes": [
                        {
                          "Postgres Estimated Time": 37154.19196219081,
                          "Postgres Qerror": 1.4552241415945593,
                          "Actual Loops": 1,
                          "Nodes": [
                            {
                              "Postgres Estimated Time": 1063.3031890477766,
                              "Postgres Qerror": 1.0633031890477767,
                              "Actual Loops": 1,
                              "Actual Time": 529.923,
                              "Our Estimated Time": 1063.3031890477766,
                              "Node Type": "Seq Scan",
                              "Actual Rows": 1271989,
                              "Our Qerror": 1.0633031890477767
                            },
                            {
                              "Postgres Estimated Time": 19652.64296481591,
                              "Postgres Qerror": 1.849562161147752,
                              "Actual Loops": 1271989,
                              "Nodes": [
                                {
                                  "Postgres Estimated Time": 3582.843027865783,
                                  "Postgres Qerror": 1.5344055204469809,
                                  "Actual Loops": 1,
                                  "Nodes": [
                                    {
                                      "Postgres Estimated Time": 8.806010670242062,
                                      "Postgres Qerror": 1.0,
                                      "Actual Loops": 1,
                                      "Nodes": [
                                        {
                                          "Postgres Estimated Time": 12.289830340383311,
                                          "Postgres Qerror": 1.0,
                                          "Actual Loops": 1,
                                          "Actual Time": 36.617,
                                          "Our Estimated Time": 12.289830340383311,
                                          "Node Type": "Seq Scan",
                                          "Actual Rows": 29997,
                                          "Our Qerror": 1.0
                                        },
                                        {
                                          "Postgres Estimated Time": 4.658226729113716,
                                          "Postgres Qerror": 0,
                                          "Actual Loops": 29997,
                                          "Nodes": [
                                            {
                                              "Postgres Estimated Time": 3.0630609207792423,
                                              "Postgres Qerror": 1.0,
                                              "Actual Loops": 1,
                                              "Actual Time": 0.128,
                                              "Our Estimated Time": 3.0630609207792423,
                                              "Node Type": "Seq Scan",
                                              "Actual Rows": 2,
                                              "Our Qerror": 1.0
                                            }
                                          ],
                                          "Actual Time": 0,
                                          "Our Estimated Time": 2.6157384,
                                          "Node Type": "Materialize",
                                          "Actual Rows": 2,
                                          "Our Qerror": 0
                                        }
                                      ],
                                      "Actual Time": 15.241,
                                      "Our Estimated Time": 6.230256239120836,
                                      "Node Type": "Nested Loop",
                                      "Actual Rows": 2315,
                                      "Our Qerror": 1.0
                                    },
                                    {
                                      "Postgres Estimated Time": 1896.7726570522805,
                                      "Postgres Qerror": 1.7711750891317688,
                                      "Actual Loops": 2315,
                                      "Nodes": [
                                        {
                                          "Postgres Estimated Time": 664.0293337905152,
                                          "Postgres Qerror": 1.752842,
                                          "Actual Loops": 1,
                                          "Nodes": [
                                            {
                                              "Postgres Estimated Time": 1395.6632536341974,
                                              "Postgres Qerror": 1.3956632536341975,
                                              "Actual Loops": 1,
                                              "Actual Time": 699.676,
                                              "Our Estimated Time": 1395.6632536341974,
                                              "Node Type": "Seq Scan",
                                              "Actual Rows": 4523930,
                                              "Our Qerror": 1.3956632536341975
                                            },
                                            {
                                              "Postgres Estimated Time": 351.236723942346,
                                              "Postgres Qerror": 0,
                                              "Actual Loops": 4523930,
                                              "Nodes": [
                                                {
                                                  "Postgres Estimated Time": 52.48995004245668,