{
  "Our Weighted Qerror": 1.0756674784802864,
  "Actual Time": 16.770000000004075,
  "Postgres Estimated Time": 0.0241374488665034,
  "Node Type": "Aggregate",
  "Postgres Estimated Plan Time": 160996.9771460749,
  "Our Qerror": 1.0274647300867166,
  "Our Estimated Time": 0.0241374488665034,
  "Actual Loops": 1,
  "Nodes": [
    {
      "Actual Time": 41228.44899999999,
      "Postgres Estimated Time": 53729.89920412232,
      "Actual Rows": 310,
      "Actual Loops": 1,
      "Nodes": [
        {
          "Actual Time": 625.693,
          "Postgres Estimated Time": 1762.5445624725417,
          "Actual Rows": 910581,
          "Actual Loops": 1,
          "Node Type": "Seq Scan",
          "Our Qerror": 1.7625445624725418,
          "Postgres Qerror": 1.7625445624725418,
          "Our Estimated Time": 1762.5445624725417
        },
        {
          "Actual Time": 16034.411,
          "Postgres Estimated Time": 28420.351211873316,
          "Actual Rows": 402,
          "Actual Loops": 910581,
          "Nodes": [
            {
              "Actual Time": 0.3400000000037835,
              "Postgres Estimated Time": 0.0324387165070423,
              "Actual Rows": 402,
              "Actual Loops": 1,
              "Nodes": [
                {
                  "Actual Time": 5396.698999999993,
                  "Postgres Estimated Time": 7238.72777059884,
                  "Actual Rows": 422,
                  "Actual Loops": 1,
                  "Nodes": [
                    {
                      "Actual Time": 101.535,
                      "Postgres Estimated Time": 171.26483406606363,
                      "Actual Rows": 48302,
                      "Actual Loops": 1,
                      "Node Type": "Seq Scan",
                      "Our Qerror": 1.0,
                      "Postgres Qerror": 1.0,
                      "Our Estimated Time": 171.26483406606363
                    },
                    {
                      "Actual Time": 2323.485999999997,
                      "Postgres Estimated Time": 3829.064545243079,
                      "Actual Rows": 1021,
                      "Actual Loops": 48302,
                      "Nodes": [
                        {
                          "Actual Time": 25531.594000000005,
                          "Postgres Estimated Time": 37154.19196219081,
                          "Actual Rows": 1021,
                          "Actual Loops": 1,
                          "Nodes": [
                            {
                              "Actual Time": 529.923,
                              "Postgres Estimated Time": 1063.3031890477766,
                              "Actual Rows": 1271989,
                              "Actual Loops": 1,
                              "Node Type": "Seq Scan",
                              "Our Qerror": 1.0633031890477767,
                              "Postgres Qerror": 1.0633031890477767,
                              "Our Estimated Time": 1063.3031890477766
                            },
                            {
                              "Actual Time": 10625.564999999999,
                              "Postgres Estimated Time": 19652.64296481591,
                              "Actual Rows": 199,
                              "Actual Loops": 1271989,
                              "Nodes": [
                                {
                                  "Actual Time": 2335.0040000000004,
                                  "Postgres Estimated Time": 3582.843027865783,
                                  "Actual Rows": 199,
                                  "Actual Loops": 1,
                                  "Nodes": [
                                    {
                                      "Actual Time": 15.241,
                                      "Postgres Estimated Time": 8.806010670242062,
                                      "Actual Rows": 2315,
                                      "Actual Loops": 1,
                                      "Nodes": [
                                        {
                                          "Actual Time": 36.617,
                                          "Postgres Estimated Time": 12.289830340383311,
                                          "Actual Rows": 29997,
                                          "Actual Loops": 1,
                                          "Node Type": "Seq Scan",
                                          "Our Qerror": 1.0,
                                          "Postgres Qerror": 1.0,
                                          "Our Estimated Time": 12.289830340383311
                                        },
                                        {
                                          "Actual Time": 0,
                                          "Postgres Estimated Time": 4.658226729113716,
                                          "Actual Rows": 2,
                                          "Actual Loops": 29997,
                                          "Nodes": [
                                            {
                                              "Actual Time": 0.128,
                                              "Postgres Estimated Time": 3.0630609207792423,
                                              "Actual Rows": 2,
                                              "Actual Loops": 1,
                                              "Node Type": "Seq Scan",
                                              "Our Qerror": 1.0,
                                              "Postgres Qerror": 1.0,
                                              "Our Estimated Time": 3.0630609207792423
                                            }
                                          ],
                                          "Node Type": "Materialize",
                                          "Our Qerror": 0,
                                          "Postgres Qerror": 0,
                                          "Our Estimated Time": 2.6157384
                                        }
                                      ],
                                      "Node Type": "Nested Loop",
                                      "Our Qerror": 1.0,
                                      "Postgres Qerror": 1.0,
                                      "Our Estimated Time": 6.230256239120836
                                    },
                                    {
                                      "Actual Time": 1070.9119999999998,
                                      "Postgres Estimated Time": 1896.7726570522805,
                                      "Actual Rows": 10544,
                                      "Actual Loops": 2315,
                                      "Nodes": [
                                        {
                                          "Actual Time": 1752.842,
                                          "Postgres Estimated Time": 664.0293337905152,
                                          "Actual Rows": 10544,
                                          "Actual Loops": 1,
                                          "Nodes": [
                                            {
                                              "Actual Time": 699.676,
                                              "Postgres Estimated Time": 1395.6632536341974,
                                              "Actual Rows": 4523930,
                                              "Actual Loops": 1,
                                              "Node Type": "Seq Scan",
                                              "Our Qerror": 1.3956632536341975,
                                              "Postgres Qerror": 1.3956632536341975,
                                              "Our Estimated Time": 1395.6632536341974
                                            },
                                            {
                                              "Actual Time": 0,