{
  "Actual Plan Time": 5516.154,
  "Node Type": "Aggregate",
  "Actual Time": 0.05700000000069849,
  "Our Estimated Plan Time": 5325.214710074964,
  "Postgres Estimated Plan Time": 5832.632729604458,
  "Our Weighted Qerror": 2.8035426631637064,
  "Our Qerror": 1.035855697905249,
  "Postgres Qerror": 1.057373077257172,
  "Nodes": [
    {
      "Nodes": [
        {
          "Nodes": [
            {
              "Node Type": "Seq Scan",
              "Actual Time": 28.25,
              "Actual Loops": 1,
              "Actual Rows": 29997,
              "Our Estimated Time": 12.289830340383311,
              "Postgres Estimated Time": 12.289830340383311
            },
            {
              "Nodes": [
                {
                  "Nodes": [
                    {
                      "Nodes": [
                        {
                          "Node Type": "Seq Scan",
                          "Actual Time": 145.486,
                          "Actual Loops": 1,
                          "Actual Rows": 48302,
                          "Our Estimated Time": 171.26483406606363,
                          "Postgres Estimated Time": 171.26483406606363
                        },
                        {
                          "Nodes": [
                            {
                              "Nodes": [
                                {
                                  "Node Type": "Seq Scan",
                                  "Actual Time": 718.57,
                                  "Actual Loops": 1,
                                  "Actual Rows": 1271989,
                                  "Our Estimated Time": 1063.3031890477766,
                                  "Postgres Estimated Time": 1063.3031890477766
                                },
                                {
                                  "Nodes": [
                                    {
                                      "Nodes": [
                                        {
                                          "Nodes": [
                                            {
                                              "Node Type": "Seq Scan",
                                              "Actual Time": 472.652,
                                              "Actual Loops": 1,
                                              "Actual Rows": 4523930,
                                              "Our Estimated Time": 1395.6632536341974,
                                              "Postgres Estimated Time": 1395.6632536341974
                                            },
                                            {
                                              "Nodes": [
                                                {
                                                  "Node Type": "Seq Scan",
                                                  "Actual Time": 91.844,
                                                  "Actual Loops": 1,
                                                  "Actual Rows": 1,
                                                  "Our Estimated Time": 52.48995004245668,
                                                  "Postgres Estimated Time": 52.48995004245668
                                                }
                                              ],
                                              "Node Type": "Materialize",
                                              "Actual Time": -91.844,
                                              "Actual Loops": 4523930,
                                              "Actual Rows": 1,
                                              "Our Estimated Time": 197.24334800000003,
                                              "Postgres Estimated Time": 351.236723942346
                                            }
                                          ],
                                          "Node Type": "Nested Loop",
                                          "Actual Time": 1669.3319999999999,
                                          "Actual Loops": 1,
                                          "Actual Rows": 10544,
                                          "Our Estimated Time": 458.4602687765918,
                                          "Postgres Estimated Time": 664.0293337905152
                                        },
                                        {
                                          "Nodes": [
                                            {
                                              "Node Type": "Seq Scan",
                                              "Actual Time": 1862.028,
                                              "Actual Loops": 1,
                                              "Actual Rows": 36,
                                              "Our Estimated Time": 1699.5878216911674,
                                              "Postgres Estimated Time": 1699.5878216911674
                                            }
                                          ],
                                          "Node Type": "Materialize",
                                          "Actual Time": 14.80399999999986,
                                          "Actual Loops": 10544,
                                          "Actual Rows": 36,
                                          "Our Estimated Time": 16.5490776,
                                          "Postgres Estimated Time": 29.474980482470635
                                        }
                                      ],
                                      "Node Type": "Nested Loop",
                                      "Actual Time": 44.233000000000175,
                                      "Actual Loops": 1,
                                      "Actual Rows": 1,
                                      "Our Estimated Time": 38.40455702182252,
                                      "Postgres Estimated Time": 55.71327542856116
                                    }
                                  ],
                                  "Node Type": "Materialize",
                                  "Actual Time": -247.08199999999988,
                                  "Actual Loops": 1271989,
                                  "Actual Rows": 1,
                                  "Our Estimated Time": 55.458720400000004,
                                  "Postgres Estimated Time": 98.75699982319553
                                }
                              ],
                              "Node Type": "Nested Loop",
                              "Actual Time": 704.0149999999994,
                              "Actual Loops": 1,
                              "Actual Rows": 3,
                              "Our Estimated Time": 128.70005444546754,
                              "Postgres Estimated Time": 186.70448222206437
                            }
                          ],
                          "Node Type": "Materialize",
                          "Actual Time": 26.365999999999985,
                          "Actual Loops": 48302,
                          "Actual Rows": 3,
                          "Our Estimated Time": 6.317901600000001,
                          "Postgres Estimated Time": 11.250924226963013
                        }
                      ],
                      "Node Type": "Nested Loop",
                      "Actual Time": 16.712000000000444,
                      "Actual Loops": 1,
                      "Actual Rows": 2,
                      "Our Estimated Time": 14.661727363645028,
                      "Postgres Estimated Time": 21.269523322033805
                    },
                    {
                      "Nodes": [
                        {
                          "Node Type": "Seq Scan",
                          "Actual Time": 23.026,
                          "Actual Loops": 1,
                          "Actual Rows": 1,