{
  "Our Weighted Qerror": 1.2308739766660153,
  "Our Qerror": 1.1392054629057302,
  "Actual Time": 0.052999999999883585,
  "Actual Plan Time": 19675.809,
  "Postgres Qerror": 2.461914111962874,
  "Postgres Estimated Plan Time": 48440.15184138613,
  "Our Estimated Time": 0.0016219358253523998,
  "Our Estimated Plan Time": 22414.789099889735,
  "Postgres Weighted Qerror": 2.4764160156616053,
  "Actual Loops": 1,
  "Nodes": [
    {
      "Our Estimated Time": 210.91315555841138,
      "Actual Time": 0.005000000004656613,
      "Actual Loops": 1,
      "Nodes": [
        {
          "Our Estimated Time": 0.0009104124542247746,
          "Actual Time": 0.059999999997671694,
          "Actual Loops": 1,
          "Nodes": [
            {
              "Our Estimated Time": 331.4320829433118,
              "Actual Time": 0.007000000001426088,
              "Actual Loops": 1,
              "Nodes": [
                {
                  "Our Estimated Time": 0.0009104124953716685,
                  "Actual Time": 0.016999999999825377,
                  "Actual Loops": 1,
                  "Nodes": [
                    {
                      "Our Estimated Time": 5.925007866653878,
                      "Actual Time": 6.232999999996537,
                      "Actual Loops": 1,
                      "Nodes": [
                        {
                          "Our Estimated Time": 0.0027108650629665072,
                          "Actual Time": 0.03600000000005821,
                          "Actual Loops": 1,
                          "Nodes": [
                            {
                              "Our Estimated Time": 180.410704289324,
                              "Actual Time": 185.4240000000027,
                              "Actual Loops": 1,
                              "Nodes": [
                                {
                                  "Our Estimated Time": 120.93853292631442,
                                  "Actual Time": 238.40499999999884,
                                  "Actual Loops": 1,
                                  "Nodes": [
                                    {
                                      "Our Estimated Time": 0.001915081841328832,
                                      "Actual Time": 0.03299999999944703,
                                      "Actual Loops": 1,
                                      "Nodes": [
                                        {
                                          "Our Estimated Time": 160.21056530034411,
                                          "Actual Time": 121.52399999999943,
                                          "Actual Loops": 1,
                                          "Nodes": [
                                            {
                                              "Our Estimated Time": 1446.3731018424596,
                                              "Actual Time": 1695.8499999999997,
                                              "Actual Loops": 1,
                                              "Nodes": [
                                                {
                                                  "Our Estimated Time": 1580.457037982559,
                                                  "Actual Time": 1224.89,
                                                  "Actual Loops": 1,
                                                  "Node Type": "Seq Scan",
                                                  "Actual Rows": 3140339,
                                                  "Postgres Estimated Time": 1580.457037982559
                                                }
                                              ],
                                              "Node Type": "Sort",
                                              "Actual Rows": 881592,
                                              "Postgres Estimated Time": 10768.083092378885
                                            },
                                            {
                                              "Our Estimated Time": 451.39597489690306,
                                              "Actual Time": 317.5060000000012,
                                              "Actual Loops": 1,
                                              "Nodes": [
                                                {
                                                  "Our Estimated Time": 13347.15231391546,
                                                  "Actual Time": 11669.516,
                                                  "Actual Loops": 1,
                                                  "Node Type": "Seq Scan",
                                                  "Actual Rows": 1435439,
                                                  "Postgres Estimated Time": 13347.15231391546
                                                }
                                              ],
                                              "Node Type": "Sort",
                                              "Actual Rows": 16,
                                              "Postgres Estimated Time": 4670.313731094318
                                            }
                                          ],
                                          "Node Type": "Merge Join",
                                          "Actual Rows": 15,
                                          "Postgres Estimated Time": 179.89592125049097
                                        }
                                      ],
                                      "Node Type": "Sort",
                                      "Actual Rows": 15,
                                      "Postgres Estimated Time": 0.010264489932036134
                                    },
                                    {
                                      "Our Estimated Time": 779.035918127226,
                                      "Actual Time": 1120.0360000000003,
                                      "Actual Loops": 1,
                                      "Nodes": [
                                        {
                                          "Our Estimated Time": 1624.1878401485517,
                                          "Actual Time": 1321.331,
                                          "Actual Loops": 1,
                                          "Node Type": "Seq Scan",
                                          "Actual Rows": 1749032,
                                          "Postgres Estimated Time": 1624.1878401485517
                                        }
                                      ],
                                      "Node Type": "Sort",
                                      "Actual Rows": 1740105,
                                      "Postgres Estimated Time": 5768.0335547096865
                                    }
                                  ],
                                  "Node Type": "Merge Join",
                                  "Actual Rows": 12,
                                  "Postgres Estimated Time": 135.7973479668932
                                },
                                {
                                  "Our Estimated Time": 1047.6874194921113,
                                  "Actual Time": 1061.251,
                                  "Actual Loops": 1,
                                  "Nodes": [
                                    {
                                      "Our Estimated Time": 953.0893913896143,
                                      "Actual Time": 541.296,
                                      "Actual Loops": 1,
                                      "Node Type": "Seq Scan",
                                      "Actual Rows": 2609129,
                                      "Postgres Estimated Time": 953.0893913896143
                                    }
                                  ],
                                  "Node Type": "Sort",