{
  "Postgres Estimated Plan Time": 25035.317676981897,
  "Nodes": [
    {
      "Actual Time": 0.00799999999890133,
      "Postgres Estimated Time": 0.0034161468062436,
      "Nodes": [
        {
          "Actual Time": 0.09100000000034925,
          "Postgres Estimated Time": 0.0339163200121664,
          "Nodes": [
            {
              "Actual Time": 0.025000000000545697,
              "Postgres Estimated Time": 0.0119565138218526,
              "Nodes": [
                {
                  "Actual Time": 0.06899999999950523,
                  "Postgres Estimated Time": 0.1828702177349408,
                  "Nodes": [
                    {
                      "Actual Time": 6.6140000000004875,
                      "Postgres Estimated Time": 351.26312144039423,
                      "Nodes": [
                        {
                          "Actual Time": 0.04100000000016735,
                          "Postgres Estimated Time": 0.0339163200121664,
                          "Nodes": [
                            {
                              "Actual Time": 1.8859999999999673,
                              "Postgres Estimated Time": 3.7604788763729267,
                              "Nodes": [
                                {
                                  "Actual Time": 0.03999999999996362,
                                  "Postgres Estimated Time": 0.05605193971737772,
                                  "Nodes": [
                                    {
                                      "Actual Time": 0.01900000000023283,
                                      "Postgres Estimated Time": 0.013354028424406802,
                                      "Nodes": [
                                        {
                                          "Actual Time": 0.042999999999665306,
                                          "Postgres Estimated Time": 0.05605193971737772,
                                          "Nodes": [
                                            {
                                              "Actual Time": 3.242999999999938,
                                              "Postgres Estimated Time": 98.76717062391411,
                                              "Nodes": [
                                                {
                                                  "Actual Time": 3.0920000000000982,
                                                  "Postgres Estimated Time": 2.334703422967075,
                                                  "Nodes": [
                                                    {
                                                      "Actual Time": 39.156000000000006,
                                                      "Postgres Estimated Time": 71.60395887692121,
                                                      "Nodes": [
                                                        {
                                                          "Actual Time": 25.904,
                                                          "Postgres Estimated Time": 12.227096324695312,
                                                          "Our Estimated Time": 12.227096324695312,
                                                          "Actual Rows": 29997,
                                                          "Actual Loops": 1,
                                                          "Node Type": "Seq Scan"
                                                        }
                                                      ],
                                                      "Our Estimated Time": 6.140746480843162,
                                                      "Actual Rows": 29997,
                                                      "Actual Loops": 1,
                                                      "Node Type": "Sort"
                                                    },
                                                    {
                                                      "Actual Time": 0.18299999999999272,
                                                      "Postgres Estimated Time": 0.0316952119396111,
                                                      "Nodes": [
                                                        {
                                                          "Actual Time": 1915.617,
                                                          "Postgres Estimated Time": 1699.5564546833234,
                                                          "Our Estimated Time": 1699.5564546833234,
                                                          "Actual Rows": 36,
                                                          "Actual Loops": 1,
                                                          "Node Type": "Seq Scan"
                                                        }
                                                      ],
                                                      "Our Estimated Time": 0.007179666898938937,
                                                      "Actual Rows": 3,
                                                      "Actual Loops": 1,
                                                      "Node Type": "Sort"
                                                    }
                                                  ],
                                                  "Our Estimated Time": 2.374912829624042,
                                                  "Actual Rows": 19,
                                                  "Actual Loops": 1,
                                                  "Node Type": "Merge Join"
                                                },
                                                {
                                                  "Actual Time": 480.80899999999997,
                                                  "Postgres Estimated Time": 4104.06875666691,
                                                  "Nodes": [
                                                    {
                                                      "Actual Time": 789.097,
                                                      "Postgres Estimated Time": 1063.2090880242447,
                                                      "Our Estimated Time": 1063.2090880242447,
                                                      "Actual Rows": 1271989,
                                                      "Actual Loops": 1,
                                                      "Node Type": "Seq Scan"
                                                    }
                                                  ],
                                                  "Our Estimated Time": 490.20625677576174,
                                                  "Actual Rows": 33546,
                                                  "Actual Loops": 1,
                                                  "Node Type": "Sort"
                                                }
                                              ],
                                              "Our Estimated Time": 87.9842418115411,
                                              "Actual Rows": 57,
                                              "Actual Loops": 1,
                                              "Node Type": "Merge Join"
                                            }
                                          ],
                                          "Our Estimated Time": 0.006132885119306727,
                                          "Actual Rows": 57,
                                          "Actual Loops": 1,
                                          "Node Type": "Sort"
                                        },
                                        {
                                          "Actual Time": 0.008,
                                          "Postgres Estimated Time": 0.0044254629080883005,