{
  "Our Estimated Plan Time": 9189.126167654513,
  "Our Qerror": 1.308275389206871,
  "Our Weighted Qerror": 8.624218562531327,
  "Nodes": [
    {
      "Our Estimated Time": 43.00160942410442,
      "Postgres Estimated Time": 8.261097014198585,
      "Actual Loops": 1,
      "Actual Time": 26.34400000000005,
      "Actual Rows": 6946,
      "Nodes": [
        {
          "Our Estimated Time": 275.5897397024179,
          "Postgres Estimated Time": 2433.806806373283,
          "Actual Loops": 1,
          "Actual Time": 266.16100000000006,
          "Actual Rows": 92508,
          "Nodes": [
            {
              "Our Estimated Time": 591.8982642488959,
              "Postgres Estimated Time": 473.1266277022209,
              "Actual Loops": 1,
              "Actual Time": 161.74699999999848,
              "Actual Rows": 780776,
              "Nodes": [
                {
                  "Our Estimated Time": 162.55757151369178,
                  "Postgres Estimated Time": 179.53792459313664,
                  "Actual Loops": 1,
                  "Actual Time": 24.17200000000048,
                  "Actual Rows": 8393,
                  "Nodes": [
                    {
                      "Our Estimated Time": 2.2864128601201266,
                      "Postgres Estimated Time": 17.639586219221094,
                      "Actual Loops": 1,
                      "Actual Time": 2.8489999999999327,
                      "Actual Rows": 8393,
                      "Nodes": [
                        {
                          "Our Estimated Time": 466.0534582771467,
                          "Postgres Estimated Time": 1.955821686274603,
                          "Actual Loops": 1,
                          "Actual Time": 1.9549999999999272,
                          "Actual Rows": 8393,
                          "Nodes": [
                            {
                              "Our Estimated Time": 1.3030120254399644,
                              "Postgres Estimated Time": 17.66051880665244,
                              "Actual Loops": 1,
                              "Actual Time": 2.7940000000000964,
                              "Actual Rows": 8402,
                              "Nodes": [
                                {
                                  "Our Estimated Time": 465.7273234100384,
                                  "Postgres Estimated Time": 1.9583837963792858,
                                  "Actual Loops": 1,
                                  "Actual Time": 2.1030000000000655,
                                  "Actual Rows": 8402,
                                  "Nodes": [
                                    {
                                      "Our Estimated Time": 2.0078557366813206,
                                      "Postgres Estimated Time": 17.66051880665244,
                                      "Actual Loops": 1,
                                      "Actual Time": 3.2539999999999054,
                                      "Actual Rows": 8402,
                                      "Nodes": [
                                        {
                                          "Our Estimated Time": 131.68435596541502,
                                          "Postgres Estimated Time": 3.6798888676256345,
                                          "Actual Loops": 1,
                                          "Actual Time": 5.082000000000107,
                                          "Actual Rows": 8402,
                                          "Nodes": [
                                            {
                                              "Our Estimated Time": 3.9422494166155886,
                                              "Postgres Estimated Time": 30.767517832474,
                                              "Actual Loops": 1,
                                              "Actual Time": 5.692999999999984,
                                              "Actual Rows": 596,
                                              "Nodes": [
                                                {
                                                  "Our Estimated Time": 100.81285451220523,
                                                  "Postgres Estimated Time": 105.97935528919564,
                                                  "Actual Loops": 1,
                                                  "Actual Time": 207.1719999999998,
                                                  "Actual Rows": 13893,
                                                  "Nodes": [
                                                    {
                                                      "Our Estimated Time": 0.01708256686753252,
                                                      "Postgres Estimated Time": 0.0964037056293104,
                                                      "Actual Loops": 1,
                                                      "Actual Time": 28.929000000000002,
                                                      "Actual Rows": 89,
                                                      "Nodes": [
                                                        {
                                                          "Our Estimated Time": 167.86856536148886,
                                                          "Postgres Estimated Time": 167.86856536148886,
                                                          "Actual Loops": 1,
                                                          "Actual Time": 189.71,
                                                          "Actual Rows": 89,
                                                          "Node Type": "Seq Scan"
                                                        }
                                                      ],
                                                      "Node Type": "Sort"
                                                    },
                                                    {
                                                      "Our Estimated Time": 386.50227490535883,
                                                      "Postgres Estimated Time": 4329.241004392796,
                                                      "Actual Loops": 1,
                                                      "Actual Time": 692.331,
                                                      "Actual Rows": 1275444,
                                                      "Nodes": [
                                                        {
                                                          "Our Estimated Time": 1067.7137469028805,
                                                          "Postgres Estimated Time": 1067.7137469028805,
                                                          "Actual Loops": 1,
                                                          "Actual Time": 793.254,
                                                          "Actual Rows": 1337140,
                                                          "Node Type": "Seq Scan"
                                                        }
                                                      ],
                                                      "Node Type": "Sort"
                                                    }
                                                  ],
                                                  "Node Type": "Merge Join"
                                                }
                                              ],
                                              "Node Type": "Sort"
                                            },
                                            {
                                              "Our Estimated Time": 6.72167607360915,
                                              "Postgres Estimated Time": 71.60395887692121,
                                              "Actual Loops": 1,