{
  "Actual Plan Time": 22008.371,
  "Node Type": "Aggregate",
  "Our Estimated Time": 17.25176579275298,
  "Postgres Qerror": 4.445358368695259,
  "Our Qerror": 1.071245156137381,
  "Actual Rows": 1,
  "Postgres Estimated Time": 17.25176579275298,
  "Postgres Estimated Plan Time": 97835.09620620003,
  "Actual Time": 61.64300000000003,
  "Postgres Weighted Qerror": 4.559972831882973,
  "Our Weighted Qerror": 1.3705276746215336,
  "Nodes": [
    {
      "Actual Time": 71.17599999999948,
      "Node Type": "Merge Join",
      "Our Estimated Time": 192.93953610839617,
      "Nodes": [
        {
          "Actual Time": 217.40699999999924,
          "Node Type": "Sort",
          "Our Estimated Time": 166.405069507244,
          "Nodes": [
            {
              "Actual Time": 1745.1309999999976,
              "Node Type": "Merge Join",
              "Our Estimated Time": 1174.3674331437933,
              "Nodes": [
                {
                  "Actual Time": 9.396999999999935,
                  "Node Type": "Sort",
                  "Our Estimated Time": 4.736544777285623,
                  "Nodes": [
                    {
                      "Actual Time": 7.293999999999869,
                      "Node Type": "Merge Join",
                      "Our Estimated Time": 164.6642215050237,
                      "Nodes": [
                        {
                          "Actual Time": 16.014000000000124,
                          "Node Type": "Sort",
                          "Our Estimated Time": 8.355588161087566,
                          "Nodes": [
                            {
                              "Actual Time": 128.9930000000004,
                              "Node Type": "Merge Join",
                              "Our Estimated Time": 95.32882234722271,
                              "Nodes": [
                                {
                                  "Actual Time": 450.6899999999996,
                                  "Node Type": "Sort",
                                  "Our Estimated Time": 216.32386014743764,
                                  "Nodes": [
                                    {
                                      "Actual Time": 398.95600000000013,
                                      "Node Type": "Merge Join",
                                      "Our Estimated Time": 518.7947374561008,
                                      "Nodes": [
                                        {
                                          "Actual Time": 79.99499999999989,
                                          "Node Type": "Sort",
                                          "Our Estimated Time": 53.25243537360744,
                                          "Nodes": [
                                            {
                                              "Actual Time": 47.3720000000003,
                                              "Node Type": "Merge Join",
                                              "Our Estimated Time": 531.8907938381906,
                                              "Nodes": [
                                                {
                                                  "Actual Time": 144.88400000000001,
                                                  "Node Type": "Sort",
                                                  "Our Estimated Time": 129.04148778084408,
                                                  "Nodes": [
                                                    {
                                                      "Actual Time": 534.0160000000005,
                                                      "Node Type": "Merge Join",
                                                      "Our Estimated Time": 395.0105053881963,
                                                      "Nodes": [
                                                        {
                                                          "Actual Time": 235.49700000000007,
                                                          "Node Type": "Sort",
                                                          "Our Estimated Time": 122.1309395715663,
                                                          "Nodes": [
                                                            {
                                                              "Actual Time": 181.00099999999998,
                                                              "Node Type": "Merge Join",
                                                              "Our Estimated Time": 367.03888731875185,
                                                              "Nodes": [
                                                                {
                                                                  "Actual Time": 0.017,
                                                                  "Node Type": "Sort",
                                                                  "Our Estimated Time": 6.91418225144e-05,
                                                                  "Nodes": [
                                                                    {
                                                                      "Actual Time": 0.089,
                                                                      "Node Type": "Seq Scan",
                                                                      "Our Estimated Time": 3.0769360236090764,
                                                                      "Actual Loops": 1,
                                                                      "Postgres Estimated Time": 3.0769360236090764,
                                                                      "Actual Rows": 1
                                                                    }
                                                                  ],
                                                                  "Actual Loops": 1,
                                                                  "Postgres Estimated Time": 7.76397001419e-05,
                                                                  "Actual Rows": 1
                                                                },
                                                                {
                                                                  "Actual Time": 416.12,
                                                                  "Node Type": "Sort",
                                                                  "Our Estimated Time": 457.0223704412792,
                                                                  "Nodes": [
                                                                    {
                                                                      "Actual Time": 304.976,
                                                                      "Node Type": "Seq Scan",
                                                                      "Our Estimated Time": 458.94776691884636,
                                                                      "Actual Loops": 1,
                                                                      "Postgres Estimated Time": 458.94776691884636,
                                                                      "Actual Rows": 1380035
                                                                    }
                                                                  ],
                                                                  "Actual Loops": 1,
                                                                  "Postgres Estimated Time": 4477.883478561319,
                                                                  "Actual Rows": 1379776
                                                                }
                                                              ],
                                                              "Actual Loops": 1,