{
  "Our Weighted Qerror": 1.9436724980658153,
  "Postgres Weighted Qerror": 4.8577232668397885,
  "Nodes": [
    {
      "Actual Rows": 53,
      "Actual Time": 0.028000000002066372,
      "Nodes": [
        {
          "Actual Rows": 159,
          "Actual Time": 17.400000000001455,
          "Nodes": [
            {
              "Actual Rows": 159,
              "Actual Time": 0.08599999999933061,
              "Nodes": [
                {
                  "Actual Rows": 544,
                  "Actual Time": 0.2510000000002037,
                  "Nodes": [
                    {
                      "Actual Rows": 654,
                      "Actual Time": 912.7949999999983,
                      "Nodes": [
                        {
                          "Actual Rows": 42,
                          "Actual Time": 97.53299999999945,
                          "Nodes": [
                            {
                              "Actual Rows": 36,
                              "Actual Time": 0.03600000000005821,
                              "Nodes": [
                                {
                                  "Actual Rows": 36,
                                  "Actual Time": 8.930999999999585,
                                  "Nodes": [
                                    {
                                      "Actual Rows": 81,
                                      "Actual Time": 0.05999999999994543,
                                      "Nodes": [
                                        {
                                          "Actual Rows": 81,
                                          "Actual Time": 0.038000000000010914,
                                          "Nodes": [
                                            {
                                              "Actual Rows": 181,
                                              "Actual Time": 0.08300000000008367,
                                              "Nodes": [
                                                {
                                                  "Actual Rows": 181,
                                                  "Actual Time": 164.86200000000008,
                                                  "Nodes": [
                                                    {
                                                      "Actual Rows": 89,
                                                      "Actual Time": 0.04899999999997817,
                                                      "Nodes": [
                                                        {
                                                          "Actual Rows": 89,
                                                          "Actual Time": 0.02500000000009095,
                                                          "Nodes": [
                                                            {
                                                              "Actual Rows": 1,
                                                              "Actual Time": 0.018999999999999996,
                                                              "Nodes": [
                                                                {
                                                                  "Actual Rows": 1,
                                                                  "Actual Time": 0.052,
                                                                  "Node Type": "Seq Scan",
                                                                  "Actual Loops": 1,
                                                                  "Our Estimated Time": 3.0613771822075084,
                                                                  "Postgres Estimated Time": 3.0613771822075084
                                                                }
                                                              ],
                                                              "Node Type": "Sort",
                                                              "Actual Loops": 1,
                                                              "Our Estimated Time": 6.91418225144e-05,
                                                              "Postgres Estimated Time": 7.76397001419e-05
                                                            },
                                                            {
                                                              "Actual Rows": 90,
                                                              "Actual Time": 0.5750000000000455,
                                                              "Nodes": [
                                                                {
                                                                  "Actual Rows": 294,
                                                                  "Actual Time": 1727.934,
                                                                  "Node Type": "Seq Scan",
                                                                  "Actual Loops": 1,
                                                                  "Our Estimated Time": 1895.8716788186996,
                                                                  "Postgres Estimated Time": 1895.8716788186996
                                                                }
                                                              ],
                                                              "Node Type": "Sort",
                                                              "Actual Loops": 1,
                                                              "Our Estimated Time": 0.05357670670406829,
                                                              "Postgres Estimated Time": 0.3971586918852947
                                                            }
                                                          ],
                                                          "Node Type": "Merge Join",
                                                          "Actual Loops": 1,
                                                          "Our Estimated Time": 140.02947492571164,
                                                          "Postgres Estimated Time": 0.0367235781671187
                                                        }
                                                      ],
                                                      "Node Type": "Sort",
                                                      "Actual Loops": 1,
                                                      "Our Estimated Time": 0.016610598855037684,
                                                      "Postgres Estimated Time": 0.0964037056293104
                                                    },
                                                    {
                                                      "Actual Rows": 1758827,
                                                      "Actual Time": 1043.645,
                                                      "Nodes": [
                                                        {
                                                          "Actual Rows": 2609129,
                                                          "Actual Time": 546.225,
                                                          "Node Type": "Seq Scan",
                                                          "Actual Loops": 1,
                                                          "Our Estimated Time": 953.0893913896143,
                                                          "Postgres Estimated Time": 953.0893913896143
                                                        }
                                                      ],
                                                      "Node Type": "Sort",
                                                      "Actual Loops": 1,