{
  "Our Estimated Time": 104.0978262980792,
  "Actual Rows": 1,
  "Postgres Qerror": 4.746355858496549,
  "Postgres Estimated Time": 104.0978262980792,
  "Nodes": [
    {
      "Our Estimated Time": 475.0271273391463,
      "Actual Rows": 670390,
      "Node Type": "Merge Join",
      "Postgres Estimated Time": 321.0163246988129,
      "Nodes": [
        {
          "Our Estimated Time": 1567.568877747127,
          "Actual Rows": 2793912,
          "Node Type": "Sort",
          "Postgres Estimated Time": 15109.011683196066,
          "Nodes": [
            {
              "Our Estimated Time": 2263.9552586102413,
              "Actual Rows": 4316584,
              "Node Type": "Merge Join",
              "Postgres Estimated Time": 1828.894829328322,
              "Nodes": [
                {
                  "Our Estimated Time": 28.379616419319042,
                  "Actual Rows": 87293,
                  "Node Type": "Sort",
                  "Postgres Estimated Time": 229.2602511089802,
                  "Nodes": [
                    {
                      "Our Estimated Time": 153.53144353557593,
                      "Actual Rows": 87293,
                      "Node Type": "Merge Join",
                      "Postgres Estimated Time": 43.63653942805334,
                      "Nodes": [
                        {
                          "Our Estimated Time": 80.26573592164193,
                          "Actual Rows": 302610,
                          "Node Type": "Sort",
                          "Postgres Estimated Time": 879.0297863639591,
                          "Nodes": [
                            {
                              "Our Estimated Time": 312.0465670685927,
                              "Actual Rows": 302610,
                              "Node Type": "Merge Join",
                              "Postgres Estimated Time": 107.01118690408148,
                              "Nodes": [
                                {
                                  "Our Estimated Time": 153.14068353581803,
                                  "Actual Rows": 773084,
                                  "Node Type": "Sort",
                                  "Postgres Estimated Time": 2408.114929168405,
                                  "Nodes": [
                                    {
                                      "Our Estimated Time": 518.7947374561008,
                                      "Actual Rows": 773084,
                                      "Node Type": "Merge Join",
                                      "Postgres Estimated Time": 338.9108780669183,
                                      "Nodes": [
                                        {
                                          "Our Estimated Time": 53.25243537360744,
                                          "Actual Rows": 209878,
                                          "Node Type": "Sort",
                                          "Postgres Estimated Time": 592.4610333066051,
                                          "Nodes": [
                                            {
                                              "Our Estimated Time": 531.8907938381906,
                                              "Actual Rows": 209880,
                                              "Node Type": "Merge Join",
                                              "Postgres Estimated Time": 48.885216076746204,
                                              "Nodes": [
                                                {
                                                  "Our Estimated Time": 129.04148778084408,
                                                  "Actual Rows": 209881,
                                                  "Node Type": "Sort",
                                                  "Postgres Estimated Time": 1379.1341264483938,
                                                  "Nodes": [
                                                    {
                                                      "Our Estimated Time": 395.0105053881963,
                                                      "Actual Rows": 459925,
                                                      "Node Type": "Merge Join",
                                                      "Postgres Estimated Time": 303.42270280845753,
                                                      "Nodes": [
                                                        {
                                                          "Our Estimated Time": 122.1309395715663,
                                                          "Actual Rows": 459925,
                                                          "Node Type": "Sort",
                                                          "Postgres Estimated Time": 1379.1341264483938,
                                                          "Nodes": [
                                                            {
                                                              "Our Estimated Time": 367.03888731875185,
                                                              "Actual Rows": 459925,
                                                              "Node Type": "Merge Join",
                                                              "Postgres Estimated Time": 178.56245940055385,
                                                              "Nodes": [
                                                                {
                                                                  "Our Estimated Time": 6.91418225144e-05,
                                                                  "Actual Rows": 1,
                                                                  "Node Type": "Sort",
                                                                  "Postgres Estimated Time": 7.76397001419e-05,
                                                                  "Nodes": [
                                                                    {
                                                                      "Our Estimated Time": 3.0769360236090764,
                                                                      "Actual Rows": 1,
                                                                      "Node Type": "Seq Scan",
                                                                      "Postgres Estimated Time": 3.0769360236090764,
                                                                      "Actual Loops": 1,
                                                                      "Actual Time": 0.091
                                                                    }
                                                                  ],
                                                                  "Actual Loops": 1,
                                                                  "Actual Time": 0.018000000000000002
                                                                },
                                                                {
                                                                  "Our Estimated Time": 457.0223704412792,
                                                                  "Actual Rows": 1379776,
                                                                  "Node Type": "Sort",
                                                                  "Postgres Estimated Time": 4477.883478561319,
                                                                  "Nodes": [
                                                                    {
                                                                      "Our Estimated Time": 458.94776691884636,
                                                                      "Actual Rows": 1380035,
                                                                      "Node Type": "Seq Scan",