{
  "Node Type": "Aggregate",
  "Postgres Estimated Plan Time": 35718.83932363452,
  "Postgres Weighted Qerror": 2.3934379978518816,
  "Our Estimated Time": 0.0510007851156008,
  "Actual Time": 0.1400000000012369,
  "Postgres Estimated Time": 0.0510007851156008,
  "Postgres Qerror": 2.3190862012376816,
  "Actual Plan Time": 15402.118,
  "Our Qerror": 1.0607795463692968,
  "Actual Loops": 1,
  "Our Estimated Plan Time": 16338.251745166383,
  "Actual Rows": 1,
  "Nodes": [
    {
      "Node Type": "Merge Join",
      "Actual Loops": 1,
      "Our Estimated Time": 7.76045759094428,
      "Nodes": [
        {
          "Node Type": "Sort",
          "Actual Loops": 1,
          "Our Estimated Time": 0.05676169196694136,
          "Nodes": [
            {
              "Node Type": "Merge Join",
              "Actual Loops": 1,
              "Our Estimated Time": 458.9304361651308,
              "Nodes": [
                {
                  "Node Type": "Sort",
                  "Actual Loops": 1,
                  "Our Estimated Time": 0.04423709083490265,
                  "Nodes": [
                    {
                      "Node Type": "Merge Join",
                      "Actual Loops": 1,
                      "Our Estimated Time": 462.8075440280416,
                      "Nodes": [
                        {
                          "Node Type": "Sort",
                          "Actual Loops": 1,
                          "Our Estimated Time": 0.06445994731253615,
                          "Nodes": [
                            {
                              "Node Type": "Merge Join",
                              "Actual Loops": 1,
                              "Our Estimated Time": 10.612291790721917,
                              "Nodes": [
                                {
                                  "Node Type": "Sort",
                                  "Actual Loops": 1,
                                  "Our Estimated Time": 0.06793984783755025,
                                  "Nodes": [
                                    {
                                      "Node Type": "Merge Join",
                                      "Actual Loops": 1,
                                      "Our Estimated Time": 7.044617899452345,
                                      "Nodes": [
                                        {
                                          "Node Type": "Merge Join",
                                          "Actual Loops": 1,
                                          "Our Estimated Time": 26.850185414521043,
                                          "Nodes": [
                                            {
                                              "Node Type": "Merge Join",
                                              "Actual Loops": 1,
                                              "Our Estimated Time": 314.4514856758639,
                                              "Nodes": [
                                                {
                                                  "Node Type": "Merge Join",
                                                  "Actual Loops": 1,
                                                  "Our Estimated Time": 96.67019046767571,
                                                  "Nodes": [
                                                    {
                                                      "Node Type": "Sort",
                                                      "Actual Loops": 1,
                                                      "Our Estimated Time": 0.41578412114465546,
                                                      "Nodes": [
                                                        {
                                                          "Node Type": "Seq Scan",
                                                          "Actual Loops": 1,
                                                          "Our Estimated Time": 8410.606687086427,
                                                          "Actual Rows": 1771,
                                                          "Actual Time": 8352.42,
                                                          "Postgres Estimated Time": 8410.606687086427
                                                        }
                                                      ],
                                                      "Actual Rows": 1771,
                                                      "Actual Time": 1.7809999999990396,
                                                      "Postgres Estimated Time": 3.1048437806637805
                                                    },
                                                    {
                                                      "Node Type": "Sort",
                                                      "Actual Loops": 1,
                                                      "Our Estimated Time": 606.9016265260703,
                                                      "Nodes": [
                                                        {
                                                          "Node Type": "Seq Scan",
                                                          "Actual Loops": 1,
                                                          "Our Estimated Time": 1598.772758170531,
                                                          "Actual Rows": 1381453,
                                                          "Actual Time": 1302.812,
                                                          "Postgres Estimated Time": 1598.772758170531
                                                        }
                                                      ],
                                                      "Actual Rows": 1379880,
                                                      "Actual Time": 921.8679999999999,
                                                      "Postgres Estimated Time": 4482.8023740520375
                                                    }
                                                  ],
                                                  "Actual Rows": 1749,
                                                  "Actual Time": 193.10500000000138,
                                                  "Postgres Estimated Time": 107.66468026017587
                                                },
                                                {
                                                  "Node Type": "Sort",
                                                  "Actual Loops": 1,
                                                  "Our Estimated Time": 1094.3717001449152,
                                                  "Nodes": [
                                                    {
                                                      "Node Type": "Seq Scan",
                                                      "Actual Loops": 1,
                                                      "Our Estimated Time": 1395.5691526106655,
                                                      "Actual Rows": 4523930,
                                                      "Actual Time": 811.437,
                                                      "Postgres Estimated Time": 1395.5691526106655
                                                    }
                                                  ],
                                                  "Actual Rows": 4514886,
                                                  "Actual Time": 1623.529,
                                                  "Postgres Estimated Time": 15882.31714376845
                                                }
                                              ],
                                              "Actual Rows": 4309,
                                              "Actual Time": 428.4269999999997,