{
  "Our Qerror": 1.069811276964229,
  "Nodes": [
    {
      "Our Estimated Time": 451.8015121315991,
      "Nodes": [
        {
          "Our Estimated Time": 0.005129314679356708,
          "Nodes": [
            {
              "Our Estimated Time": 9.416649424778052,
              "Nodes": [
                {
                  "Our Estimated Time": 0.005353082085330267,
                  "Nodes": [
                    {
                      "Our Estimated Time": 4.973894223454721,
                      "Nodes": [
                        {
                          "Our Estimated Time": 314.1761163901876,
                          "Nodes": [
                            {
                              "Our Estimated Time": 50.9930127783972,
                              "Nodes": [
                                {
                                  "Our Estimated Time": 0.41578412114465546,
                                  "Nodes": [
                                    {
                                      "Our Estimated Time": 8410.606687086427,
                                      "Actual Time": 8369.202,
                                      "Postgres Estimated Time": 8410.606687086427,
                                      "Actual Rows": 1771,
                                      "Node Type": "Seq Scan",
                                      "Actual Loops": 1
                                    }
                                  ],
                                  "Actual Time": 1.9540000000015425,
                                  "Postgres Estimated Time": 3.1048437806637805,
                                  "Actual Rows": 1676,
                                  "Node Type": "Sort",
                                  "Actual Loops": 1
                                },
                                {
                                  "Our Estimated Time": 302.39391465284666,
                                  "Nodes": [
                                    {
                                      "Our Estimated Time": 1749.0774182300545,
                                      "Actual Time": 1437.026,
                                      "Postgres Estimated Time": 1749.0774182300545,
                                      "Actual Rows": 716259,
                                      "Node Type": "Seq Scan",
                                      "Actual Loops": 1
                                    }
                                  ],
                                  "Actual Time": 538.0889999999999,
                                  "Postgres Estimated Time": 2218.857896624769,
                                  "Actual Rows": 700995,
                                  "Node Type": "Sort",
                                  "Actual Loops": 1
                                }
                              ],
                              "Actual Time": 98.53999999999905,
                              "Postgres Estimated Time": 55.973643060001535,
                              "Actual Rows": 1503,
                              "Node Type": "Merge Join",
                              "Actual Loops": 1
                            },
                            {
                              "Our Estimated Time": 1094.3216414654148,
                              "Nodes": [
                                {
                                  "Our Estimated Time": 1395.5691526106655,
                                  "Actual Time": 843.35,
                                  "Postgres Estimated Time": 1395.5691526106655,
                                  "Actual Rows": 4523930,
                                  "Node Type": "Seq Scan",
                                  "Actual Loops": 1
                                }
                              ],
                              "Actual Time": 1623.284,
                              "Postgres Estimated Time": 15882.31714376845,
                              "Actual Rows": 4265709,
                              "Node Type": "Sort",
                              "Actual Loops": 1
                            }
                          ],
                          "Actual Time": 405.97099999999955,
                          "Postgres Estimated Time": 351.90993778227636,
                          "Actual Rows": 3585,
                          "Node Type": "Merge Join",
                          "Actual Loops": 1
                        },
                        {
                          "Our Estimated Time": 0.0011772,
                          "Nodes": [
                            {
                              "Our Estimated Time": 25.053553475185243,
                              "Nodes": [
                                {
                                  "Our Estimated Time": 0.054419816048628306,
                                  "Nodes": [
                                    {
                                      "Our Estimated Time": 457.5086478227201,
                                      "Nodes": [
                                        {
                                          "Our Estimated Time": 0.03410087087930872,
                                          "Nodes": [
                                            {
                                              "Our Estimated Time": 6.426159295612122,
                                              "Nodes": [
                                                {
                                                  "Our Estimated Time": 6.91418225144e-05,
                                                  "Nodes": [
                                                    {
                                                      "Our Estimated Time": 149.6173842668615,
                                                      "Actual Time": 143.74,
                                                      "Postgres Estimated Time": 149.6173842668615,
                                                      "Actual Rows": 1,
                                                      "Node Type": "Seq Scan",
                                                      "Actual Loops": 1
                                                    }
                                                  ],
                                                  "Actual Time": 0.00899999999998613,
                                                  "Postgres Estimated Time": 7.76397001419e-05,
                                                  "Actual Rows": 1,
                                                  "Node Type": "Sort",
                                                  "Actual Loops": 1
                                                },
                                                {
                                                  "Our Estimated Time": 14.851049496372438,
                                                  "Nodes": [
                                                    {
                                                      "Our Estimated Time": 1182.097004881039,
                                                      "Actual Time": 872.639,
                                                      "Postgres Estimated Time": 1182.097004881039,
                                                      "Actual Rows": 61664,
                                                      "Node Type": "Seq Scan",
                                                      "Actual Loops": 1
                                                    }
                                                  ],
                                                  "Actual Time": 24.92999999999995,
                                                  "Postgres Estimated Time": 157.14869310852373,
                                                  "Actual Rows": 414,
                                                  "Node Type": "Sort",