{
  "Actual Time": 35.27400000000125,
  "Postgres Qerror": 2.6445336518001774,
  "Our Estimated Time": 1.7620244968427932,
  "Our Weighted Qerror": 1.421692222489405,
  "Our Estimated Plan Time": 16535.47514862909,
  "Postgres Estimated Time": 1.7620244968427932,
  "Node Type": "Aggregate",
  "Postgres Estimated Plan Time": 44721.02100684334,
  "Postgres Weighted Qerror": 2.8974536969916898,
  "Actual Plan Time": 16910.74,
  "Actual Rows": 1,
  "Actual Loops": 1,
  "Nodes": [
    {
      "Actual Time": 27.417999999997846,
      "Nodes": [
        {
          "Actual Time": 24.067000000002736,
          "Nodes": [
            {
              "Actual Time": 57.53399999999965,
              "Nodes": [
                {
                  "Actual Time": 439.28999999999905,
                  "Nodes": [
                    {
                      "Actual Time": 246.34399999999914,
                      "Nodes": [
                        {
                          "Actual Time": 4.8179999999993015,
                          "Nodes": [
                            {
                              "Actual Time": 2.1859999999996944,
                              "Nodes": [
                                {
                                  "Actual Time": 2.6630000000004657,
                                  "Nodes": [
                                    {
                                      "Actual Time": 13.346999999999753,
                                      "Nodes": [
                                        {
                                          "Actual Time": 6.891000000001441,
                                          "Nodes": [
                                            {
                                              "Actual Time": 248.53699999999844,
                                              "Nodes": [
                                                {
                                                  "Actual Time": 7.838999999999942,
                                                  "Nodes": [
                                                    {
                                                      "Actual Time": 3.878000000000611,
                                                      "Nodes": [
                                                        {
                                                          "Actual Time": 0.023999999999999994,
                                                          "Nodes": [
                                                            {
                                                              "Actual Time": 0.099,
                                                              "Actual Rows": 1,
                                                              "Actual Loops": 1,
                                                              "Our Estimated Time": 3.0769360236090764,
                                                              "Postgres Estimated Time": 3.0769360236090764,
                                                              "Node Type": "Seq Scan"
                                                            }
                                                          ],
                                                          "Actual Rows": 1,
                                                          "Actual Loops": 1,
                                                          "Our Estimated Time": 6.91418225144e-05,
                                                          "Postgres Estimated Time": 7.76397001419e-05,
                                                          "Node Type": "Sort"
                                                        },
                                                        {
                                                          "Actual Time": 6.833000000000538,
                                                          "Nodes": [
                                                            {
                                                              "Actual Time": 8439.848,
                                                              "Actual Rows": 10810,
                                                              "Actual Loops": 1,
                                                              "Our Estimated Time": 7259.390807830945,
                                                              "Postgres Estimated Time": 7259.390807830945,
                                                              "Node Type": "Seq Scan"
                                                            }
                                                          ],
                                                          "Actual Rows": 10714,
                                                          "Actual Loops": 1,
                                                          "Our Estimated Time": 3.4179909768797847,
                                                          "Postgres Estimated Time": 23.332259850842757,
                                                          "Node Type": "Sort"
                                                        }
                                                      ],
                                                      "Actual Rows": 10679,
                                                      "Actual Loops": 1,
                                                      "Our Estimated Time": 461.79838624619947,
                                                      "Postgres Estimated Time": 2.497591513864781,
                                                      "Node Type": "Merge Join"
                                                    }
                                                  ],
                                                  "Actual Rows": 10679,
                                                  "Actual Loops": 1,
                                                  "Our Estimated Time": 2.9320581848529166,
                                                  "Postgres Estimated Time": 23.02034179883868,
                                                  "Node Type": "Sort"
                                                },
                                                {
                                                  "Actual Time": 1084.736,
                                                  "Nodes": [
                                                    {
                                                      "Actual Time": 559.703,
                                                      "Actual Rows": 2609129,
                                                      "Actual Loops": 1,
                                                      "Our Estimated Time": 953.0893913896143,
                                                      "Postgres Estimated Time": 953.0893913896143,
                                                      "Node Type": "Seq Scan"
                                                    }
                                                  ],
                                                  "Actual Rows": 2609214,
                                                  "Actual Loops": 1,
                                                  "Our Estimated Time": 1048.6815406162234,
                                                  "Postgres Estimated Time": 8838.271504739252,
                                                  "Node Type": "Sort"
                                                }
                                              ],
                                              "Actual Rows": 14401,
                                              "Actual Loops": 1,
                                              "Our Estimated Time": 187.35182921549233,
                                              "Postgres Estimated Time": 205.63728619283776,