{
  "Postgres Estimated Plan Time": 232060.0119554747,
  "Our Qerror": 1.1025803564892052,
  "Node Type": "Aggregate",
  "Our Weighted Qerror": 1.383232147967134,
  "Our Estimated Time": 576.1785695996886,
  "Actual Plan Time": 47122.173,
  "Postgres Estimated Time": 576.1785695996886,
  "Actual Loops": 1,
  "Postgres Qerror": 4.924645812820955,
  "Actual Rows": 1,
  "Nodes": [
    {
      "Actual Loops": 1,
      "Postgres Estimated Time": 1187.830502270866,
      "Our Estimated Time": 1707.0498139844447,
      "Node Type": "Merge Join",
      "Actual Rows": 3710592,
      "Actual Time": 1061.4519999999975,
      "Nodes": [
        {
          "Actual Loops": 1,
          "Postgres Estimated Time": 866.077221538306,
          "Our Estimated Time": 1663.0722674492108,
          "Node Type": "Merge Join",
          "Actual Rows": 3710592,
          "Actual Time": 1235.395000000004,
          "Nodes": [
            {
              "Actual Loops": 1,
              "Postgres Estimated Time": 9647.250415821973,
              "Our Estimated Time": 813.4267462585553,
              "Node Type": "Sort",
              "Actual Rows": 2832555,
              "Actual Time": 1503.936999999998,
              "Nodes": [
                {
                  "Actual Loops": 1,
                  "Postgres Estimated Time": 3259.1414754256457,
                  "Our Estimated Time": 3267.386275734467,
                  "Node Type": "Merge Join",
                  "Actual Rows": 2832555,
                  "Actual Time": 4764.447,
                  "Nodes": [
                    {
                      "Actual Loops": 1,
                      "Postgres Estimated Time": 212.2094868098496,
                      "Our Estimated Time": 209.11957736010606,
                      "Node Type": "Merge Join",
                      "Actual Rows": 68316,
                      "Actual Time": 387.353000000001,
                      "Nodes": [
                        {
                          "Actual Loops": 1,
                          "Postgres Estimated Time": 175.66891782703354,
                          "Our Estimated Time": 21.833289209895874,
                          "Node Type": "Sort",
                          "Actual Rows": 68316,
                          "Actual Time": 34.90300000000025,
                          "Nodes": [
                            {
                              "Actual Loops": 1,
                              "Postgres Estimated Time": 28.72878532440683,
                              "Our Estimated Time": 169.32908157730418,
                              "Node Type": "Merge Join",
                              "Actual Rows": 68316,
                              "Actual Time": 37.0649999999996,
                              "Nodes": [
                                {
                                  "Actual Loops": 1,
                                  "Postgres Estimated Time": 407.83975390914844,
                                  "Our Estimated Time": 37.760254864527404,
                                  "Node Type": "Sort",
                                  "Actual Rows": 148552,
                                  "Actual Time": 64.95700000000033,
                                  "Nodes": [
                                    {
                                      "Actual Loops": 1,
                                      "Postgres Estimated Time": 228.88742607673143,
                                      "Our Estimated Time": 247.0785108659799,
                                      "Node Type": "Merge Join",
                                      "Actual Rows": 148552,
                                      "Actual Time": 270.62300000000005,
                                      "Nodes": [
                                        {
                                          "Actual Loops": 1,
                                          "Postgres Estimated Time": 102.99256914129005,
                                          "Our Estimated Time": 7.910457759096835,
                                          "Node Type": "Sort",
                                          "Actual Rows": 41839,
                                          "Actual Time": 17.809999999999945,
                                          "Nodes": [
                                            {
                                              "Actual Loops": 1,
                                              "Postgres Estimated Time": 357.73353641051995,
                                              "Our Estimated Time": 327.72630805026324,
                                              "Node Type": "Merge Join",
                                              "Actual Rows": 41840,
                                              "Actual Time": 21.934999999999945,
                                              "Nodes": [
                                                {
                                                  "Actual Loops": 1,
                                                  "Postgres Estimated Time": 7.76397001419e-05,
                                                  "Our Estimated Time": 6.91418225144e-05,
                                                  "Node Type": "Sort",
                                                  "Actual Rows": 1,
                                                  "Actual Time": 0.019000000000005457,
                                                  "Nodes": [
                                                    {
                                                      "Actual Loops": 1,
                                                      "Postgres Estimated Time": 52.42721602676868,
                                                      "Our Estimated Time": 52.42721602676868,
                                                      "Node Type": "Seq Scan",
                                                      "Actual Rows": 1,
                                                      "Actual Time": 67.64
                                                    }
                                                  ]
                                                },
                                                {
                                                  "Actual Loops": 1,
                                                  "Postgres Estimated Time": 15882.31714376845,
                                                  "Our Estimated Time": 1765.9596830113544,
                                                  "Node Type": "Sort",
                                                  "Actual Rows": 163762,
                                                  "Actual Time": 1469.396,
                                                  "Nodes": [
                                                    {
                                                      "Actual Loops": 1,
                                                      "Postgres Estimated Time": 1395.5691526106655,
                                                      "Our Estimated Time": 1395.5691526106655,
                                                      "Node Type": "Seq Scan",
                                                      "Actual Rows": 4523930,
                                                      "Actual Time": 780.126
                                                    }
                                                  ]
                                                }
                                              ]
                                            }
                                          ]
                                        },
                                        {
                                          "Actual Loops": 1,
                                          "Postgres Estimated Time": 8838.271504739252,
                                          "Our Estimated Time": 1057.9569852483528,
                                          "Node Type": "Sort",