{
  "Nodes": [
    {
      "Actual Time": 462.4890000000014,
      "Nodes": [
        {
          "Actual Time": 188.13700000000244,
          "Nodes": [
            {
              "Actual Time": 108.27000000000044,
              "Nodes": [
                {
                  "Actual Time": 2701.6759999999995,
                  "Nodes": [
                    {
                      "Actual Time": 146.47599999999966,
                      "Nodes": [
                        {
                          "Actual Time": 31.99699999999939,
                          "Nodes": [
                            {
                              "Actual Time": 36.70300000000043,
                              "Nodes": [
                                {
                                  "Actual Time": 64.86500000000069,
                                  "Nodes": [
                                    {
                                      "Actual Time": 269.2489999999998,
                                      "Nodes": [
                                        {
                                          "Actual Time": 18.101000000000113,
                                          "Nodes": [
                                            {
                                              "Actual Time": 22.37599999999975,
                                              "Nodes": [
                                                {
                                                  "Actual Time": 0.01999999999999602,
                                                  "Nodes": [
                                                    {
                                                      "Actual Time": 67.296,
                                                      "Postgres Estimated Time": 52.42721602676868,
                                                      "Node Type": "Seq Scan",
                                                      "Actual Rows": 1,
                                                      "Actual Loops": 1,
                                                      "Our Estimated Time": 52.42721602676868
                                                    }
                                                  ],
                                                  "Postgres Estimated Time": 7.76397001419e-05,
                                                  "Node Type": "Sort",
                                                  "Actual Rows": 1,
                                                  "Actual Loops": 1,
                                                  "Our Estimated Time": 6.91418225144e-05
                                                },
                                                {
                                                  "Actual Time": 1475.9360000000001,
                                                  "Nodes": [
                                                    {
                                                      "Actual Time": 782.141,
                                                      "Postgres Estimated Time": 1395.5691526106655,
                                                      "Node Type": "Seq Scan",
                                                      "Actual Rows": 4523930,
                                                      "Actual Loops": 1,
                                                      "Our Estimated Time": 1395.5691526106655
                                                    }
                                                  ],
                                                  "Postgres Estimated Time": 15882.31714376845,
                                                  "Node Type": "Sort",
                                                  "Actual Rows": 163762,
                                                  "Actual Loops": 1,
                                                  "Our Estimated Time": 1765.9596830113544
                                                }
                                              ],
                                              "Postgres Estimated Time": 357.73353641051995,
                                              "Node Type": "Merge Join",
                                              "Actual Rows": 41840,
                                              "Actual Loops": 1,
                                              "Our Estimated Time": 327.72630805026324
                                            }
                                          ],
                                          "Postgres Estimated Time": 102.99256914129005,
                                          "Node Type": "Sort",
                                          "Actual Rows": 41839,
                                          "Actual Loops": 1,
                                          "Our Estimated Time": 7.910457759096835
                                        },
                                        {
                                          "Actual Time": 1041.073,
                                          "Nodes": [
                                            {
                                              "Actual Time": 539.846,
                                              "Postgres Estimated Time": 953.0893913896143,
                                              "Node Type": "Seq Scan",
                                              "Actual Rows": 2609129,
                                              "Actual Loops": 1,
                                              "Our Estimated Time": 953.0893913896143
                                            }
                                          ],
                                          "Postgres Estimated Time": 8838.271504739252,
                                          "Node Type": "Sort",
                                          "Actual Rows": 2609194,
                                          "Actual Loops": 1,
                                          "Our Estimated Time": 1057.9569852483528
                                        }
                                      ],
                                      "Postgres Estimated Time": 228.88742607673143,
                                      "Node Type": "Merge Join",
                                      "Actual Rows": 148552,
                                      "Actual Loops": 1,
                                      "Our Estimated Time": 247.0785108659799
                                    }
                                  ],
                                  "Postgres Estimated Time": 407.83975390914844,
                                  "Node Type": "Sort",
                                  "Actual Rows": 148552,
                                  "Actual Loops": 1,
                                  "Our Estimated Time": 37.760254864527404
                                },
                                {
                                  "Actual Time": 56.42899999999999,
                                  "Nodes": [
                                    {
                                      "Actual Time": 118.302,
                                      "Postgres Estimated Time": 137.23841815838216,
                                      "Node Type": "Seq Scan",
                                      "Actual Rows": 84843,
                                      "Actual Loops": 1,
                                      "Our Estimated Time": 137.23841815838216
                                    }
                                  ],
                                  "Postgres Estimated Time": 222.28466607748643,
                                  "Node Type": "Sort",
                                  "Actual Rows": 84843,
                                  "Actual Loops": 1,
                                  "Our Estimated Time": 36.93058487133304
                                }
                              ],