{
  "Postgres Qerror": 1.3824355763392315,
  "Postgres Weighted Qerror": 1.4023263842179992,
  "Actual Plan Time": 26646.306,
  "Node Type": "Aggregate",
  "Nodes": [
    {
      "Node Type": "Merge Join",
      "Postgres Estimated Time": 74.66780769986833,
      "Actual Time": 92.14800000000105,
      "Actual Rows": 11,
      "Nodes": [
        {
          "Node Type": "Sort",
          "Postgres Estimated Time": 0.35647676752884905,
          "Actual Time": 0.3110000000015134,
          "Actual Rows": 145,
          "Nodes": [
            {
              "Node Type": "Merge Join",
              "Postgres Estimated Time": 0.062499958614229495,
              "Actual Time": 0.06899999999950523,
              "Actual Rows": 268,
              "Nodes": [
                {
                  "Node Type": "Sort",
                  "Postgres Estimated Time": 0.35647676752884905,
                  "Actual Time": 0.1349999999983993,
                  "Actual Rows": 268,
                  "Nodes": [
                    {
                      "Node Type": "Merge Join",
                      "Postgres Estimated Time": 96.70878689375208,
                      "Actual Time": 132.91700000000128,
                      "Actual Rows": 268,
                      "Nodes": [
                        {
                          "Node Type": "Merge Join",
                          "Postgres Estimated Time": 6.204576636839938,
                          "Actual Time": 8.769000000000233,
                          "Actual Rows": 358,
                          "Nodes": [
                            {
                              "Node Type": "Merge Join",
                              "Postgres Estimated Time": 63.09320356301376,
                              "Actual Time": 111.7529999999997,
                              "Actual Rows": 6152,
                              "Nodes": [
                                {
                                  "Node Type": "Sort",
                                  "Postgres Estimated Time": 35.56696393158256,
                                  "Actual Time": 6.937999999999988,
                                  "Actual Rows": 15849,
                                  "Nodes": [
                                    {
                                      "Node Type": "Merge Join",
                                      "Postgres Estimated Time": 6.565290683699206,
                                      "Actual Time": 6.866999999999962,
                                      "Actual Rows": 15849,
                                      "Nodes": [
                                        {
                                          "Node Type": "Sort",
                                          "Postgres Estimated Time": 7.76397001419e-05,
                                          "Actual Time": 0.026999999999999996,
                                          "Actual Rows": 1,
                                          "Nodes": [
                                            {
                                              "Node Type": "Seq Scan",
                                              "Postgres Estimated Time": 3.0769360236090764,
                                              "Actual Time": 0.059,
                                              "Actual Rows": 1,
                                              "Actual Loops": 1,
                                              "Our Estimated Time": 3.0769360236090764
                                            }
                                          ],
                                          "Actual Loops": 1,
                                          "Our Estimated Time": 6.91418225144e-05
                                        },
                                        {
                                          "Node Type": "Sort",
                                          "Postgres Estimated Time": 132.89320197529284,
                                          "Actual Time": 26.351999999999975,
                                          "Actual Rows": 52842,
                                          "Nodes": [
                                            {
                                              "Node Type": "Seq Scan",
                                              "Postgres Estimated Time": 474.3301104922695,
                                              "Actual Time": 586.72,
                                              "Actual Rows": 52862,
                                              "Actual Loops": 1,
                                              "Our Estimated Time": 474.3301104922695
                                            }
                                          ],
                                          "Actual Loops": 1,
                                          "Our Estimated Time": 14.468877724384042
                                        }
                                      ],
                                      "Actual Loops": 1,
                                      "Our Estimated Time": 146.79938731561484
                                    }
                                  ],
                                  "Actual Loops": 1,
                                  "Our Estimated Time": 3.404584799757025
                                },
                                {
                                  "Node Type": "Sort",
                                  "Postgres Estimated Time": 2446.2112578786514,
                                  "Actual Time": 542.8240000000001,
                                  "Actual Rows": 784237,
                                  "Nodes": [
                                    {
                                      "Node Type": "Seq Scan",
                                      "Postgres Estimated Time": 1753.7948956383896,
                                      "Actual Time": 1449.013,
                                      "Actual Rows": 784488,
                                      "Actual Loops": 1,
                                      "Our Estimated Time": 1753.7948956383896
                                    }
                                  ],
                                  "Actual Loops": 1,
                                  "Our Estimated Time": 333.379165934731
                                }
                              ],
                              "Actual Loops": 1,
                              "Our Estimated Time": 60.46819553052489
                            },
                            {
                              "Node Type": "Sort",
                              "Postgres Estimated Time": 188.93001273491942,
                              "Actual Time": 43.134000000000015,
                              "Actual Rows": 73020,
                              "Nodes": [
                                {
                                  "Node Type": "Seq Scan",
                                  "Postgres Estimated Time": 8415.534839627962,
                                  "Actual Time": 8371.43,
                                  "Actual Rows": 73047,
                                  "Actual Loops": 1,
                                  "Our Estimated Time": 8415.534839627962
                                }
                              ],
                              "Actual Loops": 1,
                              "Our Estimated Time": 23.19121639981667
                            }
                          ],
                          "Actual Loops": 1,
                          "Our Estimated Time": 7.664421767277863
                        },
                        {
                          "Node Type": "Sort",
                          "Postgres Estimated Time": 4010.028755917079,
                          "Actual Time": 596.0910000000003,
                          "Actual Rows": 1243723,