{
  "Nodes": [
    {
      "Actual Time": 318.1859999999979,
      "Nodes": [
        {
          "Actual Time": 9.247999999999593,
          "Nodes": [
            {
              "Actual Time": 1.5420000000012806,
              "Nodes": [
                {
                  "Actual Time": 0.10599999999976717,
                  "Nodes": [
                    {
                      "Actual Time": 6.647000000000844,
                      "Nodes": [
                        {
                          "Actual Time": 74.58099999999831,
                          "Nodes": [
                            {
                              "Actual Time": 19.454000000001543,
                              "Nodes": [
                                {
                                  "Actual Time": 19.905000000002474,
                                  "Nodes": [
                                    {
                                      "Actual Time": 40.669999999998254,
                                      "Nodes": [
                                        {
                                          "Actual Time": 104.85800000000017,
                                          "Nodes": [
                                            {
                                              "Actual Time": 155.21199999999953,
                                              "Nodes": [
                                                {
                                                  "Actual Time": 190.32200000000012,
                                                  "Nodes": [
                                                    {
                                                      "Actual Time": 170.44700000000012,
                                                      "Nodes": [
                                                        {
                                                          "Actual Time": 74.39899999999943,
                                                          "Nodes": [
                                                            {
                                                              "Actual Time": 0.017,
                                                              "Nodes": [
                                                                {
                                                                  "Actual Time": 0.062,
                                                                  "Our Estimated Time": 3.0769360236090764,
                                                                  "Postgres Estimated Time": 3.0769360236090764,
                                                                  "Node Type": "Seq Scan",
                                                                  "Actual Loops": 1,
                                                                  "Actual Rows": 1
                                                                }
                                                              ],
                                                              "Our Estimated Time": 6.91418225144e-05,
                                                              "Postgres Estimated Time": 7.76397001419e-05,
                                                              "Node Type": "Sort",
                                                              "Actual Loops": 1,
                                                              "Actual Rows": 1
                                                            },
                                                            {
                                                              "Actual Time": 127.33600000000115,
                                                              "Nodes": [
                                                                {
                                                                  "Actual Time": 9176.622,
                                                                  "Our Estimated Time": 9606.7207521138,
                                                                  "Postgres Estimated Time": 9606.7207521138,
                                                                  "Node Type": "Seq Scan",
                                                                  "Actual Loops": 1,
                                                                  "Actual Rows": 451104
                                                                }
                                                              ],
                                                              "Our Estimated Time": 175.3979492289562,
                                                              "Postgres Estimated Time": 1350.7264024670765,
                                                              "Node Type": "Sort",
                                                              "Actual Loops": 1,
                                                              "Actual Rows": 451104
                                                            }
                                                          ],
                                                          "Our Estimated Time": 609.8454230293986,
                                                          "Postgres Estimated Time": 105.06072235711667,
                                                          "Node Type": "Merge Join",
                                                          "Actual Loops": 1,
                                                          "Actual Rows": 451039
                                                        }
                                                      ],
                                                      "Our Estimated Time": 161.2280283161624,
                                                      "Postgres Estimated Time": 1350.5172147240407,
                                                      "Node Type": "Sort",
                                                      "Actual Loops": 1,
                                                      "Actual Rows": 451039
                                                    },
                                                    {
                                                      "Actual Time": 425.038,
                                                      "Nodes": [
                                                        {
                                                          "Actual Time": 1497.857,
                                                          "Our Estimated Time": 1739.2798145542965,
                                                          "Postgres Estimated Time": 1739.2798145542965,
                                                          "Node Type": "Seq Scan",
                                                          "Actual Loops": 1,
                                                          "Actual Rows": 574556
                                                        }
                                                      ],
                                                      "Our Estimated Time": 259.79216885627886,
                                                      "Postgres Estimated Time": 1751.5103225626085,
                                                      "Node Type": "Sort",
                                                      "Actual Loops": 1,
                                                      "Actual Rows": 574490
                                                    }
                                                  ],
                                                  "Our Estimated Time": 281.7101556468889,
                                                  "Postgres Estimated Time": 125.9397457986767,
                                                  "Node Type": "Merge Join",
                                                  "Actual Loops": 1,