{
  "Our Weighted Qerror": 5.132570473020011,
  "Postgres Qerror": 1.5654068399270602,
  "Nodes": [
    {
      "Actual Rows": 15,
      "Actual Time": 234.12900000000081,
      "Our Estimated Time": 217.13583050486903,
      "Node Type": "Merge Join",
      "Postgres Estimated Time": 243.8184720904205,
      "Nodes": [
        {
          "Actual Rows": 15,
          "Actual Time": 14.625,
          "Our Estimated Time": 0.001740041522377441,
          "Node Type": "Sort",
          "Postgres Estimated Time": 0.010264489932036134,
          "Nodes": [
            {
              "Actual Rows": 15,
              "Actual Time": 0.532999999999447,
              "Our Estimated Time": 1.6585294320291748,
              "Node Type": "Merge Join",
              "Postgres Estimated Time": 0.4250773582769025,
              "Nodes": [
                {
                  "Actual Rows": 36,
                  "Actual Time": 53.64299999999639,
                  "Our Estimated Time": 62.349845691723345,
                  "Node Type": "Merge Join",
                  "Postgres Estimated Time": 69.98745365621419,
                  "Nodes": [
                    {
                      "Actual Rows": 24,
                      "Actual Time": 0.023000000001047738,
                      "Our Estimated Time": 0.002778749911295779,
                      "Node Type": "Sort",
                      "Postgres Estimated Time": 0.01895015826186224,
                      "Nodes": [
                        {
                          "Actual Rows": 24,
                          "Actual Time": 0.272000000000844,
                          "Our Estimated Time": 6.005180602314074,
                          "Node Type": "Merge Join",
                          "Postgres Estimated Time": 6.592775137549438,
                          "Nodes": [
                            {
                              "Actual Rows": 24,
                              "Actual Time": 0.020000000000436557,
                              "Our Estimated Time": 0.0028446005884423834,
                              "Node Type": "Sort",
                              "Postgres Estimated Time": 0.01895015826186224,
                              "Nodes": [
                                {
                                  "Actual Rows": 24,
                                  "Actual Time": 0.017999999996391125,
                                  "Our Estimated Time": 110.27051353678856,
                                  "Node Type": "Merge Join",
                                  "Postgres Estimated Time": 0.011568315321143099,
                                  "Nodes": [
                                    {
                                      "Actual Rows": 100,
                                      "Actual Time": 0.049000000002706656,
                                      "Our Estimated Time": 0.011294066833055495,
                                      "Node Type": "Sort",
                                      "Postgres Estimated Time": 0.1109293704861932,
                                      "Nodes": [
                                        {
                                          "Actual Rows": 100,
                                          "Actual Time": 0.02899999999863212,
                                          "Our Estimated Time": 459.4383592103848,
                                          "Node Type": "Merge Join",
                                          "Postgres Estimated Time": 0.023369549742711902,
                                          "Nodes": [
                                            {
                                              "Actual Rows": 100,
                                              "Actual Time": 0.049000000002706656,
                                              "Our Estimated Time": 0.01577634620500184,
                                              "Node Type": "Sort",
                                              "Postgres Estimated Time": 0.1109293704861932,
                                              "Nodes": [
                                                {
                                                  "Actual Rows": 100,
                                                  "Actual Time": 5.498999999999796,
                                                  "Our Estimated Time": 5.5030624804248545,
                                                  "Node Type": "Merge Join",
                                                  "Postgres Estimated Time": 5.417542996501497,
                                                  "Nodes": [
                                                    {
                                                      "Actual Rows": 100,
                                                      "Actual Time": 66.28799999999865,
                                                      "Our Estimated Time": 49.44608203016928,
                                                      "Node Type": "Merge Join",
                                                      "Postgres Estimated Time": 55.43723037172114,
                                                      "Nodes": [
                                                        {
                                                          "Actual Rows": 4,
                                                          "Actual Time": 14.265000000000327,
                                                          "Our Estimated Time": 8.595161862102136,
                                                          "Node Type": "Merge Join",
                                                          "Postgres Estimated Time": 9.634232750908229,
                                                          "Nodes": [
                                                            {
                                                              "Actual Rows": 124074,
                                                              "Actual Time": 78.832,
                                                              "Our Estimated Time": 68.20967163788022,
                                                              "Node Type": "Sort",
                                                              "Postgres Estimated Time": 557.9156269091278,
                                                              "Nodes": [
                                                                {
                                                                  "Actual Rows": 198519,
                                                                  "Actual Time": 871.128,
                                                                  "Our Estimated Time": 1394.1314021927826,
                                                                  "Node Type": "Seq Scan",
                                                                  "Postgres Estimated Time": 1394.1314021927826,
                                                                  "Actual Loops": 1
                                                                }
                                                              ],
                                                              "Actual Loops": 1
                                                            },
                                                            {
                                                              "Actual Rows": 7,
                                                              "Actual Time": 0.06099999999992178,
                                                              "Our Estimated Time": 0.0011171117635267395,
                                                              "Node Type": "Sort",
                                                              "Postgres Estimated Time": 0.0035949486217594522,