{
  "Postgres Qerror": 1.9512540564460716,
  "Our Estimated Time": 0.5551929978370994,
  "Postgres Estimated Time": 0.5551929978370994,
  "Actual Plan Time": 35373.255,
  "Our Estimated Plan Time": 39349.874880420466,
  "Our Weighted Qerror": 1.245486350284412,
  "Our Qerror": 1.112418828304618,
  "Postgres Weighted Qerror": 2.025522606047951,
  "Actual Time": 17.074000000000524,
  "Node Type": "Aggregate",
  "Postgres Estimated Plan Time": 69022.20730845128,
  "Actual Loops": 1,
  "Actual Rows": 1,
  "Nodes": [
    {
      "Actual Time": 361.03399999999965,
      "Actual Loops": 1,
      "Nodes": [
        {
          "Actual Time": 10.578999999997905,
          "Actual Loops": 1,
          "Nodes": [
            {
              "Actual Time": 0.8559999999997672,
              "Actual Loops": 1,
              "Nodes": [
                {
                  "Actual Time": 1.0529999999998836,
                  "Actual Loops": 1,
                  "Nodes": [
                    {
                      "Actual Time": 11.097000000001572,
                      "Actual Loops": 1,
                      "Nodes": [
                        {
                          "Actual Time": 5.628999999997177,
                          "Actual Loops": 1,
                          "Nodes": [
                            {
                              "Actual Time": 203.69200000000274,
                              "Actual Loops": 1,
                              "Nodes": [
                                {
                                  "Actual Time": 675.607,
                                  "Actual Loops": 1,
                                  "Nodes": [
                                    {
                                      "Actual Time": 526.6150000000016,
                                      "Actual Loops": 1,
                                      "Nodes": [
                                        {
                                          "Actual Time": 522.8169999999991,
                                          "Actual Loops": 1,
                                          "Nodes": [
                                            {
                                              "Actual Time": 190.89100000000326,
                                              "Actual Loops": 1,
                                              "Nodes": [
                                                {
                                                  "Actual Time": 333.8009999999995,
                                                  "Actual Loops": 1,
                                                  "Nodes": [
                                                    {
                                                      "Actual Time": 170.57800000000134,
                                                      "Actual Loops": 1,
                                                      "Nodes": [
                                                        {
                                                          "Actual Time": 73.00200000000041,
                                                          "Actual Loops": 1,
                                                          "Nodes": [
                                                            {
                                                              "Actual Time": 0.024999999999999994,
                                                              "Actual Loops": 1,
                                                              "Nodes": [
                                                                {
                                                                  "Actual Time": 0.062,
                                                                  "Actual Loops": 1,
                                                                  "Our Estimated Time": 3.0769360236090764,
                                                                  "Postgres Estimated Time": 3.0769360236090764,
                                                                  "Node Type": "Seq Scan",
                                                                  "Actual Rows": 1
                                                                }
                                                              ],
                                                              "Our Estimated Time": 6.91418225144e-05,
                                                              "Postgres Estimated Time": 7.76397001419e-05,
                                                              "Node Type": "Sort",
                                                              "Actual Rows": 1
                                                            },
                                                            {
                                                              "Actual Time": 124.63799999999901,
                                                              "Actual Loops": 1,
                                                              "Nodes": [
                                                                {
                                                                  "Actual Time": 9020.645,
                                                                  "Actual Loops": 1,
                                                                  "Our Estimated Time": 9606.7207521138,
                                                                  "Postgres Estimated Time": 9606.7207521138,
                                                                  "Node Type": "Seq Scan",
                                                                  "Actual Rows": 451104
                                                                }
                                                              ],
                                                              "Our Estimated Time": 175.3979492289562,
                                                              "Postgres Estimated Time": 1350.7264024670765,
                                                              "Node Type": "Sort",
                                                              "Actual Rows": 451104
                                                            }
                                                          ],
                                                          "Our Estimated Time": 609.8454230293986,
                                                          "Postgres Estimated Time": 105.06072235711667,
                                                          "Node Type": "Merge Join",
                                                          "Actual Rows": 451039
                                                        }
                                                      ],
                                                      "Our Estimated Time": 161.2280283161624,
                                                      "Postgres Estimated Time": 1350.5172147240407,
                                                      "Node Type": "Sort",
                                                      "Actual Rows": 451039
                                                    },
                                                    {
                                                      "Actual Time": 957.6600000000001,
                                                      "Actual Loops": 1,
                                                      "Nodes": [
                                                        {
                                                          "Actual Time": 1263.081,
                                                          "Actual Loops": 1,
                                                          "Our Estimated Time": 1598.772758170531,
                                                          "Postgres Estimated Time": 1598.772758170531,
                                                          "Node Type": "Seq Scan",