{
  "Nodes": [
    {
      "Our Qerror": 1.0,
      "Our Estimated Time": 120.28120381794783,
      "Postgres Qerror": 1.0,
      "Postgres Estimated Time": 135.06178944774882,
      "Nodes": [
        {
          "Our Qerror": 1.0,
          "Our Estimated Time": 0.0005726203757730424,
          "Postgres Qerror": 1.0,
          "Postgres Estimated Time": 0.002874186762059958,
          "Nodes": [
            {
              "Our Qerror": 1.0,
              "Our Estimated Time": 397.71629582457837,
              "Postgres Qerror": 1.0,
              "Postgres Estimated Time": 0.0014751543026961002,
              "Nodes": [
                {
                  "Our Qerror": 1.0,
                  "Our Estimated Time": 0.0006217340539334698,
                  "Postgres Qerror": 1.0,
                  "Postgres Estimated Time": 0.002874186762059958,
                  "Nodes": [
                    {
                      "Our Qerror": 1.0,
                      "Our Estimated Time": 198.85963696019311,
                      "Postgres Qerror": 1.0,
                      "Postgres Estimated Time": 0.0020186322036894002,
                      "Nodes": [
                        {
                          "Our Qerror": 1.0,
                          "Our Estimated Time": 0.0021240125835774865,
                          "Postgres Qerror": 1.0,
                          "Postgres Estimated Time": 0.013052576764697149,
                          "Nodes": [
                            {
                              "Our Qerror": 1.0,
                              "Our Estimated Time": 198.8646251662937,
                              "Postgres Qerror": 1.0,
                              "Postgres Estimated Time": 0.0060558966110682,
                              "Nodes": [
                                {
                                  "Our Qerror": 1.0,
                                  "Our Estimated Time": 0.017482194547955063,
                                  "Postgres Qerror": 1.0,
                                  "Postgres Estimated Time": 0.11762349033574523,
                                  "Nodes": [
                                    {
                                      "Our Qerror": 1.0,
                                      "Our Estimated Time": 312.83107125514175,
                                      "Postgres Qerror": 1.0,
                                      "Postgres Estimated Time": 351.25380467637723,
                                      "Nodes": [
                                        {
                                          "Our Qerror": 1.0,
                                          "Our Estimated Time": 95.42612075469617,
                                          "Postgres Qerror": 1.0,
                                          "Postgres Estimated Time": 107.14837625423223,
                                          "Nodes": [
                                            {
                                              "Our Qerror": 1.0,
                                              "Our Estimated Time": 86.07167559857166,
                                              "Postgres Qerror": 1.0,
                                              "Postgres Estimated Time": 96.64318134713216,
                                              "Nodes": [
                                                {
                                                  "Our Qerror": 1.0,
                                                  "Our Estimated Time": 2.3869313830531342,
                                                  "Postgres Qerror": 1.0,
                                                  "Postgres Estimated Time": 2.266069928041636,
                                                  "Nodes": [
                                                    {
                                                      "Our Qerror": 1.0,
                                                      "Our Estimated Time": 9.179340723112297,
                                                      "Postgres Qerror": 1.0,
                                                      "Postgres Estimated Time": 73.70564210401554,
                                                      "Nodes": [
                                                        {
                                                          "Our Qerror": 1.1489958403487537,
                                                          "Our Estimated Time": 7260.773022004831,
                                                          "Postgres Qerror": 1.1489958403487537,
                                                          "Postgres Estimated Time": 7260.773022004831,
                                                          "Actual Time": 8342.598,
                                                          "Actual Rows": 30801,
                                                          "Actual Loops": 1,
                                                          "Node Type": "Seq Scan"
                                                        }
                                                      ],
                                                      "Actual Time": 26.274999999999636,
                                                      "Actual Rows": 29068,
                                                      "Actual Loops": 1,
                                                      "Node Type": "Sort"
                                                    },
                                                    {
                                                      "Our Qerror": 1.0,
                                                      "Our Estimated Time": 0.014836001082974587,
                                                      "Postgres Qerror": 1.0,
                                                      "Postgres Estimated Time": 0.07583181202199099,
                                                      "Nodes": [
                                                        {
                                                          "Our Qerror": 1.0751530168105128,
                                                          "Our Estimated Time": 1699.5590129307566,
                                                          "Postgres Qerror": 1.0751530168105128,
                                                          "Postgres Estimated Time": 1699.5590129307566,
                                                          "Actual Time": 1827.286,
                                                          "Actual Rows": 73,
                                                          "Actual Loops": 1,
                                                          "Node Type": "Seq Scan"
                                                        }
                                                      ],
                                                      "Actual Time": 0.32199999999988904,
                                                      "Actual Rows": 73,
                                                      "Actual Loops": 1,
                                                      "Node Type": "Sort"
                                                    }
                                                  ],
                                                  "Actual Time": 3.19800000000032,
                                                  "Actual Rows": 23,
                                                  "Actual Loops": 1,
                                                  "Node Type": "Merge Join"
                                                },
                                                {
                                                  "Our Qerror": 1.0,
                                                  "Our Estimated Time": 463.62521499267586,
                                                  "Postgres Qerror": 4.010028755917078,
                                                  "Postgres Estimated Time": 4010.028755917079,