{
  "Actual Time": 22.718999999997322,
  "Actual Plan Time": 31706.385,
  "Postgres Qerror": 2.1308303958982,
  "Our Estimated Time": 4.061091297444736,
  "Actual Rows": 1,
  "Actual Loops": 1,
  "Postgres Estimated Plan Time": 67560.92890205074,
  "Our Qerror": 1.0515527690349171,
  "Node Type": "Aggregate",
  "Our Weighted Qerror": 1.1390533818000632,
  "Our Estimated Plan Time": 33340.93694283716,
  "Postgres Estimated Time": 4.061091297444736,
  "Nodes": [
    {
      "Actual Time": 241.60000000000218,
      "Our Qerror": 1.0,
      "Node Type": "Merge Join",
      "Postgres Qerror": 1.0,
      "Our Estimated Time": 135.61058512157254,
      "Postgres Estimated Time": 141.1520028062797,
      "Actual Rows": 26153,
      "Actual Loops": 1,
      "Nodes": [
        {
          "Actual Time": 28.531999999999243,
          "Our Qerror": 1.0,
          "Node Type": "Sort",
          "Postgres Qerror": 1.0,
          "Our Estimated Time": 9.681652931528399,
          "Postgres Estimated Time": 105.8422904995317,
          "Actual Rows": 26154,
          "Actual Loops": 1,
          "Nodes": [
            {
              "Actual Time": 10.151999999998225,
              "Our Qerror": 1.0,
              "Node Type": "Merge Join",
              "Postgres Qerror": 1.0,
              "Our Estimated Time": 477.8564321521728,
              "Postgres Estimated Time": 9.992384687662813,
              "Actual Rows": 42900,
              "Actual Loops": 1,
              "Nodes": [
                {
                  "Actual Time": 14.484000000000378,
                  "Our Qerror": 1.0,
                  "Node Type": "Sort",
                  "Postgres Qerror": 1.0,
                  "Our Estimated Time": 12.889440179542564,
                  "Postgres Estimated Time": 116.0892521324602,
                  "Actual Rows": 42901,
                  "Actual Loops": 1,
                  "Nodes": [
                    {
                      "Actual Time": 17.558000000000902,
                      "Our Qerror": 1.0,
                      "Node Type": "Merge Join",
                      "Postgres Qerror": 1.0,
                      "Our Estimated Time": 250.32894175647166,
                      "Postgres Estimated Time": 14.501387913103798,
                      "Actual Rows": 46694,
                      "Actual Loops": 1,
                      "Nodes": [
                        {
                          "Actual Time": 51.547999999998865,
                          "Our Qerror": 1.0,
                          "Node Type": "Sort",
                          "Postgres Qerror": 1.0,
                          "Our Estimated Time": 38.00343635964228,
                          "Postgres Estimated Time": 385.4049407473654,
                          "Actual Rows": 93389,
                          "Actual Loops": 1,
                          "Nodes": [
                            {
                              "Actual Time": 182.4860000000008,
                              "Our Qerror": 1.0,
                              "Node Type": "Merge Join",
                              "Postgres Qerror": 1.0,
                              "Our Estimated Time": 181.194668111988,
                              "Postgres Estimated Time": 134.39890168793727,
                              "Actual Rows": 140982,
                              "Actual Loops": 1,
                              "Nodes": [
                                {
                                  "Actual Time": 87.26699999999983,
                                  "Our Qerror": 1.0,
                                  "Node Type": "Merge Join",
                                  "Postgres Qerror": 1.0,
                                  "Our Estimated Time": 327.4287474123224,
                                  "Postgres Estimated Time": 61.29017680661842,
                                  "Actual Rows": 204379,
                                  "Actual Loops": 1,
                                  "Nodes": [
                                    {
                                      "Actual Time": 190.59900000000016,
                                      "Our Qerror": 1.0,
                                      "Node Type": "Merge Join",
                                      "Postgres Qerror": 1.0,
                                      "Our Estimated Time": 210.53523269969827,
                                      "Postgres Estimated Time": 142.86690850301403,
                                      "Actual Rows": 191689,
                                      "Actual Loops": 1,
                                      "Nodes": [
                                        {
                                          "Actual Time": 389.9949999999999,
                                          "Our Qerror": 1.0,
                                          "Node Type": "Merge Join",
                                          "Postgres Qerror": 1.0,
                                          "Our Estimated Time": 213.29276016982996,
                                          "Postgres Estimated Time": 214.16554141522462,
                                          "Actual Rows": 76714,
                                          "Actual Loops": 1,
                                          "Nodes": [
                                            {
                                              "Actual Time": 37.38100000000031,
                                              "Our Qerror": 1.0,
                                              "Node Type": "Sort",
                                              "Postgres Qerror": 1.0,
                                              "Our Estimated Time": 15.027983762768077,
                                              "Postgres Estimated Time": 199.25617158941787,
                                              "Actual Rows": 76714,
                                              "Actual Loops": 1,
                                              "Nodes": [
                                                {
                                                  "Actual Time": 117.67000000000007,
                                                  "Our Qerror": 1.0,
                                                  "Node Type": "Merge Join",
                                                  "Postgres Qerror": 1.0,
                                                  "Our Estimated Time": 340.17389135279285,
                                                  "Postgres Estimated Time": 363.1492160542181,
                                                  "Actual Rows": 76714,
                                                  "Actual Loops": 1,
                                                  "Nodes": [
                                                    {
                                                      "Actual Time": 0.04599999999999227,
                                                      "Our Qerror": 1.0,
                                                      "Node Type": "Sort",
                                                      "Postgres Qerror": 1.0,
                                                      "Our Estimated Time": 0.00084107317342247,
                                                      "Postgres Estimated Time": 0.0035949486217594522,
                                                      "Actual Rows": 7,
                                                      "Actual Loops": 1,
                                                      "Nodes": [
                                                        {
                                                          "Actual Time": 83.429,
                                                          "Our Qerror": 1.0,
                                                          "Node Type": "Seq Scan",
                                                          "Our Estimated Time": 52.42763087770377,