{
  "Our Estimated Time": 0.0010008182242172,
  "Our Estimated Plan Time": 5069.6806311948685,
  "Postgres Weighted Qerror": 3.6980459548866333,
  "Our Qerror": 1.090016393931618,
  "Postgres Estimated Plan Time": 20896.33552095585,
  "Nodes": [
    {
      "Our Estimated Time": 2.6084912132100175,
      "Postgres Qerror": 1.0,
      "Actual Time": 0.12999999999919964,
      "Our Qerror": 1.0,
      "Actual Loops": 1,
      "Nodes": [
        {
          "Our Estimated Time": 0.23011325341954497,
          "Postgres Qerror": 1.0,
          "Actual Time": 17.765000000000327,
          "Our Qerror": 1.0,
          "Actual Loops": 1,
          "Nodes": [
            {
              "Our Estimated Time": 313.17964450710843,
              "Postgres Qerror": 1.0,
              "Actual Time": 392.9900000000007,
              "Our Qerror": 1.0,
              "Actual Loops": 1,
              "Nodes": [
                {
                  "Our Estimated Time": 27.205133518348273,
                  "Postgres Qerror": 1.0,
                  "Actual Time": 54.373999999999796,
                  "Our Qerror": 1.0,
                  "Actual Loops": 1,
                  "Nodes": [
                    {
                      "Our Estimated Time": 0.047368569830826664,
                      "Postgres Qerror": 1.0,
                      "Actual Time": 0.18400000000008276,
                      "Our Qerror": 1.0,
                      "Actual Loops": 1,
                      "Nodes": [
                        {
                          "Our Estimated Time": 18.77402610124556,
                          "Postgres Qerror": 1.0,
                          "Actual Time": 0.9279999999999973,
                          "Our Qerror": 1.0,
                          "Actual Loops": 1,
                          "Nodes": [
                            {
                              "Our Estimated Time": 6.91418225144e-05,
                              "Postgres Qerror": 1.0,
                              "Actual Time": 0.019000000000000003,
                              "Our Qerror": 1.0,
                              "Actual Loops": 1,
                              "Nodes": [
                                {
                                  "Our Estimated Time": 3.0769360236090764,
                                  "Postgres Qerror": 1.0,
                                  "Actual Time": 0.093,
                                  "Our Qerror": 1.0,
                                  "Actual Loops": 1,
                                  "Actual Rows": 1,
                                  "Node Type": "Seq Scan",
                                  "Postgres Estimated Time": 3.0769360236090764
                                }
                              ],
                              "Actual Rows": 1,
                              "Node Type": "Sort",
                              "Postgres Estimated Time": 7.76397001419e-05
                            },
                            {
                              "Our Estimated Time": 1.7403670469539723,
                              "Postgres Qerror": 1.0,
                              "Actual Time": 4.941000000000031,
                              "Our Qerror": 1.0,
                              "Actual Loops": 1,
                              "Nodes": [
                                {
                                  "Our Estimated Time": 471.213957693368,
                                  "Postgres Qerror": 1.0,
                                  "Actual Time": 604.963,
                                  "Our Qerror": 1.0,
                                  "Actual Loops": 1,
                                  "Actual Rows": 7793,
                                  "Node Type": "Seq Scan",
                                  "Postgres Estimated Time": 471.213957693368
                                }
                              ],
                              "Actual Rows": 7785,
                              "Node Type": "Sort",
                              "Postgres Estimated Time": 16.249075644981648
                            }
                          ],
                          "Actual Rows": 305,
                          "Node Type": "Merge Join",
                          "Postgres Estimated Time": 0.6524840399925277
                        }
                      ],
                      "Actual Rows": 305,
                      "Node Type": "Sort",
                      "Postgres Estimated Time": 0.4145281349668646
                    },
                    {
                      "Our Estimated Time": 159.11515473754773,
                      "Postgres Qerror": 1.160356243854661,
                      "Actual Time": 313.46799999999985,
                      "Our Qerror": 1.0,
                      "Actual Loops": 1,
                      "Nodes": [
                        {
                          "Our Estimated Time": 1530.3370810894705,
                          "Postgres Qerror": 1.1355459012748068,
                          "Actual Time": 1737.768,
                          "Our Qerror": 1.1355459012748068,
                          "Actual Loops": 1,
                          "Actual Rows": 391666,
                          "Node Type": "Seq Scan",
                          "Postgres Estimated Time": 1530.3370810894705
                        }
                      ],
                      "Actual Rows": 389749,
                      "Node Type": "Sort",
                      "Postgres Estimated Time": 1160.356243854661
                    }
                  ],
                  "Actual Rows": 72,
                  "Node Type": "Merge Join",
                  "Postgres Estimated Time": 30.44369102114112
                },
                {
                  "Our Estimated Time": 1094.147749781791,
                  "Postgres Qerror": 10.20480336051976,
                  "Actual Time": 1556.357,
                  "Our Qerror": 1.4224376920853594,
                  "Actual Loops": 1,
                  "Nodes": [
                    {
                      "Our Estimated Time": 1395.5691526106655,
                      "Postgres Qerror": 1.3955691526106655,
                      "Actual Time": 752.643,
                      "Our Qerror": 1.3955691526106655,
                      "Actual Loops": 1,
                      "Actual Rows": 4523930,
                      "Node Type": "Seq Scan",
                      "Postgres Estimated Time": 1395.5691526106655
                    }
                  ],
                  "Actual Rows": 4198825,
                  "Node Type": "Sort",
                  "Postgres Estimated Time": 15882.31714376845
                }
              ],
              "Actual Rows": 1070,
              "Node Type": "Merge Join",
              "Postgres Estimated Time": 351.4083076796596
            }
          ],
          "Actual Rows": 1070,
          "Node Type": "Sort",
          "Postgres Estimated Time": 1.755097088906155
        },
        {
          "Our Estimated Time": 0.005163948630652791,
          "Postgres Qerror": 1.0,
          "Actual Time": 0.04399999999999693,
          "Our Qerror": 1.0,
          "Actual Loops": 1,
          "Nodes": [
            {
              "Our Estimated Time": 52.4292211396216,
              "Postgres Qerror": 1.0,
              "Actual Time": 89.324,
              "Our Qerror": 1.0,
              "Actual Loops": 1,
              "Actual Rows": 30,
              "Node Type": "Seq Scan",
              "Postgres Estimated Time": 52.4292211396216
            }
          ],
          "Actual Rows": 26,
          "Node Type": "Sort",
          "Postgres Estimated Time": 0.02518736187258627
        }
      ],
      "Actual Rows": 6,
      "Node Type": "Merge Join",
      "Postgres Estimated Time": 0.0863353465577928
    }
  ],
  "Our Weighted Qerror": 1.215477017904476,
  "Node Type": "Aggregate",
  "Actual Rows": 1,