{
  "Our Estimated Plan Time": 36627.25003407306,
  "Our Estimated Time": 0.0050380826315960005,
  "Actual Loops": 1,
  "Postgres Qerror": 5.735152381098683,
  "Actual Time": 0.052999999999883585,
  "Actual Rows": 1,
  "Actual Plan Time": 30135.191,
  "Our Weighted Qerror": 1.3185199221809243,
  "Postgres Estimated Time": 0.0050380826315960005,
  "Our Qerror": 1.2154311560219766,
  "Postgres Estimated Plan Time": 172829.9124185136,
  "Postgres Weighted Qerror": 5.645718290219372,
  "Node Type": "Aggregate",
  "Nodes": [
    {
      "Postgres Qerror": 1.0,
      "Actual Time": 0.037000000000261934,
      "Actual Rows": 32,
      "Postgres Estimated Time": 0.0075310509137643,
      "Our Qerror": 1.0,
      "Our Estimated Time": 449.94981491305737,
      "Node Type": "Merge Join",
      "Nodes": [
        {
          "Postgres Qerror": 1.0,
          "Actual Time": 18.007999999997992,
          "Actual Rows": 32,
          "Postgres Estimated Time": 0.027329174449948798,
          "Our Qerror": 1.0,
          "Our Estimated Time": 0.004371331970469771,
          "Node Type": "Sort",
          "Nodes": [
            {
              "Postgres Qerror": 1.0,
              "Actual Time": 0.021000000000640284,
              "Actual Rows": 32,
              "Postgres Estimated Time": 0.013431668124548699,
              "Our Qerror": 1.0,
              "Our Estimated Time": 136.23585923841307,
              "Node Type": "Merge Join",
              "Nodes": [
                {
                  "Postgres Qerror": 1.0,
                  "Actual Time": 0.05500000000029104,
                  "Actual Rows": 108,
                  "Postgres Estimated Time": 0.1243709686523404,
                  "Our Qerror": 1.0,
                  "Our Estimated Time": 0.01732337252012841,
                  "Node Type": "Sort",
                  "Nodes": [
                    {
                      "Postgres Qerror": 1.0,
                      "Actual Time": 46.11499999999796,
                      "Actual Rows": 110,
                      "Postgres Estimated Time": 26.468616013575982,
                      "Our Qerror": 1.0,
                      "Our Estimated Time": 23.734132160022824,
                      "Node Type": "Merge Join",
                      "Nodes": [
                        {
                          "Postgres Qerror": 1.0,
                          "Actual Time": 3.94800000000032,
                          "Actual Rows": 510,
                          "Postgres Estimated Time": 2.6685541335772456,
                          "Our Qerror": 1.0,
                          "Our Estimated Time": 9.531108330269031,
                          "Node Type": "Merge Join",
                          "Nodes": [
                            {
                              "Postgres Qerror": 1.0,
                              "Actual Time": 1.4969999999993888,
                              "Actual Rows": 3354,
                              "Postgres Estimated Time": 6.359922967100354,
                              "Our Qerror": 1.0,
                              "Our Estimated Time": 0.820381086360457,
                              "Node Type": "Sort",
                              "Nodes": [
                                {
                                  "Postgres Qerror": 1.0,
                                  "Actual Time": 70.68699999999808,
                                  "Actual Rows": 3354,
                                  "Postgres Estimated Time": 43.44632216270568,
                                  "Our Qerror": 1.0,
                                  "Our Estimated Time": 41.8951115429888,
                                  "Node Type": "Merge Join",
                                  "Nodes": [
                                    {
                                      "Postgres Qerror": 1.5078032900815217,
                                      "Actual Time": 1867.2819999999992,
                                      "Actual Rows": 9590,
                                      "Postgres Estimated Time": 2815.493943110003,
                                      "Our Qerror": 1.3434319520374758,
                                      "Our Estimated Time": 2508.5663022644408,
                                      "Node Type": "Merge Join",
                                      "Nodes": [
                                        {
                                          "Postgres Qerror": 1.0,
                                          "Actual Time": 30.110999999999876,
                                          "Actual Rows": 62,
                                          "Postgres Estimated Time": 52.39592803776263,
                                          "Our Qerror": 1.0,
                                          "Our Estimated Time": 46.71088257191912,
                                          "Node Type": "Merge Join",
                                          "Nodes": [
                                            {
                                              "Postgres Qerror": 1.0,
                                              "Actual Time": 0.3350000000000364,
                                              "Actual Rows": 44,
                                              "Postgres Estimated Time": 0.06459623051806081,
                                              "Our Qerror": 1.0,
                                              "Our Estimated Time": 0.009545874073243442,
                                              "Node Type": "Sort",
                                              "Nodes": [
                                                {
                                                  "Postgres Qerror": 1.1718864859286293,
                                                  "Actual Time": 2381.262,
                                                  "Actual Rows": 64,
                                                  "Postgres Estimated Time": 2031.9903238008878,
                                                  "Our Qerror": 1.1718864859286293,
                                                  "Our Estimated Time": 2031.9903238008878,
                                                  "Node Type": "Seq Scan",
                                                  "Actual Loops": 1
                                                }
                                              ],
                                              "Actual Loops": 1
                                            },
                                            {
                                              "Postgres Qerror": 2.081053569329099,
                                              "Actual Time": 311.095,
                                              "Actual Rows": 320093,
                                              "Postgres Estimated Time": 2081.053569329099,
                                              "Our Qerror": 1.0,
                                              "Our Estimated Time": 327.8269576992619,
                                              "Node Type": "Sort",
                                              "Nodes": [
                                                {
                                                  "Postgres Qerror": 1.0,
                                                  "Actual Time": 418.928,
                                                  "Actual Rows": 674692,
                                                  "Postgres Estimated Time": 539.3431664200573,
                                                  "Our Qerror": 1.0,
                                                  "Our Estimated Time": 539.3431664200573,
                                                  "Node Type": "Seq Scan",
                                                  "Actual Loops": 1
                                                }
                                              ],