{
  "Actual Plan Time": 28890.262,
  "Actual Loops": 1,
  "Our Estimated Plan Time": 35256.84544208309,
  "Our Qerror": 1.2203712601181358,
  "Postgres Estimated Time": 0.0025536122270552,
  "Postgres Qerror": 5.868427516386438,
  "Postgres Weighted Qerror": 5.827765745823201,
  "Node Type": "Aggregate",
  "Our Estimated Time": 0.0025536122270552,
  "Nodes": [
    {
      "Nodes": [
        {
          "Nodes": [
            {
              "Nodes": [
                {
                  "Nodes": [
                    {
                      "Nodes": [
                        {
                          "Nodes": [
                            {
                              "Nodes": [
                                {
                                  "Nodes": [
                                    {
                                      "Nodes": [
                                        {
                                          "Nodes": [
                                            {
                                              "Nodes": [
                                                {
                                                  "Our Estimated Time": 2031.9903238008878,
                                                  "Actual Loops": 1,
                                                  "Node Type": "Seq Scan",
                                                  "Our Qerror": 1.1668495524943916,
                                                  "Actual Time": 2371.027,
                                                  "Postgres Estimated Time": 2031.9903238008878,
                                                  "Actual Rows": 64,
                                                  "Postgres Qerror": 1.1668495524943916
                                                }
                                              ],
                                              "Our Estimated Time": 0.009545874073243442,
                                              "Actual Loops": 1,
                                              "Node Type": "Sort",
                                              "Our Qerror": 1.0,
                                              "Actual Time": 0.3510000000001128,
                                              "Postgres Estimated Time": 0.06459623051806081,
                                              "Actual Rows": 37,
                                              "Postgres Qerror": 1.0
                                            },
                                            {
                                              "Nodes": [
                                                {
                                                  "Our Estimated Time": 539.3431664200573,
                                                  "Actual Loops": 1,
                                                  "Node Type": "Seq Scan",
                                                  "Our Qerror": 1.0,
                                                  "Actual Time": 417.088,
                                                  "Postgres Estimated Time": 539.3431664200573,
                                                  "Actual Rows": 674692,
                                                  "Postgres Qerror": 1.0
                                                }
                                              ],
                                              "Our Estimated Time": 327.8260588555692,
                                              "Actual Loops": 1,
                                              "Node Type": "Sort",
                                              "Our Qerror": 1.0,
                                              "Actual Time": 305.431,
                                              "Postgres Estimated Time": 2081.053569329099,
                                              "Actual Rows": 277874,
                                              "Postgres Qerror": 2.081053569329099
                                            }
                                          ],
                                          "Our Estimated Time": 46.698152548002085,
                                          "Actual Loops": 1,
                                          "Node Type": "Merge Join",
                                          "Our Qerror": 1.0,
                                          "Actual Time": 26.927000000000135,
                                          "Postgres Estimated Time": 52.39336592765795,
                                          "Actual Rows": 49,
                                          "Postgres Qerror": 1.0
                                        },
                                        {
                                          "Nodes": [
                                            {
                                              "Our Estimated Time": 12939.903445346197,
                                              "Actual Loops": 1,
                                              "Node Type": "Seq Scan",
                                              "Our Qerror": 1.9388829920853123,
                                              "Actual Time": 6673.896,
                                              "Postgres Estimated Time": 12939.903445346197,
                                              "Actual Rows": 36244344,
                                              "Postgres Qerror": 1.9388829920853123
                                            }
                                          ],
                                          "Our Estimated Time": 11764.663817166296,
                                          "Actual Loops": 1,
                                          "Node Type": "Sort",
                                          "Our Qerror": 1.0923520807495033,
                                          "Actual Time": 12851.154999999999,
                                          "Postgres Estimated Time": 144140.12930384532,
                                          "Actual Rows": 17655576,
                                          "Postgres Qerror": 11.216122543370252
                                        }
                                      ],
                                      "Our Estimated Time": 2507.8408793687377,
                                      "Actual Loops": 1,
                                      "Node Type": "Merge Join",
                                      "Our Qerror": 1.5186996486232347,
                                      "Actual Time": 1651.308000000001,
                                      "Postgres Estimated Time": 2815.071816060332,
                                      "Actual Rows": 6878,
                                      "Postgres Qerror": 1.7047527269657328
                                    },
                                    {
                                      "Nodes": [
                                        {
                                          "Our Estimated Time": 2689.0124012626443,
                                          "Actual Loops": 1,
                                          "Node Type": "Seq Scan",
                                          "Our Qerror": 1.005137954926609,
                                          "Actual Time": 2675.267,
                                          "Postgres Estimated Time": 2689.0124012626443,
                                          "Actual Rows": 91976,
                                          "Postgres Qerror": 1.005137954926609
                                        }
                                      ],
                                      "Our Estimated Time": 33.878319175304846,
                                      "Actual Loops": 1,
                                      "Node Type": "Sort",
                                      "Our Qerror": 1.0,
                                      "Actual Time": 47.92399999999998,