{
  "Postgres Estimated Time": 0.00969646464011,
  "Postgres Estimated Plan Time": 31429.473075085243,
  "Actual Loops": 1,
  "Our Estimated Time": 0.00969646464011,
  "Our Estimated Plan Time": 21598.59572899122,
  "Our Weighted Qerror": 1.1283677487780088,
  "Our Qerror": 1.0911790238006782,
  "Actual Plan Time": 19793.815,
  "Actual Time": 0.08599999999933061,
  "Actual Rows": 1,
  "Node Type": "Aggregate",
  "Nodes": [
    {
      "Postgres Estimated Time": 196.3118265293939,
      "Actual Time": 342.68099999999686,
      "Actual Rows": 62,
      "Node Type": "Merge Join",
      "Our Estimated Time": 174.84353430274962,
      "Nodes": [
        {
          "Postgres Estimated Time": 3.684159051133439,
          "Actual Time": 5.230999999999767,
          "Actual Rows": 62,
          "Node Type": "Merge Join",
          "Our Estimated Time": 3.895957194412318,
          "Nodes": [
            {
              "Postgres Estimated Time": 120.5240362990233,
              "Actual Time": 41.264000000000124,
              "Actual Rows": 46669,
              "Node Type": "Sort",
              "Our Estimated Time": 15.068919450633544,
              "Nodes": [
                {
                  "Postgres Estimated Time": 11.488424069697086,
                  "Actual Time": 9.531999999999925,
                  "Actual Rows": 48328,
                  "Node Type": "Merge Join",
                  "Our Estimated Time": 452.83135795868895,
                  "Nodes": [
                    {
                      "Postgres Estimated Time": 13.861615312233063,
                      "Actual Time": 5.241999999999962,
                      "Actual Rows": 2418,
                      "Node Type": "Sort",
                      "Our Estimated Time": 2.095602715583105,
                      "Nodes": [
                        {
                          "Postgres Estimated Time": 131.83906409641014,
                          "Actual Time": 272.285,
                          "Actual Rows": 6752,
                          "Node Type": "Seq Scan",
                          "Our Estimated Time": 131.83906409641014,
                          "Postgres Qerror": 1.0,
                          "Our Qerror": 1.0,
                          "Actual Loops": 1
                        }
                      ],
                      "Postgres Qerror": 1.0,
                      "Our Qerror": 1.0,
                      "Actual Loops": 1
                    },
                    {
                      "Postgres Estimated Time": 122.07126701156024,
                      "Actual Time": 23.69100000000003,
                      "Actual Rows": 48897,
                      "Node Type": "Sort",
                      "Our Estimated Time": 14.926249828601735,
                      "Nodes": [
                        {
                          "Postgres Estimated Time": 1181.2142712329978,
                          "Actual Time": 868.706,
                          "Actual Rows": 48897,
                          "Node Type": "Seq Scan",
                          "Our Estimated Time": 1181.2142712329978,
                          "Postgres Qerror": 1.1812142712329978,
                          "Our Qerror": 1.1812142712329978,
                          "Actual Loops": 1
                        }
                      ],
                      "Postgres Qerror": 1.0,
                      "Our Qerror": 1.0,
                      "Actual Loops": 1
                    }
                  ],
                  "Postgres Qerror": 1.0,
                  "Our Qerror": 1.0,
                  "Actual Loops": 1
                }
              ],
              "Postgres Qerror": 1.0,
              "Our Qerror": 1.0,
              "Actual Loops": 1
            },
            {
              "Postgres Estimated Time": 1.0093882660283289,
              "Actual Time": 0.227999999999156,
              "Actual Rows": 681,
              "Node Type": "Sort",
              "Our Estimated Time": 0.14230032831113135,
              "Nodes": [
                {
                  "Postgres Estimated Time": 0.30232899235255856,
                  "Actual Time": 0.35900000000037835,
                  "Actual Rows": 659,
                  "Node Type": "Merge Join",
                  "Our Estimated Time": 119.04759126477136,
                  "Nodes": [
                    {
                      "Postgres Estimated Time": 4.730302542593086,
                      "Actual Time": 0.6489999999994325,
                      "Actual Rows": 2575,
                      "Node Type": "Sort",
                      "Our Estimated Time": 0.3703773796529276,
                      "Nodes": [
                        {
                          "Postgres Estimated Time": 7.794948254546618,
                          "Actual Time": 9.479000000001179,
                          "Actual Rows": 2575,
                          "Node Type": "Merge Join",
                          "Our Estimated Time": 19.784611944303165,
                          "Nodes": [
                            {
                              "Postgres Estimated Time": 46.89220497410363,
                              "Actual Time": 62.541999999999916,
                              "Actual Rows": 2154,
                              "Node Type": "Merge Join",
                              "Our Estimated Time": 43.67643139964621,
                              "Nodes": [
                                {
                                  "Postgres Estimated Time": 2838.629078266697,
                                  "Actual Time": 466.47200000000004,
                                  "Actual Rows": 578753,
                                  "Node Type": "Sort",
                                  "Our Estimated Time": 351.28206612319735,
                                  "Nodes": [
                                    {
                                      "Postgres Estimated Time": 485.0342293897681,
                                      "Actual Time": 315.968,
                                      "Actual Rows": 901343,
                                      "Node Type": "Seq Scan",
                                      "Our Estimated Time": 485.0342293897681,
                                      "Postgres Qerror": 1.0,
                                      "Our Qerror": 1.0,
                                      "Actual Loops": 1
                                    }
                                  ],
                                  "Postgres Qerror": 2.838629078266697,
                                  "Our Qerror": 1.0,
                                  "Actual Loops": 1
                                },
                                {
                                  "Postgres Estimated Time": 48.22506704435444,
                                  "Actual Time": 12.934999999999945,
                                  "Actual Rows": 11996,
                                  "Node Type": "Sort",
                                  "Our Estimated Time": 6.458519890634802,
                                  "Nodes": [
                                    {
                                      "Postgres Estimated Time": 2684.0988376456585,
                                      "Actual Time": 2719.0,
                                      "Actual Rows": 20911,
                                      "Node Type": "Seq Scan",
                                      "Our Estimated Time": 2684.0988376456585,
                                      "Postgres Qerror": 1.0130029348639615,
                                      "Our Qerror": 1.0130029348639615,
                                      "Actual Loops": 1
                                    }
                                  ],
                                  "Postgres Qerror": 1.0,
                                  "Our Qerror": 1.0,