{
  "Postgres Estimated Plan Time": 39881.25758153008,
  "Our Qerror": 1.0956526867249972,
  "Our Weighted Qerror": 1.1418830518786485,
  "Actual Rows": 1,
  "Our Estimated Plan Time": 24529.460298219685,
  "Postgres Weighted Qerror": 1.5818235099745863,
  "Node Type": "Aggregate",
  "Actual Time": 0.06400000000212458,
  "Actual Plan Time": 22387.989,
  "Nodes": [
    {
      "Actual Time": 412.3050000000003,
      "Our Qerror": 1.0,
      "Nodes": [
        {
          "Actual Time": 23.016999999999825,
          "Our Qerror": 1.0,
          "Nodes": [
            {
              "Actual Time": 0.7550000000010186,
              "Our Qerror": 1.0,
              "Nodes": [
                {
                  "Actual Time": 0.03900000000066939,
                  "Our Qerror": 1.0,
                  "Nodes": [
                    {
                      "Actual Time": 0.014999999995779945,
                      "Our Qerror": 1.0,
                      "Nodes": [
                        {
                          "Actual Time": 0.03900000000066939,
                          "Our Qerror": 1.0,
                          "Nodes": [
                            {
                              "Actual Time": 68.57700000000114,
                              "Our Qerror": 1.0,
                              "Nodes": [
                                {
                                  "Actual Time": 18.421000000002095,
                                  "Our Qerror": 1.0,
                                  "Nodes": [
                                    {
                                      "Actual Time": 0.17300000000068394,
                                      "Our Qerror": 1.0,
                                      "Nodes": [
                                        {
                                          "Actual Time": 77.99499999999898,
                                          "Our Qerror": 1.0,
                                          "Nodes": [
                                            {
                                              "Actual Time": 63.42000000000007,
                                              "Our Qerror": 1.0,
                                              "Nodes": [
                                                {
                                                  "Actual Time": 493.93399999999997,
                                                  "Our Qerror": 1.0,
                                                  "Nodes": [
                                                    {
                                                      "Actual Time": 477.101,
                                                      "Our Qerror": 1.0,
                                                      "Actual Rows": 901343,
                                                      "Postgres Qerror": 1.0,
                                                      "Node Type": "Seq Scan",
                                                      "Postgres Estimated Time": 485.0342293897681,
                                                      "Actual Loops": 1,
                                                      "Our Estimated Time": 485.0342293897681
                                                    }
                                                  ],
                                                  "Actual Rows": 578344,
                                                  "Postgres Qerror": 2.838629078266697,
                                                  "Node Type": "Sort",
                                                  "Postgres Estimated Time": 2838.629078266697,
                                                  "Actual Loops": 1,
                                                  "Our Estimated Time": 446.0545495628345
                                                },
                                                {
                                                  "Actual Time": 3.911999999999807,
                                                  "Our Qerror": 1.0,
                                                  "Nodes": [
                                                    {
                                                      "Actual Time": 2649.842,
                                                      "Our Qerror": 1.0125233886069585,
                                                      "Actual Rows": 5409,
                                                      "Postgres Qerror": 1.0125233886069585,
                                                      "Node Type": "Seq Scan",
                                                      "Postgres Estimated Time": 2683.02700111304,
                                                      "Actual Loops": 1,
                                                      "Our Estimated Time": 2683.02700111304
                                                    }
                                                  ],
                                                  "Actual Rows": 5409,
                                                  "Postgres Qerror": 1.0,
                                                  "Node Type": "Sort",
                                                  "Postgres Estimated Time": 10.835753647726774,
                                                  "Actual Loops": 1,
                                                  "Our Estimated Time": 1.6796614247110322
                                                }
                                              ],
                                              "Actual Rows": 1296,
                                              "Postgres Qerror": 1.0,
                                              "Node Type": "Merge Join",
                                              "Postgres Estimated Time": 45.52364997970236,
                                              "Actual Loops": 1,
                                              "Our Estimated Time": 41.721522026336054
                                            },
                                            {
                                              "Actual Time": 365.3159999999989,
                                              "Our Qerror": 1.0,
                                              "Nodes": [
                                                {
                                                  "Actual Time": 11888.315,
                                                  "Our Qerror": 1.1185123751533481,
                                                  "Actual Rows": 713828,
                                                  "Postgres Qerror": 1.1185123751533481,
                                                  "Node Type": "Seq Scan",
                                                  "Postgres Estimated Time": 13297.227447221177,
                                                  "Actual Loops": 1,
                                                  "Our Estimated Time": 13297.227447221177
                                                }
                                              ],
                                              "Actual Rows": 711457,
                                              "Postgres Qerror": 2.210783371018425,
                                              "Node Type": "Sort",
                                              "Postgres Estimated Time": 2210.783371018425,
                                              "Actual Loops": 1,
                                              "Our Estimated Time": 190.57013595136638
                                            }
                                          ],
                                          "Actual Rows": 265,
                                          "Postgres Qerror": 1.0,
                                          "Node Type": "Merge Join",
                                          "Postgres Estimated Time": 55.5631619653513,
                                          "Actual Loops": 1,