{
  "Actual Loops": 1,
  "Postgres Estimated Plan Time": 55573.19339184363,
  "Actual Plan Time": 24335.443,
  "Our Estimated Plan Time": 26246.00228302713,
  "Node Type": "Aggregate",
  "Actual Time": 17.648999999997613,
  "Nodes": [
    {
      "Actual Loops": 1,
      "Actual Rows": 8144,
      "Our Estimated Time": 45.82674891113852,
      "Actual Time": 23.03900000000067,
      "Nodes": [
        {
          "Actual Loops": 1,
          "Actual Rows": 18345,
          "Our Estimated Time": 4.066869118981824,
          "Actual Time": 20.50300000000061,
          "Nodes": [
            {
              "Actual Loops": 1,
              "Actual Rows": 18345,
              "Our Estimated Time": 188.85301840525597,
              "Actual Time": 250.97099999999773,
              "Nodes": [
                {
                  "Actual Loops": 1,
                  "Actual Rows": 7726,
                  "Our Estimated Time": 178.7249886892481,
                  "Actual Time": 356.02999999999884,
                  "Nodes": [
                    {
                      "Actual Loops": 1,
                      "Actual Rows": 7726,
                      "Our Estimated Time": 2.0291017275954513,
                      "Actual Time": 3.922000000002299,
                      "Nodes": [
                        {
                          "Actual Loops": 1,
                          "Actual Rows": 7726,
                          "Our Estimated Time": 220.76690253555404,
                          "Actual Time": 426.6939999999995,
                          "Nodes": [
                            {
                              "Actual Loops": 1,
                              "Actual Rows": 7727,
                              "Our Estimated Time": 1.8466778066490703,
                              "Actual Time": 3.42699999999968,
                              "Nodes": [
                                {
                                  "Actual Loops": 1,
                                  "Actual Rows": 8204,
                                  "Our Estimated Time": 466.59746914643125,
                                  "Actual Time": 1.9200000000000728,
                                  "Nodes": [
                                    {
                                      "Actual Loops": 1,
                                      "Actual Rows": 8204,
                                      "Our Estimated Time": 1.2704445762806196,
                                      "Actual Time": 2.529000000000451,
                                      "Nodes": [
                                        {
                                          "Actual Loops": 1,
                                          "Actual Rows": 8204,
                                          "Our Estimated Time": 67.1289590403772,
                                          "Actual Time": 97.81999999999789,
                                          "Nodes": [
                                            {
                                              "Actual Loops": 1,
                                              "Actual Rows": 10525,
                                              "Our Estimated Time": 53.924354928260456,
                                              "Actual Time": 76.40499999999975,
                                              "Nodes": [
                                                {
                                                  "Actual Loops": 1,
                                                  "Actual Rows": 578866,
                                                  "Our Estimated Time": 446.0545495628345,
                                                  "Actual Time": 487.457,
                                                  "Nodes": [
                                                    {
                                                      "Actual Loops": 1,
                                                      "Actual Rows": 901343,
                                                      "Our Estimated Time": 485.0342293897681,
                                                      "Actual Time": 335.321,
                                                      "Our Qerror": 1.0,
                                                      "Node Type": "Seq Scan",
                                                      "Postgres Estimated Time": 485.0342293897681,
                                                      "Postgres Qerror": 1.0
                                                    }
                                                  ],
                                                  "Node Type": "Sort",
                                                  "Postgres Estimated Time": 2838.629078266697,
                                                  "Our Qerror": 1.0,
                                                  "Postgres Qerror": 2.838629078266697
                                                },
                                                {
                                                  "Actual Loops": 1,
                                                  "Actual Rows": 50011,
                                                  "Our Estimated Time": 18.338469087654076,
                                                  "Actual Time": 37.46300000000019,
                                                  "Nodes": [
                                                    {
                                                      "Actual Loops": 1,
                                                      "Actual Rows": 50011,
                                                      "Our Estimated Time": 2686.1108646808275,
                                                      "Actual Time": 2581.127,
                                                      "Our Qerror": 1.040673653284332,
                                                      "Node Type": "Seq Scan",
                                                      "Postgres Estimated Time": 2686.1108646808275,
                                                      "Postgres Qerror": 1.040673653284332
                                                    }
                                                  ],
                                                  "Node Type": "Sort",
                                                  "Postgres Estimated Time": 125.10474653141073,
                                                  "Our Qerror": 1.0,
                                                  "Postgres Qerror": 1.0
                                                }
                                              ],
                                              "Node Type": "Merge Join",
                                              "Postgres Estimated Time": 50.460137394124644,
                                              "Our Qerror": 1.0,
                                              "Postgres Qerror": 1.0
                                            },
                                            {
                                              "Actual Loops": 1,
                                              "Actual Rows": 870085,
                                              "Our Estimated Time": 234.61646712534758,
                                              "Actual Time": 405.58100000000013,
                                              "Nodes": [
                                                {
                                                  "Actual Loops": 1,
                                                  "Actual Rows": 867477,
                                                  "Our Estimated Time": 13307.851019108693,
                                                  "Actual Time": 11948.459,
                                                  "Our Qerror": 1.113771325583382,
                                                  "Node Type": "Seq Scan",
                                                  "Postgres Estimated Time": 13307.851019108693,