{
  "Postgres Qerror": 2.4604539717635054,
  "Actual Time": 181.59599999999773,
  "Our Estimated Time": 75.01275238972119,
  "Actual Plan Time": 26738.244,
  "Our Weighted Qerror": 1.1382922829099988,
  "Postgres Estimated Plan Time": 65788.21864778172,
  "Nodes": [
    {
      "Nodes": [
        {
          "Nodes": [
            {
              "Nodes": [
                {
                  "Nodes": [
                    {
                      "Nodes": [
                        {
                          "Nodes": [
                            {
                              "Nodes": [
                                {
                                  "Nodes": [
                                    {
                                      "Nodes": [
                                        {
                                          "Nodes": [
                                            {
                                              "Nodes": [
                                                {
                                                  "Nodes": [
                                                    {
                                                      "Postgres Qerror": 1.1253153479670523,
                                                      "Our Estimated Time": 13307.851019108693,
                                                      "Actual Time": 11825.886,
                                                      "Actual Loops": 1,
                                                      "Postgres Estimated Time": 13307.851019108693,
                                                      "Actual Rows": 867477,
                                                      "Node Type": "Seq Scan",
                                                      "Our Qerror": 1.1253153479670523
                                                    }
                                                  ],
                                                  "Postgres Qerror": 2.724531430396844,
                                                  "Our Estimated Time": 172.78948635105922,
                                                  "Actual Time": 318.3590000000004,
                                                  "Actual Loops": 1,
                                                  "Postgres Estimated Time": 2724.5314303968444,
                                                  "Actual Rows": 867127,
                                                  "Node Type": "Sort",
                                                  "Our Qerror": 1.0
                                                },
                                                {
                                                  "Nodes": [
                                                    {
                                                      "Postgres Qerror": 1.0,
                                                      "Our Estimated Time": 3.06211108982079,
                                                      "Actual Time": 0.012,
                                                      "Actual Loops": 1,
                                                      "Postgres Estimated Time": 3.06211108982079,
                                                      "Actual Rows": 1,
                                                      "Node Type": "Seq Scan",
                                                      "Our Qerror": 1.0
                                                    }
                                                  ],
                                                  "Postgres Qerror": 1.0,
                                                  "Our Estimated Time": 13.186671726822514,
                                                  "Actual Time": 0.009000000000000001,
                                                  "Actual Loops": 1,
                                                  "Postgres Estimated Time": 21.441445429387954,
                                                  "Actual Rows": 1,
                                                  "Node Type": "Sort",
                                                  "Our Qerror": 1.0
                                                }
                                              ],
                                              "Postgres Qerror": 1.0,
                                              "Our Estimated Time": 277.97480466875083,
                                              "Actual Time": 121.69499999999789,
                                              "Actual Loops": 1,
                                              "Postgres Estimated Time": 110.20644876342138,
                                              "Actual Rows": 276166,
                                              "Node Type": "Merge Join",
                                              "Our Qerror": 1.0
                                            }
                                          ],
                                          "Postgres Qerror": 1.0,
                                          "Our Estimated Time": 69.87198286398782,
                                          "Actual Time": 92.33899999999994,
                                          "Actual Loops": 1,
                                          "Postgres Estimated Time": 796.5572531735759,
                                          "Actual Rows": 276166,
                                          "Node Type": "Sort",
                                          "Our Qerror": 1.0
                                        },
                                        {
                                          "Nodes": [
                                            {
                                              "Postgres Qerror": 1.0,
                                              "Our Estimated Time": 485.0342293897681,
                                              "Actual Time": 323.89,
                                              "Actual Loops": 1,
                                              "Postgres Estimated Time": 485.0342293897681,
                                              "Actual Rows": 901343,
                                              "Node Type": "Seq Scan",
                                              "Our Qerror": 1.0
                                            }
                                          ],
                                          "Postgres Qerror": 2.838629078266697,
                                          "Our Estimated Time": 480.868010333415,
                                          "Actual Time": 495.62700000000007,
                                          "Actual Loops": 1,
                                          "Postgres Estimated Time": 2838.629078266697,
                                          "Actual Rows": 1065822,
                                          "Node Type": "Sort",
                                          "Our Qerror": 1.0
                                        }
                                      ],
                                      "Postgres Qerror": 1.0,
                                      "Our Estimated Time": 407.8922795957503,
                                      "Actual Time": 196.31200000000172,
                                      "Actual Loops": 1,
                                      "Postgres Estimated Time": 169.6058659524841,
                                      "Actual Rows": 503508,
                                      "Node Type": "Merge Join",
                                      "Our Qerror": 1.0
                                    },
                                    {
                                      "Nodes": [
                                        {
                                          "Postgres Qerror": 1.014845176659801,
                                          "Our Estimated Time": 2425.5739265588268,
                                          "Actual Time": 2461.582,